symbol,date,direction,score,result,rMult,entry,sl,tp,rr,w1_in_favor,w1_touching_ema,w1_candle_rejection,w1_pattern,d1_in_favor,d1_aoi,d1_touching_ema,d1_candle_rejection,d1_structure_rejection,d1_pattern,h4_in_favor,h4_ema_touch,h4_candle_rejection,h4_pattern,psych_level,engulfing
EURUSD,2004-01-15,LONG,4,loss,-1.00,1.26030,1.25576,1.27826,3.96,0,0,0,0,1,1,0,0,0,0,1,1,0,0,0,0
USDCHF,2004-01-15,SHORT,4,loss,-1.00,1.24496,1.24844,1.23166,3.82,0,0,0,0,1,1,0,0,1,0,1,0,0,0,0,0
EURUSD,2004-01-16,LONG,3,loss,-1.00,1.23908,1.23408,1.25919,4.02,0,0,0,0,1,0,1,0,0,0,1,0,0,0,0,0
EURUSD,2004-01-19,LONG,4,win,3.39,1.23498,1.22939,1.25394,3.39,0,0,0,0,1,0,1,1,0,0,1,0,0,0,0,0
GBPUSD,2004-01-19,LONG,2,win,4.34,1.78578,1.77832,1.81817,4.34,0,0,0,0,1,0,0,0,0,0,1,0,0,0,0,0
GBPUSD,2004-01-19,LONG,2,win,3.33,1.78297,1.77832,1.79845,3.33,0,0,0,0,1,0,0,0,0,0,1,0,0,0,0,0
EURUSD,2004-01-29,LONG,5,win,5.68,1.23710,1.23323,1.25909,5.68,0,0,0,0,1,1,1,0,1,0,1,0,0,0,0,0
EURUSD,2004-01-30,LONG,4,win,2.63,1.23806,1.23323,1.25075,2.63,0,0,0,0,1,1,1,0,0,0,1,0,0,0,0,0
USDCHF,2004-02-02,SHORT,4,win,3.99,1.26266,1.26592,1.24966,3.99,0,0,0,0,1,0,1,1,0,0,1,0,0,0,0,0
USDJPY,2004-02-06,SHORT,6,win,5.67,106.61200,106.79800,105.55700,5.67,0,0,0,0,1,1,1,0,0,0,1,1,0,0,1,0
EURUSD,2004-02-06,LONG,6,win,3.17,1.25177,1.24919,1.25994,3.17,0,0,0,0,1,0,0,0,1,1,1,1,0,0,1,0
USDCHF,2004-02-16,SHORT,4,win,3.15,1.23756,1.24053,1.22821,3.15,0,0,0,0,1,0,0,0,0,0,1,1,0,1,0,0
EURUSD,2004-02-16,LONG,4,win,3.41,1.27418,1.27135,1.28382,3.41,0,0,0,0,1,0,0,0,0,1,1,1,0,0,0,0
GBPUSD,2004-02-18,LONG,3,loss,-1.00,1.88689,1.87836,1.91035,2.75,0,0,0,0,1,0,0,0,0,0,1,1,0,0,0,0
EURUSD,2004-02-18,LONG,5,loss,-1.00,1.26950,1.26482,1.28382,3.06,0,0,0,0,1,1,0,0,0,1,1,1,0,0,0,0
EURUSD,2004-02-19,LONG,6,loss,-1.00,1.26927,1.26482,1.28655,3.88,0,0,0,0,1,1,0,1,0,1,1,1,0,0,0,0
EURUSD,2004-02-19,LONG,6,loss,-1.00,1.26997,1.26482,1.28655,3.22,0,0,0,0,1,1,0,1,0,1,1,1,0,0,0,0
USDJPY,2004-02-20,SHORT,4,loss,-1.00,107.86200,108.19300,106.91700,2.85,0,0,0,0,1,0,0,0,0,0,1,0,1,0,1,0
EURUSD,2004-02-20,LONG,5,loss,-1.00,1.25583,1.25100,1.27525,4.02,0,0,0,0,1,1,1,0,0,1,1,0,0,0,0,0
USDCHF,2004-02-20,SHORT,2,loss,-1.00,1.26181,1.26580,1.24623,3.90,0,0,0,0,1,0,0,0,0,0,1,0,0,0,0,0
EURUSD,2004-02-25,LONG,7,loss,-1.00,1.24925,1.24494,1.26807,4.37,0,0,1,0,1,1,1,0,0,1,1,0,0,0,1,0
USDCHF,2004-02-25,SHORT,4,loss,-1.00,1.25948,1.26648,1.24034,2.73,0,0,1,0,1,1,0,0,0,0,1,0,0,0,0,0
EURUSD,2004-02-26,LONG,4,loss,-1.00,1.24192,1.23882,1.26405,7.14,0,0,1,0,1,0,0,0,0,1,1,0,0,0,0,0
GBPUSD,2004-02-26,LONG,3,loss,-1.00,1.85565,1.84550,1.89268,3.65,0,0,0,0,1,1,0,0,0,0,1,0,0,0,0,0
EURUSD,2004-02-26,LONG,4,loss,-1.00,1.24199,1.23882,1.25058,2.71,0,0,1,0,1,0,0,0,0,1,1,0,0,0,0,0
USDJPY,2004-04-06,SHORT,6,win,2.91,105.88900,106.19900,104.98700,2.91,0,0,0,0,1,1,0,1,0,0,1,1,0,0,1,0
USDCAD,2004-04-09,SHORT,4,loss,-1.00,1.32670,1.32925,1.31084,6.22,0,0,0,0,1,0,1,0,0,0,1,1,0,0,0,0
USDCAD,2004-04-12,SHORT,5,loss,-1.00,1.32620,1.32957,1.31084,4.56,0,0,0,0,1,1,1,0,0,0,1,1,0,0,0,0
USDCAD,2004-04-12,SHORT,3,loss,-1.00,1.33692,1.34283,1.31084,4.41,0,0,0,0,1,1,0,0,0,0,1,0,0,0,0,0
AUDUSD,2004-04-13,LONG,5,loss,-1.00,0.75908,0.75764,0.76746,5.82,0,0,0,0,1,0,1,0,1,0,1,1,0,0,0,0
USDJPY,2004-04-13,SHORT,6,loss,-1.00,106.94900,107.15000,105.10200,9.19,0,0,0,0,1,1,1,0,1,0,1,0,0,0,1,0
AUDUSD,2004-04-13,LONG,4,loss,-1.00,0.75436,0.75064,0.76746,3.52,0,0,0,0,1,0,1,0,1,0,1,0,0,0,0,0
AUDUSD,2004-04-14,LONG,3,loss,-1.00,0.74061,0.73670,0.75425,3.49,0,0,0,0,1,0,0,0,1,0,1,0,0,0,0,0
USDCAD,2004-05-20,LONG,4,loss,-1.00,1.37711,1.37432,1.38520,2.90,0,0,0,0,1,1,0,0,0,0,1,1,0,0,0,0
USDCAD,2004-05-24,LONG,4,loss,-1.00,1.36984,1.36600,1.38001,2.65,0,0,0,0,1,1,0,0,0,0,1,1,0,0,0,0
EURUSD,2004-05-25,SHORT,2,loss,-1.00,1.21049,1.21313,1.19926,4.25,0,0,0,0,1,0,0,0,0,0,1,0,0,0,0,0
USDCAD,2004-05-27,LONG,5,loss,-1.00,1.36633,1.36345,1.37526,3.10,0,0,0,0,1,0,1,0,0,0,1,1,1,0,0,0
NZDUSD,2004-05-27,SHORT,3,win,4.13,0.63453,0.63798,0.62028,4.13,0,0,0,0,1,1,0,0,0,0,1,0,0,0,0,0
USDCAD,2004-06-02,LONG,5,loss,-1.00,1.36115,1.35871,1.36817,2.88,0,0,0,0,1,0,1,0,1,0,1,1,0,0,0,0
USDCAD,2004-06-03,LONG,5,loss,-1.00,1.35757,1.35514,1.36520,3.14,0,0,0,0,1,0,1,0,1,0,1,1,0,0,0,0
USDCHF,2004-06-14,SHORT,3,loss,-1.00,1.25463,1.25710,1.24635,3.35,0,0,0,0,1,0,0,0,0,0,1,1,0,0,0,0
USDCHF,2004-06-16,SHORT,4,loss,-1.00,1.26250,1.26630,1.24916,3.51,0,0,0,0,1,0,1,0,0,0,1,1,0,0,0,0
USDCHF,2004-06-16,SHORT,3,win,2.52,1.26699,1.27388,1.24961,2.52,0,0,0,0,1,0,1,0,0,0,1,0,0,0,0,0
USDCHF,2004-06-16,SHORT,3,win,2.71,1.26734,1.27388,1.24961,2.71,0,0,0,0,1,0,1,0,0,0,1,0,0,0,0,0
USDCAD,2004-06-21,LONG,5,loss,-1.00,1.36483,1.36247,1.37414,3.94,0,0,0,0,1,0,1,0,0,0,1,1,0,0,0,1
USDCAD,2004-06-22,LONG,4,loss,-1.00,1.35778,1.35518,1.36542,2.94,0,0,0,0,1,0,1,0,0,0,1,1,0,0,0,0
AUDUSD,2004-06-28,SHORT,5,win,2.57,0.69947,0.70232,0.69215,2.57,0,0,0,0,1,1,1,0,0,0,1,0,0,0,1,0
AUDUSD,2004-06-28,SHORT,5,win,3.15,0.69987,0.70232,0.69215,3.15,0,0,0,0,1,1,1,0,0,0,1,0,0,0,1,0
GBPUSD,2004-06-29,LONG,5,loss,-1.00,1.80900,1.80420,1.82946,4.26,0,0,1,0,1,1,1,0,0,0,1,0,0,0,0,0
AUDUSD,2004-07-01,SHORT,5,loss,-1.00,0.70347,0.70770,0.69177,2.77,0,0,0,0,1,1,1,0,1,0,1,0,0,0,0,0
AUDUSD,2004-07-01,SHORT,5,loss,-1.00,0.70502,0.70770,0.69729,2.88,0,0,0,0,1,1,1,0,1,0,1,0,0,0,0,0
AUDUSD,2004-07-02,SHORT,3,loss,-1.00,0.71213,0.71740,0.69729,2.82,0,0,0,0,1,0,0,0,1,0,1,0,0,0,0,0
USDJPY,2004-07-05,SHORT,7,loss,-1.00,109.09000,109.31700,108.25400,3.68,0,0,1,0,1,1,1,0,0,0,1,1,0,0,1,0
USDJPY,2004-07-13,SHORT,7,loss,-1.00,109.37000,109.70700,108.20400,3.46,0,0,0,0,1,1,1,0,1,0,1,1,0,0,1,0
USDCHF,2004-07-13,SHORT,4,win,3.22,1.23624,1.23864,1.22851,3.22,0,0,0,0,1,0,0,0,0,1,1,1,0,0,0,0
USDCHF,2004-07-20,SHORT,4,loss,-1.00,1.23744,1.24068,1.22735,3.11,0,0,0,0,1,0,0,0,0,1,1,1,0,0,0,0
EURUSD,2004-07-20,LONG,5,loss,-1.00,1.23245,1.22979,1.24478,4.64,0,0,0,0,1,1,0,0,1,0,1,1,0,0,0,0
GBPUSD,2004-07-20,LONG,6,loss,-1.00,1.85138,1.84763,1.86597,3.89,0,0,0,0,1,1,0,0,0,1,1,1,0,0,1,0
EURUSD,2004-07-21,LONG,5,loss,-1.00,1.22940,1.22638,1.23795,2.83,0,0,0,0,1,0,1,0,1,0,1,1,0,0,0,0
USDCAD,2004-07-21,SHORT,5,win,3.12,1.32381,1.32709,1.31359,3.12,0,0,0,0,1,1,0,0,1,0,1,1,0,0,0,0
USDJPY,2004-07-21,SHORT,4,loss,-1.00,109.87500,110.23700,108.57500,3.59,0,0,0,0,1,1,0,0,0,0,1,0,0,0,1,0
EURUSD,2004-07-23,LONG,4,loss,-1.00,1.21791,1.21416,1.23424,4.35,0,0,0,0,1,0,1,0,1,0,1,0,0,0,0,0
GBPUSD,2004-07-23,LONG,6,loss,-1.00,1.83711,1.83211,1.85430,3.44,0,0,0,0,1,1,1,0,0,1,1,1,0,0,0,0
USDCHF,2004-07-23,SHORT,3,loss,-1.00,1.25498,1.25800,1.24551,3.14,0,0,0,0,1,0,0,0,0,1,1,0,0,0,0,0
USDCHF,2004-07-23,SHORT,3,loss,-1.00,1.26273,1.26752,1.24916,2.83,0,0,0,0,1,0,0,0,0,1,1,0,0,0,0,0
GBPUSD,2004-07-23,LONG,5,loss,-1.00,1.83228,1.82675,1.85430,3.98,0,0,0,0,1,1,1,0,0,1,1,0,0,0,0,0
EURUSD,2004-07-23,LONG,3,loss,-1.00,1.21015,1.20630,1.22259,3.23,0,0,0,0,1,0,0,0,1,0,1,0,0,0,0,0
USDCHF,2004-07-23,SHORT,3,loss,-1.00,1.26705,1.27029,1.25100,4.95,0,0,0,0,1,0,0,0,0,1,1,0,0,0,0,0
USDCAD,2004-07-26,SHORT,4,loss,-1.00,1.33154,1.33574,1.31343,4.31,0,1,0,0,1,0,1,0,0,0,1,0,0,0,0,0
USDCAD,2004-07-26,SHORT,5,loss,-1.00,1.33123,1.33574,1.31867,2.78,0,1,0,0,1,0,1,0,0,0,1,0,1,0,0,0
AUDUSD,2004-08-03,SHORT,3,loss,-1.00,0.70419,0.70630,0.69879,2.56,0,0,0,0,1,0,0,0,0,0,1,1,0,0,0,0
AUDUSD,2004-08-06,SHORT,4,loss,-1.00,0.71462,0.71795,0.69926,4.61,0,1,0,0,1,1,0,0,0,0,1,0,0,0,0,0
EURUSD,2004-08-12,LONG,4,loss,-1.00,1.22234,1.21937,1.23034,2.69,0,0,0,0,1,0,1,0,0,0,1,1,0,0,0,0
USDCAD,2004-08-12,SHORT,5,win,3.55,1.33165,1.33440,1.32188,3.55,0,1,0,0,1,1,1,0,0,0,1,0,0,0,0,0
USDCAD,2004-08-13,SHORT,6,win,2.84,1.33115,1.33440,1.32191,2.84,0,1,0,0,1,1,1,0,0,0,1,1,0,0,0,0
USDJPY,2004-08-16,LONG,6,loss,-1.00,110.70300,110.44500,111.93400,4.77,0,1,0,0,1,1,0,0,1,0,1,1,0,0,0,0
USDJPY,2004-08-18,LONG,5,loss,-1.00,109.68900,109.39900,110.52800,2.89,0,0,0,0,1,1,1,0,0,0,1,0,0,0,1,0
USDCHF,2004-08-20,SHORT,6,loss,-1.00,1.24830,1.25079,1.24157,2.70,0,0,0,0,1,1,1,0,0,0,1,1,0,0,1,0
EURUSD,2004-08-20,LONG,5,loss,-1.00,1.23104,1.22847,1.23790,2.67,0,0,0,0,1,1,0,0,1,0,1,1,0,0,0,0
USDCHF,2004-08-23,SHORT,4,loss,-1.00,1.25665,1.26267,1.24157,2.50,0,0,0,0,1,0,1,0,0,0,1,1,0,0,0,0
EURUSD,2004-08-23,LONG,4,loss,-1.00,1.21959,1.21750,1.22942,4.70,0,0,0,0,1,0,1,0,1,0,1,0,0,0,0,0
NZDUSD,2004-08-24,LONG,3,loss,-1.00,0.65551,0.65154,0.66891,3.38,0,0,0,0,1,1,0,0,0,0,1,0,0,0,0,0
NZDUSD,2004-08-24,LONG,4,loss,-1.00,0.65247,0.64712,0.66891,3.07,0,0,0,0,1,1,1,0,0,0,1,0,0,0,0,0
USDCAD,2004-08-24,SHORT,5,loss,-1.00,1.30625,1.30849,1.29997,2.80,0,0,0,0,1,1,0,0,0,1,1,1,0,0,0,0
USDCAD,2004-08-25,SHORT,6,loss,-1.00,1.30910,1.31248,1.29997,2.70,0,0,0,0,1,1,0,1,0,1,1,1,0,0,0,0
AUDUSD,2004-08-31,SHORT,4,win,4.27,0.70664,0.70856,0.69845,4.27,0,0,0,0,1,0,1,0,0,0,1,1,0,0,0,0
USDCAD,2004-08-31,SHORT,6,loss,-1.00,1.31247,1.31492,1.30602,2.63,0,0,0,0,1,0,0,1,0,1,1,1,0,0,0,1
USDCAD,2004-09-13,SHORT,4,loss,-1.00,1.30013,1.30302,1.28761,4.33,0,0,0,0,1,0,0,0,0,0,1,1,0,0,1,0
USDJPY,2004-09-15,SHORT,7,loss,-1.00,110.33600,110.69500,109.32100,2.83,0,1,0,0,1,1,1,0,0,0,1,1,0,0,1,0
EURUSD,2004-09-16,LONG,6,loss,-1.00,1.21600,1.21323,1.22347,2.70,0,0,0,0,1,0,1,0,1,0,1,1,1,0,0,0
EURUSD,2004-09-16,LONG,5,loss,-1.00,1.21536,1.21323,1.22347,3.81,0,0,0,0,1,0,1,0,1,0,1,1,0,0,0,0
USDCAD,2004-09-17,SHORT,6,win,2.66,1.29947,1.30320,1.28956,2.66,0,0,0,0,1,1,0,0,0,0,1,1,0,1,1,0
EURUSD,2004-09-20,LONG,5,win,4.71,1.21359,1.21192,1.22146,4.71,0,0,0,0,1,0,1,1,0,0,1,1,0,0,0,0
USDJPY,2004-09-22,SHORT,7,loss,-1.00,110.48100,110.69500,109.66200,3.83,0,1,0,0,1,0,0,0,1,1,1,1,0,0,1,0
USDJPY,2004-09-22,SHORT,7,loss,-1.00,110.50500,110.69500,109.76800,3.88,0,1,0,0,1,0,0,0,1,1,1,1,0,0,1,0
USDCHF,2004-10-04,SHORT,6,loss,-1.00,1.26149,1.26376,1.24874,5.62,0,0,1,0,1,0,1,0,0,1,1,1,0,0,0,0
EURUSD,2004-10-04,LONG,5,win,2.76,1.22722,1.22363,1.23712,2.76,0,0,1,0,1,0,1,0,0,0,1,1,0,0,0,0
USDJPY,2004-10-08,LONG,4,loss,-1.00,109.42400,109.19900,111.15500,7.69,0,0,0,0,1,0,0,0,1,0,1,0,0,0,1,0
USDJPY,2004-10-08,LONG,5,loss,-1.00,109.45300,109.19900,110.49800,4.11,0,0,0,0,1,0,0,0,1,0,1,0,1,0,1,0
AUDUSD,2004-10-13,LONG,4,win,6.21,0.72189,0.72012,0.73289,6.21,0,0,0,0,1,1,0,0,0,0,1,1,0,0,0,0
NZDUSD,2004-10-13,LONG,5,win,7.25,0.67113,0.66975,0.68114,7.25,0,0,1,0,1,1,0,0,0,0,1,1,0,0,0,0
EURUSD,2004-10-13,LONG,6,loss,-1.00,1.22667,1.22455,1.23704,4.89,0,0,0,0,1,1,1,0,1,0,1,1,0,0,0,0
USDCAD,2004-10-13,SHORT,6,win,2.69,1.26334,1.26592,1.25640,2.69,0,0,1,0,1,1,0,0,0,0,1,1,0,1,0,0
EURUSD,2004-10-13,LONG,7,win,2.62,1.22696,1.22455,1.23328,2.62,0,0,0,0,1,1,1,0,1,0,1,1,1,0,0,0
GBPUSD,2004-10-19,SHORT,5,loss,-1.00,1.80350,1.80678,1.79299,3.20,0,0,0,0,1,1,1,0,0,0,1,1,0,0,0,0
GBPUSD,2004-10-19,SHORT,5,loss,-1.00,1.80391,1.80678,1.79299,3.80,0,0,0,0,1,1,1,0,0,0,1,1,0,0,0,0
NZDUSD,2004-10-27,LONG,3,loss,-1.00,0.69263,0.69057,0.70161,4.36,0,0,0,0,1,0,0,0,0,0,1,1,0,0,0,0
GBPUSD,2004-10-28,LONG,4,win,4.78,1.82546,1.82221,1.84100,4.78,0,0,0,0,1,1,0,0,0,0,1,1,0,0,0,0
USDCHF,2004-11-01,SHORT,4,loss,-1.00,1.20068,1.20336,1.19156,3.40,0,0,0,0,1,0,0,0,0,0,1,1,0,0,1,0
USDJPY,2004-11-03,SHORT,5,win,3.60,106.82800,107.12400,105.76300,3.60,0,0,0,0,1,1,0,0,0,0,1,1,0,0,1,0
GBPUSD,2004-11-11,LONG,5,win,3.04,1.83938,1.83298,1.85886,3.04,0,0,1,0,1,0,0,1,0,0,1,1,0,0,0,0
NZDUSD,2004-11-11,LONG,5,win,3.63,0.68329,0.68182,0.68863,3.63,0,0,1,0,1,0,0,0,0,0,1,1,0,1,0,0
USDCHF,2004-11-15,SHORT,4,win,4.14,1.17956,1.18169,1.17075,4.14,0,0,0,0,1,0,0,0,0,0,1,1,0,1,0,0
USDCAD,2004-11-15,SHORT,5,win,2.51,1.20027,1.20298,1.19347,2.51,0,0,1,0,1,0,0,0,0,0,1,1,0,0,1,0
USDCAD,2004-11-18,SHORT,5,win,3.90,1.20752,1.21171,1.19119,3.90,0,0,1,0,1,1,0,0,0,0,1,1,0,0,0,0
EURUSD,2004-12-02,LONG,4,win,2.54,1.32688,1.32281,1.33721,2.54,0,0,0,0,1,1,0,0,0,0,1,1,0,0,0,0
EURUSD,2004-12-02,LONG,5,win,2.66,1.32673,1.32281,1.33714,2.66,0,0,0,0,1,1,0,0,0,0,1,1,1,0,0,0
USDCAD,2004-12-07,SHORT,3,loss,-1.00,1.20675,1.21171,1.19406,2.56,0,0,0,0,1,0,1,0,0,0,1,0,0,0,0,0
USDCHF,2004-12-07,SHORT,3,loss,-1.00,1.14010,1.14261,1.13092,3.66,0,0,0,0,1,0,0,0,0,0,1,1,0,0,0,0
AUDUSD,2004-12-08,LONG,5,loss,-1.00,0.75903,0.75566,0.77463,4.63,0,0,0,0,1,0,1,0,1,0,1,0,0,1,0,0
USDJPY,2004-12-08,SHORT,5,loss,-1.00,103.96900,104.40000,102.84500,2.61,0,0,0,0,1,1,0,0,0,0,1,0,0,1,1,0
USDCHF,2004-12-08,SHORT,5,loss,-1.00,1.15125,1.15551,1.13967,2.72,0,0,0,0,1,1,0,0,0,0,1,1,0,0,1,0
NZDUSD,2004-12-08,LONG,3,loss,-1.00,0.70781,0.70381,0.71822,2.60,0,0,0,0,1,1,0,0,0,0,1,0,0,0,0,0
NZDUSD,2004-12-08,LONG,3,loss,-1.00,0.70425,0.70092,0.71822,4.20,0,0,0,0,1,1,0,0,0,0,1,0,0,0,0,0
EURUSD,2004-12-08,LONG,4,loss,-1.00,1.32659,1.32359,1.34240,5.27,0,0,0,0,1,1,0,0,0,0,1,1,0,0,0,0
NZDUSD,2004-12-08,LONG,3,loss,-1.00,0.70397,0.70092,0.71822,4.67,0,0,0,0,1,1,0,0,0,0,1,0,0,0,0,0
NZDUSD,2004-12-09,LONG,3,loss,-1.00,0.70577,0.70173,0.71822,3.08,0,0,0,0,1,1,0,0,0,0,1,0,0,0,0,0
USDCHF,2004-12-10,SHORT,3,win,3.68,1.16530,1.16959,1.14951,3.68,0,0,0,0,1,1,0,0,0,0,1,0,0,0,0,0
USDCHF,2004-12-16,SHORT,5,loss,-1.00,1.15549,1.15882,1.13985,4.70,0,0,0,0,1,1,0,0,1,0,1,1,0,0,0,0
EURUSD,2004-12-17,LONG,6,win,2.74,1.32519,1.31917,1.34167,2.74,0,0,1,0,1,1,0,0,1,0,1,1,0,0,0,0
USDCHF,2004-12-17,SHORT,8,win,4.49,1.15787,1.16188,1.13985,4.49,0,0,0,0,1,1,0,1,1,0,1,1,0,1,0,1
GBPUSD,2004-12-21,LONG,4,loss,-1.00,1.92554,1.91798,1.94540,2.63,0,0,0,0,1,0,0,0,1,0,1,1,0,0,0,0
GBPUSD,2004-12-22,LONG,3,loss,-1.00,1.91228,1.90135,1.94215,2.73,0,0,0,0,1,1,0,0,0,0,1,0,0,0,0,0
GBPUSD,2004-12-29,LONG,5,loss,-1.00,1.91532,1.90983,1.92907,2.50,0,0,0,0,1,1,0,0,1,0,1,1,0,0,0,0
GBPUSD,2004-12-29,LONG,5,loss,-1.00,1.91500,1.90983,1.92907,2.72,0,0,0,0,1,1,0,0,1,0,1,1,0,0,0,0
USDJPY,2004-12-29,SHORT,4,loss,-1.00,103.85800,104.07200,103.17900,3.17,0,0,0,0,1,0,0,0,0,0,1,1,0,0,1,0
NZDUSD,2005-01-03,LONG,4,loss,-1.00,0.71333,0.71050,0.72150,2.89,0,0,0,0,1,1,0,0,0,0,1,1,0,0,0,0
EURUSD,2005-01-04,LONG,2,loss,-1.00,1.33794,1.33364,1.35761,4.57,0,0,0,0,1,0,0,0,0,0,1,0,0,0,0,0
USDCHF,2005-01-04,SHORT,3,loss,-1.00,1.15570,1.16188,1.13781,2.89,0,0,0,0,1,0,1,0,0,0,1,0,0,0,0,0
AUDUSD,2005-01-04,LONG,4,loss,-1.00,0.76807,0.76358,0.77941,2.53,0,0,0,0,1,0,1,0,0,0,1,1,0,0,0,0
USDCHF,2005-01-04,SHORT,2,loss,-1.00,1.16627,1.17340,1.14491,3.00,0,0,0,0,1,0,0,0,0,0,1,0,0,0,0,0
USDJPY,2005-01-04,SHORT,5,loss,-1.00,104.34400,104.65700,102.53500,5.78,0,0,0,0,1,1,1,0,0,0,1,0,0,0,1,0
USDJPY,2005-01-04,SHORT,5,loss,-1.00,104.49200,104.96400,102.53500,4.15,0,0,0,0,1,1,1,0,0,0,1,0,0,0,1,0
AUDUSD,2005-01-04,LONG,3,loss,-1.00,0.76423,0.76094,0.77851,4.34,0,0,0,0,1,0,1,0,0,0,1,0,0,0,0,0
EURUSD,2005-01-04,LONG,3,loss,-1.00,1.32688,1.31917,1.34636,2.53,0,0,0,0,1,0,1,0,0,0,1,0,0,0,0,0
USDCHF,2005-01-04,SHORT,2,loss,-1.00,1.16930,1.17340,1.14661,5.53,0,0,0,0,1,0,0,0,0,0,1,0,0,0,0,0
NZDUSD,2005-01-04,LONG,4,loss,-1.00,0.70147,0.69746,0.71332,2.96,0,0,0,0,1,1,0,0,0,0,1,0,0,0,1,0
EURUSD,2005-01-05,LONG,4,loss,-1.00,1.32347,1.31917,1.34636,5.32,0,0,0,0,1,1,1,0,0,0,1,0,0,0,0,0
USDCHF,2005-01-05,SHORT,3,loss,-1.00,1.17284,1.18170,1.14661,2.96,0,0,0,0,1,0,0,1,0,0,1,0,0,0,0,0
USDJPY,2005-01-05,SHORT,6,loss,-1.00,104.50400,104.96400,102.53500,4.28,0,0,0,0,1,1,1,1,0,0,1,0,0,0,1,0
USDJPY,2005-01-05,SHORT,6,loss,-1.00,103.81900,104.26400,102.53500,2.89,0,0,0,0,1,1,0,1,0,0,1,1,0,0,1,0
USDCHF,2005-01-05,SHORT,4,loss,-1.00,1.16737,1.17340,1.14661,3.44,0,0,0,0,1,0,0,1,0,0,1,0,0,0,0,1
GBPUSD,2005-01-05,LONG,3,loss,-1.00,1.88764,1.88304,1.90388,3.53,0,0,0,0,1,0,0,1,0,0,1,0,0,0,0,0
NZDUSD,2005-01-05,LONG,3,loss,-1.00,0.70033,0.69746,0.71081,3.65,0,0,0,0,1,0,0,0,0,0,1,0,0,0,1,0
USDJPY,2005-01-05,SHORT,7,loss,-1.00,104.05900,104.65700,102.53500,2.55,0,0,0,0,1,1,1,1,0,0,1,1,0,0,1,0
USDCHF,2005-01-05,SHORT,3,loss,-1.00,1.16936,1.17340,1.14661,5.63,0,0,0,0,1,0,0,1,0,0,1,0,0,0,0,0
EURUSD,2005-01-05,LONG,4,loss,-1.00,1.32617,1.31917,1.34636,2.88,0,0,0,0,1,1,1,0,0,0,1,0,0,0,0,0
AUDUSD,2005-01-05,LONG,4,loss,-1.00,0.76503,0.76229,0.77449,3.45,0,0,0,0,1,0,1,0,0,0,1,1,0,0,0,0
NZDUSD,2005-01-06,LONG,4,loss,-1.00,0.69794,0.69450,0.71081,3.74,0,0,0,0,1,0,0,1,0,0,1,0,1,0,0,0
EURUSD,2005-01-06,LONG,3,loss,-1.00,1.31705,1.31391,1.32757,3.35,0,0,0,0,1,0,1,0,0,0,1,0,0,0,0,0
EURUSD,2005-01-06,LONG,2,loss,-1.00,1.31667,1.31391,1.32757,3.95,0,0,0,0,1,0,0,0,0,0,1,0,0,0,0,0
USDJPY,2005-01-07,SHORT,5,win,2.82,104.82800,105.15500,103.90700,2.82,0,0,0,0,1,1,1,0,0,0,1,0,0,0,1,0
AUDUSD,2005-01-07,LONG,3,loss,-1.00,0.75740,0.75254,0.77449,3.52,0,0,0,0,1,1,0,0,0,0,1,0,0,0,0,0
EURUSD,2005-01-07,LONG,2,win,3.21,1.30471,1.29758,1.32757,3.21,0,0,0,0,1,0,0,0,0,0,1,0,0,0,0,0
USDCAD,2005-01-17,SHORT,6,loss,-1.00,1.21625,1.22085,1.20205,3.09,0,0,0,0,1,1,1,0,1,0,1,1,0,0,0,0
USDJPY,2005-01-25,SHORT,6,loss,-1.00,103.55800,103.89600,102.59500,2.85,0,0,0,0,1,1,1,0,0,0,1,1,0,0,1,0
AUDUSD,2005-02-04,LONG,5,loss,-1.00,0.76908,0.76685,0.77568,2.96,0,0,0,0,1,0,1,0,0,0,1,1,0,1,0,0
AUDUSD,2005-02-08,LONG,5,win,2.96,0.76487,0.76241,0.77216,2.96,0,0,0,0,1,1,1,0,0,0,1,1,0,0,0,0
AUDUSD,2005-03-02,LONG,5,loss,-1.00,0.78244,0.78038,0.79233,4.80,0,0,0,0,1,1,0,1,0,0,1,1,0,0,0,0
AUDUSD,2005-03-02,LONG,5,loss,-1.00,0.78298,0.78038,0.79233,3.60,0,0,0,0,1,1,0,1,0,0,1,1,0,0,0,0
EURUSD,2005-03-03,LONG,4,win,2.58,1.31097,1.30869,1.31685,2.58,0,0,0,0,1,0,1,0,0,0,1,1,0,0,0,0
AUDUSD,2005-03-10,LONG,5,loss,-1.00,0.79047,0.78805,0.79732,2.83,0,0,0,0,1,1,0,0,1,0,1,1,0,0,0,0
AUDUSD,2005-03-11,LONG,6,loss,-1.00,0.79033,0.78805,0.79627,2.61,0,0,0,0,1,1,0,0,1,0,1,1,1,0,0,0
NZDUSD,2005-03-14,LONG,5,win,2.60,0.73672,0.73484,0.74160,2.60,0,0,1,0,1,0,0,0,0,0,1,1,0,1,0,0
USDCHF,2005-03-18,SHORT,4,loss,-1.00,1.16468,1.16698,1.15857,2.66,0,0,0,0,1,1,0,0,0,0,1,1,0,0,0,0
GBPUSD,2005-03-21,LONG,4,loss,-1.00,1.89589,1.88946,1.91280,2.63,0,0,0,0,1,0,1,0,1,0,1,0,0,0,0,0
GBPUSD,2005-03-22,LONG,3,loss,-1.00,1.88415,1.87516,1.90943,2.81,0,0,0,0,1,0,0,0,1,0,1,0,0,0,0,0
NZDUSD,2005-03-23,LONG,3,loss,-1.00,0.72542,0.72113,0.73960,3.31,0,0,0,0,1,0,1,0,0,0,1,0,0,0,0,0
GBPUSD,2005-03-23,LONG,3,loss,-1.00,1.87925,1.87516,1.89889,4.80,0,0,0,0,1,0,0,0,1,0,1,0,0,0,0,0
EURUSD,2005-03-23,LONG,2,loss,-1.00,1.30409,1.30128,1.32021,5.74,0,0,0,0,1,0,0,0,0,0,1,0,0,0,0,0
NZDUSD,2005-03-23,LONG,2,loss,-1.00,0.72073,0.71791,0.72811,2.62,0,0,0,0,1,0,0,0,0,0,1,0,0,0,0,0
EURUSD,2005-03-23,LONG,3,loss,-1.00,1.30113,1.29573,1.32021,3.53,0,0,0,0,1,0,0,0,0,0,1,0,0,0,1,0
GBPUSD,2005-03-23,LONG,3,loss,-1.00,1.86686,1.86249,1.88549,4.26,0,0,0,0,1,0,0,0,1,0,1,0,0,0,0,0
EURUSD,2005-03-23,LONG,2,loss,-1.00,1.29758,1.29432,1.32021,6.94,0,0,0,0,1,0,0,0,0,0,1,0,0,0,0,0
USDCAD,2005-04-01,SHORT,4,loss,-1.00,1.21595,1.21806,1.20973,2.95,0,0,0,0,1,0,1,0,0,0,1,1,0,0,0,0
USDJPY,2005-04-20,LONG,7,loss,-1.00,106.82000,106.62700,107.34600,2.73,0,1,0,0,1,0,1,1,0,0,1,1,0,0,1,0
USDJPY,2005-04-20,LONG,7,win,2.89,106.81200,106.62700,107.34600,2.89,0,1,0,0,1,0,1,1,0,0,1,1,0,0,1,0
GBPUSD,2005-05-06,LONG,4,loss,-1.00,1.89172,1.88838,1.90155,2.94,0,0,0,0,1,0,1,0,0,0,1,1,0,0,0,0
USDJPY,2005-05-13,SHORT,5,loss,-1.00,107.06800,107.40700,106.15500,2.69,0,1,0,0,1,1,0,0,0,0,1,0,0,0,1,0
USDJPY,2005-05-13,SHORT,5,loss,-1.00,107.13000,107.40700,106.15500,3.52,0,1,0,0,1,1,0,0,0,0,1,0,0,0,1,0
USDJPY,2005-05-18,LONG,6,win,3.31,106.80000,106.54100,107.65700,3.31,0,1,1,0,1,1,0,0,0,0,1,1,0,0,0,0
USDCAD,2005-05-23,LONG,6,win,2.90,1.25763,1.25520,1.26467,2.90,0,1,0,0,1,1,0,0,0,1,1,1,0,0,0,0
USDCAD,2005-05-27,LONG,5,loss,-1.00,1.25817,1.25591,1.26554,3.26,0,1,0,0,1,0,0,0,1,0,1,1,0,0,0,0
USDCAD,2005-06-02,LONG,5,loss,-1.00,1.24698,1.24454,1.25430,3.00,0,0,0,0,1,1,1,0,0,0,1,1,0,0,0,0
USDCHF,2005-06-03,LONG,5,loss,-1.00,1.24933,1.24702,1.25600,2.89,0,0,0,0,1,0,0,1,0,0,1,1,0,0,1,0
USDCAD,2005-06-03,LONG,4,loss,-1.00,1.24693,1.24454,1.25430,3.08,0,0,0,0,1,0,1,0,0,0,1,1,0,0,0,0
USDCAD,2005-06-03,LONG,4,loss,-1.00,1.24715,1.24454,1.25430,2.74,0,0,0,0,1,0,1,0,0,0,1,1,0,0,0,0
USDCAD,2005-06-06,LONG,6,loss,-1.00,1.24535,1.24235,1.25430,2.98,0,0,0,0,1,1,1,0,0,0,1,1,0,1,0,0
GBPUSD,2005-06-06,SHORT,5,loss,-1.00,1.82047,1.82295,1.81294,3.04,0,0,1,0,1,1,0,0,0,0,1,1,0,0,0,0
USDJPY,2005-06-06,LONG,6,loss,-1.00,106.82900,106.54100,107.69400,3.00,0,1,0,0,1,1,1,0,0,0,1,0,0,0,1,0
USDCAD,2005-06-06,LONG,6,loss,-1.00,1.24436,1.24235,1.25430,4.95,0,0,0,0,1,1,1,0,0,0,1,1,0,1,0,0
GBPUSD,2005-06-06,SHORT,5,loss,-1.00,1.82377,1.82706,1.81294,3.29,0,0,1,0,1,1,0,0,0,0,1,1,0,0,0,0
USDJPY,2005-06-07,LONG,6,loss,-1.00,106.70600,106.54100,107.25800,3.35,0,1,0,0,1,1,1,1,0,0,1,0,0,0,0,0
USDJPY,2005-06-08,LONG,6,win,2.57,106.74200,106.54100,107.25800,2.57,0,1,0,0,1,1,1,0,0,0,1,1,0,0,0,0
GBPUSD,2005-06-15,SHORT,5,loss,-1.00,1.82160,1.82605,1.80278,4.23,0,0,0,0,1,1,0,0,1,0,1,1,0,0,0,0
USDCAD,2005-06-15,LONG,3,loss,-1.00,1.23948,1.23551,1.25095,2.89,0,0,0,0,1,0,0,0,1,0,1,0,0,0,0,0
EURUSD,2005-06-16,SHORT,5,loss,-1.00,1.21166,1.21496,1.20320,2.56,0,0,0,0,1,1,0,0,1,0,1,1,0,0,0,0
GBPUSD,2005-06-16,SHORT,5,loss,-1.00,1.82197,1.82605,1.80945,3.07,0,0,0,0,1,1,0,0,1,0,1,1,0,0,0,0
AUDUSD,2005-06-23,LONG,4,loss,-1.00,0.77344,0.77175,0.77802,2.71,0,0,0,0,1,0,0,0,1,0,1,1,0,0,0,0
AUDUSD,2005-06-27,LONG,4,loss,-1.00,0.76841,0.76661,0.77333,2.73,0,0,0,0,1,0,1,0,0,0,1,1,0,0,0,0
AUDUSD,2005-06-29,LONG,4,loss,-1.00,0.76118,0.75825,0.76936,2.79,0,0,0,0,1,1,0,1,0,0,1,0,0,0,0,0
AUDUSD,2005-06-29,LONG,5,loss,-1.00,0.76114,0.75825,0.76936,2.84,0,1,0,0,1,1,0,1,0,0,1,0,0,0,0,0
AUDUSD,2005-06-30,LONG,3,loss,-1.00,0.76054,0.75836,0.76936,4.05,0,1,0,0,1,0,0,0,0,0,1,0,0,0,0,0
USDCAD,2005-07-04,SHORT,4,loss,-1.00,1.23882,1.24231,1.22850,2.96,0,0,0,0,1,0,1,0,0,0,1,1,0,0,0,0
USDCAD,2005-07-04,SHORT,4,loss,-1.00,1.23997,1.24231,1.22850,4.90,0,0,0,0,1,0,1,0,0,0,1,1,0,0,0,0
EURUSD,2005-07-12,SHORT,3,loss,-1.00,1.21618,1.22032,1.20551,2.58,0,0,0,0,1,1,0,0,0,0,1,0,0,0,0,0
AUDUSD,2005-07-20,SHORT,6,loss,-1.00,0.75537,0.75730,0.74804,3.80,0,1,0,0,1,0,1,0,1,0,1,1,0,0,0,0
EURUSD,2005-07-21,SHORT,6,win,3.33,1.22108,1.22549,1.20639,3.33,0,0,0,0,1,1,1,0,1,1,1,0,0,0,0,0
NZDUSD,2005-07-21,SHORT,3,loss,-1.00,0.68468,0.68713,0.67759,2.89,0,0,0,0,1,0,0,0,1,0,1,0,0,0,0,0
AUDUSD,2005-07-21,SHORT,5,loss,-1.00,0.76231,0.76481,0.75200,4.12,0,0,0,0,1,1,0,0,1,0,1,0,1,0,0,0
USDJPY,2005-07-21,LONG,6,loss,-1.00,110.46200,110.00500,112.59500,4.67,0,0,0,0,1,1,1,0,1,0,1,0,0,0,1,0
USDJPY,2005-07-22,LONG,5,win,2.94,111.21200,110.74100,112.59500,2.94,0,0,0,0,1,1,0,0,1,0,1,1,0,0,0,0
USDCAD,2005-07-25,SHORT,4,loss,-1.00,1.21977,1.22258,1.21184,2.82,0,0,0,0,1,0,0,0,0,0,1,1,0,1,0,0
GBPUSD,2005-07-27,SHORT,3,loss,-1.00,1.74346,1.74708,1.73367,2.70,0,0,0,0,1,0,0,0,0,0,1,1,0,0,0,0
GBPUSD,2005-07-28,SHORT,4,loss,-1.00,1.75596,1.76131,1.74252,2.51,0,0,0,0,1,1,0,0,0,0,1,1,0,0,0,0
EURUSD,2005-08-01,SHORT,5,loss,-1.00,1.22144,1.22460,1.21149,3.15,0,0,0,0,1,1,1,0,1,0,1,0,0,0,0,0
NZDUSD,2005-08-01,SHORT,6,loss,-1.00,0.68376,0.68530,0.67864,3.32,0,0,0,0,1,1,0,0,1,0,1,1,1,0,0,0
NZDUSD,2005-08-02,SHORT,5,loss,-1.00,0.68713,0.68867,0.68317,2.57,0,0,0,0,1,0,1,0,1,0,1,1,0,0,0,0
USDCHF,2005-08-03,LONG,2,loss,-1.00,1.26606,1.26206,1.27833,3.07,0,0,0,0,1,0,0,0,0,0,1,0,0,0,0,0
USDCHF,2005-08-03,LONG,2,loss,-1.00,1.26133,1.25621,1.27833,3.32,0,0,0,0,1,0,0,0,0,0,1,0,0,0,0,0
USDCHF,2005-08-03,LONG,2,loss,-1.00,1.26096,1.25621,1.27505,2.97,0,0,0,0,1,0,0,0,0,0,1,0,0,0,0,0
GBPUSD,2005-08-04,SHORT,4,loss,-1.00,1.77925,1.78277,1.76598,3.77,0,0,0,0,1,0,1,1,0,0,1,0,0,0,0,0
GBPUSD,2005-08-04,SHORT,4,loss,-1.00,1.77976,1.78277,1.76598,4.58,0,0,0,0,1,0,1,1,0,0,1,0,0,0,0,0
GBPUSD,2005-08-05,SHORT,4,loss,-1.00,1.77903,1.78233,1.76598,3.95,0,0,0,0,1,0,1,0,0,0,1,1,0,0,0,0
USDJPY,2005-08-10,LONG,6,loss,-1.00,110.95100,110.75200,111.76700,4.10,0,0,0,0,1,0,1,0,1,0,1,1,0,0,1,0
USDJPY,2005-08-11,LONG,4,loss,-1.00,109.92200,109.66300,110.72200,3.09,0,0,0,0,1,0,0,0,1,0,1,0,0,0,1,0
AUDUSD,2005-08-17,LONG,6,loss,-1.00,0.75986,0.75800,0.76877,4.79,0,1,0,0,1,1,1,0,1,0,1,0,0,0,0,0
USDCAD,2005-08-17,SHORT,4,loss,-1.00,1.21273,1.21650,1.19971,3.45,0,0,0,0,1,1,0,0,0,0,1,1,0,0,0,0
USDCAD,2005-08-18,SHORT,4,loss,-1.00,1.21463,1.21785,1.19971,4.63,0,0,0,0,1,0,1,0,0,0,1,1,0,0,0,0
USDCAD,2005-08-18,SHORT,3,win,2.84,1.21763,1.22395,1.19971,2.84,0,0,0,0,1,0,1,0,0,0,1,0,0,0,0,0
USDCAD,2005-08-18,SHORT,3,win,3.07,1.21800,1.22395,1.19971,3.07,0,0,0,0,1,0,1,0,0,0,1,0,0,0,0,0
USDCAD,2005-09-07,SHORT,5,win,3.30,1.19130,1.19337,1.18446,3.30,0,0,0,0,1,1,0,0,1,0,1,1,0,0,0,0
USDCAD,2005-09-15,SHORT,4,win,3.87,1.18603,1.18799,1.17845,3.87,0,0,0,0,1,0,0,0,1,0,1,1,0,0,0,0
USDJPY,2005-09-21,LONG,4,loss,-1.00,111.31400,111.12100,111.85000,2.78,0,0,0,0,1,0,0,0,0,0,1,1,0,0,1,0
USDJPY,2005-09-21,LONG,5,loss,-1.00,111.31500,111.12100,111.85000,2.76,0,0,0,0,1,0,0,0,0,0,1,1,1,0,1,0
USDCAD,2005-09-28,SHORT,4,loss,-1.00,1.17738,1.17947,1.17202,2.56,0,0,0,0,1,1,0,0,0,0,1,1,0,0,0,0
USDCAD,2005-10-05,SHORT,5,loss,-1.00,1.17913,1.18155,1.16713,4.96,0,0,0,0,1,1,0,0,1,0,1,1,0,0,0,0
GBPUSD,2005-10-06,SHORT,3,loss,-1.00,1.76990,1.77276,1.76145,2.95,0,0,0,0,1,0,0,0,0,0,1,1,0,0,0,0
EURUSD,2005-10-06,SHORT,4,loss,-1.00,1.20620,1.20879,1.19640,3.78,0,0,0,0,1,0,0,0,0,0,1,1,1,0,0,0
USDCHF,2005-10-06,LONG,4,win,2.60,1.27020,1.26578,1.28167,2.60,0,0,0,0,1,1,1,0,0,0,1,0,0,0,0,0
USDCAD,2005-10-13,SHORT,6,loss,-1.00,1.18248,1.18635,1.17215,2.67,0,0,0,0,1,1,1,0,1,0,1,1,0,0,0,0
USDCAD,2005-10-14,SHORT,6,loss,-1.00,1.18449,1.18635,1.17215,6.63,0,0,0,0,1,1,1,0,1,0,1,1,0,0,0,0
USDJPY,2005-10-14,LONG,4,loss,-1.00,114.02700,113.81100,114.95900,4.31,0,0,0,0,1,0,0,0,0,0,1,1,0,0,1,0
NZDUSD,2005-10-19,SHORT,7,loss,-1.00,0.69902,0.70095,0.69367,2.77,0,1,0,0,1,1,1,0,0,0,1,1,0,0,1,0
NZDUSD,2005-10-19,SHORT,7,loss,-1.00,0.69825,0.70000,0.69367,2.62,0,1,0,0,1,1,1,0,0,0,1,1,0,0,1,0
GBPUSD,2005-10-19,SHORT,4,loss,-1.00,1.76642,1.77267,1.74655,3.18,0,0,0,0,1,1,0,0,0,0,1,1,0,0,0,0
AUDUSD,2005-10-20,SHORT,5,loss,-1.00,0.75295,0.75510,0.74495,3.72,0,0,0,1,1,1,0,0,0,0,1,1,0,0,0,0
USDCAD,2005-10-21,SHORT,6,loss,-1.00,1.18413,1.18756,1.17525,2.59,0,0,0,0,1,1,1,0,1,0,1,1,0,0,0,0
USDCAD,2005-10-24,SHORT,4,win,6.98,1.19139,1.19325,1.17841,6.98,0,0,0,0,1,1,0,0,1,0,1,0,0,0,0,0
USDCHF,2005-10-25,LONG,5,loss,-1.00,1.28333,1.28036,1.29393,3.57,0,0,0,0,1,1,1,0,0,0,1,1,0,0,0,0
GBPUSD,2005-10-25,SHORT,4,loss,-1.00,1.77756,1.78097,1.76219,4.51,0,0,0,0,1,0,1,0,0,0,1,1,0,0,0,0
EURUSD,2005-10-25,SHORT,5,loss,-1.00,1.20944,1.21184,1.19673,5.30,0,0,0,0,1,1,1,0,0,0,1,0,1,0,0,0
USDCHF,2005-10-26,LONG,6,loss,-1.00,1.28082,1.27785,1.28944,2.90,0,0,0,0,1,1,1,1,0,0,1,1,0,0,0,0
EURUSD,2005-10-26,SHORT,5,loss,-1.00,1.20800,1.21184,1.19673,2.93,0,0,0,0,1,1,1,0,0,0,1,1,0,0,0,0
GBPUSD,2005-10-27,SHORT,7,win,2.71,1.78324,1.78665,1.77399,2.71,0,0,0,0,1,0,1,1,0,0,1,1,1,0,0,1
GBPUSD,2005-10-27,SHORT,6,win,2.75,1.78327,1.78665,1.77399,2.75,0,0,0,0,1,0,1,1,0,0,1,1,1,0,0,0
USDCAD,2005-11-03,SHORT,5,win,2.50,1.18195,1.18446,1.17567,2.50,0,0,0,0,1,0,1,0,1,0,1,1,0,0,0,0
NZDUSD,2005-11-17,SHORT,5,loss,-1.00,0.68628,0.68749,0.68259,3.05,0,0,0,0,1,1,0,0,1,0,1,1,0,0,0,0
EURUSD,2005-11-18,SHORT,3,loss,-1.00,1.17615,1.17930,1.16600,3.22,0,0,0,0,1,0,0,0,0,0,1,1,0,0,0,0
USDJPY,2005-11-21,LONG,5,win,2.55,118.67800,118.45300,119.25200,2.55,0,0,0,0,1,1,0,0,0,0,1,1,0,0,1,0
EURUSD,2005-11-22,SHORT,4,loss,-1.00,1.18077,1.18357,1.16797,4.57,0,0,0,0,1,1,0,0,0,0,1,1,0,0,0,0
USDCHF,2005-11-22,LONG,3,loss,-1.00,1.31095,1.30788,1.32413,4.29,0,0,0,0,1,0,0,0,0,0,1,1,0,0,0,0
EURUSD,2005-11-23,SHORT,4,win,4.03,1.18083,1.18357,1.16979,4.03,0,0,0,0,1,1,0,0,0,0,1,1,0,0,0,0
USDJPY,2005-11-28,LONG,5,win,3.31,118.58800,118.21000,119.84000,3.31,0,0,0,0,1,1,0,0,0,0,1,1,0,0,1,0
USDCHF,2005-11-29,LONG,4,win,3.78,1.30927,1.30626,1.32064,3.78,0,0,0,0,1,1,0,0,0,0,1,1,0,0,0,0
GBPUSD,2005-11-30,SHORT,3,loss,-1.00,1.73035,1.73407,1.71895,3.06,0,0,0,0,1,0,0,0,0,0,1,1,0,0,0,0
USDCHF,2005-12-06,LONG,6,win,2.63,1.30668,1.30338,1.31536,2.63,0,0,0,0,1,1,1,0,1,0,1,1,0,0,0,0
GBPUSD,2005-12-08,SHORT,4,loss,-1.00,1.74467,1.74943,1.73263,2.53,0,0,0,0,1,0,1,0,0,0,1,1,0,0,0,0
USDCHF,2005-12-08,LONG,5,loss,-1.00,1.30643,1.30338,1.31412,2.52,0,0,0,0,1,0,1,0,1,0,1,1,0,0,0,0
USDJPY,2005-12-08,LONG,5,loss,-1.00,120.36300,120.20000,121.03700,4.13,0,0,0,0,1,1,0,0,0,0,1,1,0,0,1,0
USDJPY,2005-12-09,LONG,5,loss,-1.00,120.37400,120.20000,121.03700,3.81,0,0,0,0,1,1,0,0,0,0,1,1,0,0,1,0
EURUSD,2005-12-09,SHORT,5,loss,-1.00,1.17993,1.18188,1.17404,3.02,0,0,0,0,1,1,1,0,0,0,1,1,0,0,0,0
EURUSD,2005-12-12,SHORT,3,loss,-1.00,1.18781,1.19005,1.17837,4.21,0,0,0,0,1,0,1,0,0,0,1,0,0,0,0,0
EURUSD,2005-12-13,SHORT,2,loss,-1.00,1.19519,1.19813,1.18329,4.05,0,0,0,0,1,0,0,0,0,0,1,0,0,0,0,0
USDJPY,2005-12-14,LONG,5,loss,-1.00,118.58200,118.32800,120.06400,5.83,0,0,0,0,1,0,1,0,0,0,1,0,0,1,1,0
USDJPY,2005-12-14,LONG,4,loss,-1.00,117.03500,116.54900,120.06400,6.23,0,0,0,0,1,0,0,0,0,0,1,0,0,1,1,0
NZDUSD,2005-12-14,LONG,4,loss,-1.00,0.70560,0.70426,0.70955,2.95,0,0,0,0,1,0,0,0,1,0,1,1,0,0,0,0
USDJPY,2005-12-14,LONG,3,loss,-1.00,117.31400,116.85300,118.71000,3.03,0,0,0,0,1,0,0,0,0,0,1,0,0,0,1,0
USDCAD,2005-12-14,SHORT,4,loss,-1.00,1.15120,1.15342,1.14537,2.63,0,0,0,0,1,0,0,0,0,0,1,1,0,0,1,0
USDCAD,2005-12-19,SHORT,4,loss,-1.00,1.16020,1.16257,1.15113,3.83,0,0,0,0,1,1,0,0,0,0,1,1,0,0,0,0
USDCAD,2005-12-19,SHORT,4,loss,-1.00,1.16108,1.16388,1.15113,3.55,0,0,0,0,1,1,0,0,0,0,1,1,0,0,0,0
USDCAD,2005-12-19,SHORT,4,loss,-1.00,1.16760,1.17326,1.15113,2.91,0,0,0,0,1,1,1,0,0,0,1,0,0,0,0,0
USDCAD,2005-12-20,SHORT,4,loss,-1.00,1.17031,1.17326,1.16110,3.12,0,0,0,0,1,1,1,0,0,0,1,0,0,0,0,0
USDCAD,2005-12-21,SHORT,4,loss,-1.00,1.17140,1.17326,1.16110,5.54,0,0,0,0,1,1,1,0,0,0,1,0,0,0,0,0
USDCAD,2005-12-21,SHORT,4,win,3.94,1.17232,1.17517,1.16110,3.94,0,0,0,0,1,1,1,0,0,0,1,0,0,0,0,0
USDCAD,2005-12-27,SHORT,5,win,3.39,1.17284,1.17517,1.16494,3.39,0,0,0,0,1,0,1,0,1,0,1,1,0,0,0,0
AUDUSD,2005-12-28,SHORT,3,loss,-1.00,0.73000,0.73175,0.72508,2.81,0,0,0,0,1,0,0,0,0,0,1,1,0,0,0,0
USDCHF,2006-01-03,LONG,5,loss,-1.00,1.30645,1.30497,1.31557,6.16,0,0,0,0,1,1,1,0,0,0,1,1,0,0,0,0
USDCHF,2006-01-04,LONG,3,loss,-1.00,1.28542,1.27743,1.30647,2.63,0,0,0,0,1,1,0,0,0,0,1,0,0,0,0,0
USDCHF,2006-01-04,LONG,3,loss,-1.00,1.28083,1.27743,1.30647,7.54,0,0,0,0,1,1,0,0,0,0,1,0,0,0,0,0
AUDUSD,2006-01-04,SHORT,3,loss,-1.00,0.74433,0.74675,0.73612,3.39,0,0,0,0,1,1,0,0,0,0,1,0,0,0,0,0
USDCAD,2006-01-05,SHORT,7,loss,-1.00,1.16238,1.16643,1.14718,3.75,0,0,0,0,1,1,1,0,1,0,1,1,0,1,0,0
USDCAD,2006-01-05,SHORT,6,loss,-1.00,1.16232,1.16643,1.14779,3.54,0,0,0,0,1,1,1,0,1,0,1,1,0,0,0,0
USDCAD,2006-01-06,SHORT,6,loss,-1.00,1.16544,1.16969,1.14779,4.15,0,0,0,0,1,1,1,0,1,0,1,1,0,0,0,0
USDCAD,2006-01-06,SHORT,6,loss,-1.00,1.16556,1.16969,1.14779,4.30,0,0,0,0,1,1,1,0,1,0,1,1,0,0,0,0
USDCAD,2006-01-06,SHORT,6,loss,-1.00,1.16645,1.16969,1.14779,5.76,0,0,0,0,1,1,1,0,1,0,1,1,0,0,0,0
USDCAD,2006-01-09,SHORT,5,loss,-1.00,1.16930,1.17244,1.14779,6.85,0,0,0,0,1,1,1,0,0,0,1,1,0,0,0,0
USDCAD,2006-01-18,SHORT,6,loss,-1.00,1.17197,1.17438,1.15738,6.05,0,0,1,0,1,1,0,0,1,1,1,0,0,0,0,0
NZDUSD,2006-01-31,SHORT,5,loss,-1.00,0.68479,0.68628,0.68093,2.59,0,0,0,0,1,1,1,0,0,0,1,1,0,0,0,0
NZDUSD,2006-02-02,SHORT,5,loss,-1.00,0.68673,0.68849,0.68165,2.89,0,0,0,0,1,0,1,0,1,0,1,1,0,0,0,0
USDCAD,2006-02-07,SHORT,4,loss,-1.00,1.15295,1.15592,1.14249,3.52,0,0,0,0,1,0,1,0,0,0,1,1,0,0,0,0
USDCAD,2006-02-08,SHORT,4,loss,-1.00,1.15280,1.15592,1.14249,3.30,0,0,0,0,1,0,1,0,0,0,1,1,0,0,0,0
USDCAD,2006-02-08,SHORT,4,loss,-1.00,1.15324,1.15592,1.14249,4.01,0,0,0,0,1,0,1,0,0,0,1,1,0,0,0,0
USDCAD,2006-02-10,SHORT,5,loss,-1.00,1.15399,1.15581,1.14575,4.53,0,0,0,0,1,1,1,0,0,0,1,1,0,0,0,0
USDCAD,2006-02-13,SHORT,5,loss,-1.00,1.15490,1.15786,1.14575,3.09,0,0,1,0,1,0,1,0,0,0,1,1,0,0,0,0
USDCAD,2006-02-13,SHORT,5,loss,-1.00,1.15532,1.15786,1.14575,3.77,0,0,1,0,1,0,1,0,0,0,1,1,0,0,0,0
USDCAD,2006-02-13,SHORT,5,loss,-1.00,1.15398,1.15581,1.14575,4.50,0,0,1,0,1,0,1,0,0,0,1,1,0,0,0,0
USDCAD,2006-02-14,SHORT,8,loss,-1.00,1.15528,1.15698,1.14575,5.61,0,0,1,0,1,1,1,1,0,0,1,1,0,1,0,0
USDCAD,2006-02-14,SHORT,8,loss,-1.00,1.15505,1.15698,1.14575,4.82,0,0,1,0,1,1,1,1,0,0,1,1,1,0,0,0
USDCAD,2006-02-16,SHORT,5,win,2.72,1.15898,1.16106,1.15333,2.72,0,0,1,0,1,0,1,0,0,0,1,1,0,0,0,0
EURUSD,2006-02-17,SHORT,3,loss,-1.00,1.19293,1.19497,1.18696,2.93,0,0,0,0,1,0,0,0,0,0,1,1,0,0,0,0
GBPUSD,2006-02-20,SHORT,4,loss,-1.00,1.74451,1.74853,1.73444,2.50,0,0,1,0,1,0,0,0,0,0,1,1,0,0,0,0
GBPUSD,2006-02-21,SHORT,5,loss,-1.00,1.74607,1.74853,1.73444,4.73,0,0,1,0,1,0,1,0,0,0,1,1,0,0,0,0
USDJPY,2006-02-23,LONG,5,loss,-1.00,117.05200,116.74500,118.36500,4.28,0,0,0,0,1,0,1,0,1,0,1,0,0,0,1,0
EURUSD,2006-02-23,SHORT,5,win,4.44,1.19549,1.19726,1.18764,4.44,0,0,0,0,1,1,1,0,0,0,1,1,0,0,0,0
USDJPY,2006-02-23,LONG,6,loss,-1.00,117.11100,116.74500,118.15500,2.85,0,0,0,0,1,0,1,0,1,0,1,0,1,0,1,0
USDJPY,2006-02-23,LONG,7,loss,-1.00,117.13700,116.74500,118.15500,2.60,0,0,0,0,1,0,1,0,1,0,1,1,1,0,1,0
GBPUSD,2006-02-28,SHORT,6,loss,-1.00,1.75094,1.75526,1.73844,2.89,0,0,0,0,1,1,1,0,0,0,1,1,0,0,1,0
GBPUSD,2006-02-28,SHORT,5,loss,-1.00,1.75405,1.75722,1.73844,4.92,0,0,0,0,1,1,1,0,0,0,1,1,0,0,0,0
AUDUSD,2006-03-01,SHORT,4,loss,-1.00,0.74259,0.74415,0.73776,3.10,0,0,0,0,1,0,1,0,0,0,1,1,0,0,0,0
EURUSD,2006-03-02,SHORT,4,loss,-1.00,1.19368,1.19719,1.18483,2.52,0,0,0,0,1,0,1,0,0,0,1,1,0,0,0,0
EURUSD,2006-03-02,SHORT,5,loss,-1.00,1.19820,1.20238,1.18483,3.20,0,0,0,0,1,0,1,0,0,0,1,1,0,0,1,0
USDCHF,2006-03-02,LONG,5,loss,-1.00,1.30642,1.30398,1.32117,6.05,0,0,0,0,1,0,1,0,1,0,1,1,0,0,0,0
USDCHF,2006-03-02,LONG,5,loss,-1.00,1.29913,1.29243,1.32117,3.29,0,0,0,0,1,0,1,0,1,0,1,0,0,0,1,0
USDCAD,2006-03-08,SHORT,3,loss,-1.00,1.15243,1.15541,1.14218,3.44,0,0,0,0,1,0,1,0,0,0,1,0,0,0,0,0
USDCAD,2006-03-08,SHORT,2,loss,-1.00,1.15793,1.16042,1.14772,4.10,0,0,0,0,1,0,0,0,0,0,1,0,0,0,0,0
USDJPY,2006-03-14,LONG,5,loss,-1.00,117.46500,117.07700,118.57700,2.87,0,0,0,0,1,0,1,0,0,0,1,1,0,0,1,0
AUDUSD,2006-03-14,SHORT,4,loss,-1.00,0.73608,0.73755,0.73150,3.12,0,0,0,0,1,0,0,0,0,1,1,1,0,0,0,0
USDJPY,2006-03-14,LONG,5,loss,-1.00,117.42000,117.07700,118.57700,3.37,0,0,0,0,1,0,1,0,0,0,1,1,0,0,1,0
EURUSD,2006-03-15,SHORT,4,loss,-1.00,1.20720,1.20910,1.19477,6.54,0,0,0,0,1,1,0,0,1,0,1,0,0,0,0,0
USDCHF,2006-03-15,LONG,3,loss,-1.00,1.29498,1.28909,1.31110,2.74,0,0,0,0,1,0,0,0,1,0,1,0,0,0,0,0
USDJPY,2006-03-15,LONG,5,loss,-1.00,117.28500,117.07700,118.57700,6.21,0,0,0,0,1,0,1,1,0,0,1,1,0,0,0,0
USDCHF,2006-03-16,LONG,3,win,2.83,1.28822,1.28352,1.30150,2.83,0,0,0,0,1,1,0,0,0,0,1,0,0,0,0,0
USDJPY,2006-03-17,LONG,3,loss,-1.00,115.80200,115.55200,116.72000,3.67,0,0,0,0,1,0,0,0,0,0,1,0,0,0,1,0
GBPUSD,2006-03-17,SHORT,4,win,4.10,1.75682,1.75941,1.74620,4.10,0,0,0,0,1,0,1,0,0,0,1,1,0,0,0,0
NZDUSD,2006-03-30,SHORT,2,loss,-1.00,0.60962,0.61181,0.60264,3.19,0,0,0,0,1,0,0,0,0,0,1,0,0,0,0,0
GBPUSD,2006-04-04,SHORT,4,loss,-1.00,1.75565,1.75849,1.73791,6.25,0,0,0,0,1,1,0,0,1,0,1,0,0,0,0,0
USDCHF,2006-04-04,LONG,3,loss,-1.00,1.28968,1.28722,1.30183,4.94,0,0,0,0,1,0,0,0,0,1,1,0,0,0,0,0
GBPUSD,2006-04-04,SHORT,6,loss,-1.00,1.75555,1.75849,1.74478,3.66,0,0,0,0,1,1,0,0,1,0,1,1,1,0,0,0
USDCHF,2006-04-04,LONG,4,loss,-1.00,1.28994,1.28722,1.30074,3.97,0,0,0,0,1,0,0,0,0,1,1,0,1,0,0,0
NZDUSD,2006-04-17,SHORT,2,loss,-1.00,0.62380,0.62526,0.61728,4.47,0,0,0,0,1,0,0,0,0,0,1,0,0,0,0,0
NZDUSD,2006-04-17,SHORT,2,loss,-1.00,0.62345,0.62526,0.61728,3.41,0,0,0,0,1,0,0,0,0,0,1,0,0,0,0,0
NZDUSD,2006-04-21,SHORT,4,loss,-1.00,0.63328,0.63554,0.62735,2.62,0,0,0,0,1,1,1,0,0,0,1,0,0,0,0,0
USDJPY,2006-04-21,LONG,4,loss,-1.00,116.92300,116.67100,117.57400,2.58,0,0,0,0,1,0,0,0,0,0,1,1,0,0,1,0
USDJPY,2006-04-21,LONG,3,loss,-1.00,116.62500,116.25800,117.57400,2.59,0,0,0,0,1,0,0,0,0,0,1,0,0,0,1,0
USDCAD,2006-05-08,SHORT,5,loss,-1.00,1.11237,1.11394,1.10475,4.85,0,0,0,1,1,1,0,0,0,0,1,1,0,0,0,0
USDCAD,2006-05-09,SHORT,6,win,5.38,1.11250,1.11394,1.10475,5.38,0,0,0,1,1,1,0,0,0,0,1,1,1,0,0,0
USDCAD,2006-05-15,SHORT,5,loss,-1.00,1.11400,1.11636,1.10800,2.54,0,0,0,1,1,1,0,0,0,0,1,1,0,0,0,0
EURUSD,2006-05-17,LONG,4,win,3.00,1.27198,1.26842,1.28265,3.00,0,0,0,0,1,1,0,0,0,0,1,1,0,0,0,0
USDJPY,2006-05-17,SHORT,4,loss,-1.00,110.92300,111.50000,109.14800,3.08,0,0,0,0,1,0,0,0,0,0,1,1,0,0,1,0
USDJPY,2006-05-18,SHORT,4,loss,-1.00,111.07100,111.50000,109.14800,4.48,0,0,0,0,1,0,0,0,0,0,1,1,0,0,1,0
USDCAD,2006-05-18,SHORT,5,loss,-1.00,1.11399,1.11725,1.10473,2.84,0,0,0,1,1,0,0,0,0,0,1,1,0,0,0,1
USDJPY,2006-05-18,SHORT,5,loss,-1.00,110.88700,111.31900,109.14800,4.03,0,0,0,0,1,0,0,0,0,0,1,1,0,1,1,0
USDCAD,2006-05-18,SHORT,3,loss,-1.00,1.12092,1.12506,1.10473,3.91,0,0,0,1,1,0,0,0,0,0,1,0,0,0,0,0
USDJPY,2006-05-18,SHORT,5,loss,-1.00,111.00300,111.31900,109.14800,5.87,0,0,0,0,1,0,0,0,0,0,1,1,0,1,1,0
GBPUSD,2006-05-24,LONG,3,loss,-1.00,1.86731,1.86317,1.88467,4.19,0,0,0,0,1,0,0,0,0,0,1,1,0,0,0,0
USDCHF,2006-05-24,SHORT,4,loss,-1.00,1.21862,1.22386,1.20409,2.77,0,0,0,0,1,1,0,0,0,0,1,1,0,0,0,0
GBPUSD,2006-05-26,LONG,3,win,3.45,1.85615,1.85135,1.87273,3.45,0,0,0,0,1,1,0,0,0,0,1,0,0,0,0,0
USDCHF,2006-05-26,SHORT,4,win,3.15,1.22709,1.23039,1.21669,3.15,0,0,0,0,1,1,0,0,1,0,1,0,0,0,0,0
USDJPY,2006-05-26,SHORT,3,win,2.72,112.68000,112.96200,111.91300,2.72,0,0,0,0,1,0,0,0,0,0,1,0,0,0,1,0
GBPUSD,2006-05-26,LONG,4,win,3.14,1.85626,1.85135,1.87167,3.14,0,0,0,0,1,1,0,0,0,0,1,0,1,0,0,0
EURUSD,2006-05-26,LONG,5,win,2.56,1.27237,1.26946,1.27982,2.56,0,0,0,0,1,1,0,0,1,0,1,1,0,0,0,0
GBPUSD,2006-05-29,LONG,3,win,3.76,1.85680,1.85285,1.87167,3.76,0,0,0,0,1,0,0,0,0,0,1,1,0,0,0,0
AUDUSD,2006-05-31,LONG,6,loss,-1.00,0.75142,0.74839,0.76107,3.18,0,0,0,0,1,0,1,0,1,0,1,0,1,0,1,0
GBPUSD,2006-06-06,LONG,5,loss,-1.00,1.86047,1.85606,1.87441,3.16,0,0,0,0,1,1,0,0,1,0,1,1,0,0,0,0
GBPUSD,2006-06-06,LONG,5,loss,-1.00,1.86081,1.85606,1.87435,2.85,0,0,0,0,1,1,0,0,1,0,1,1,0,0,0,0
EURUSD,2006-06-07,LONG,4,loss,-1.00,1.27758,1.27220,1.29166,2.62,0,0,0,0,1,1,0,0,0,0,1,1,0,0,0,0
USDCAD,2006-06-07,SHORT,4,loss,-1.00,1.11555,1.11746,1.10729,4.32,0,0,0,1,1,0,1,0,0,0,1,0,0,0,0,0
GBPUSD,2006-06-07,LONG,3,loss,-1.00,1.85812,1.85285,1.87435,3.08,0,0,0,0,1,0,0,0,0,0,1,1,0,0,0,0
USDJPY,2006-06-07,SHORT,4,loss,-1.00,113.28800,113.53200,112.20600,4.43,0,0,0,0,1,0,1,0,0,0,1,0,0,1,0,0
GBPUSD,2006-06-07,LONG,3,loss,-1.00,1.85773,1.85285,1.87435,3.41,0,0,0,0,1,0,0,0,0,0,1,1,0,0,0,0
GBPUSD,2006-06-07,LONG,3,loss,-1.00,1.85555,1.85135,1.87435,4.48,0,0,0,0,1,0,0,0,0,0,1,1,0,0,0,0
USDCHF,2006-06-08,SHORT,2,loss,-1.00,1.22621,1.22922,1.21438,3.93,0,0,0,0,1,0,0,0,0,0,1,0,0,0,0,0
USDCAD,2006-06-08,SHORT,5,win,3.46,1.12310,1.12605,1.11288,3.46,0,0,0,1,1,1,1,0,0,0,1,0,0,0,0,0
GBPUSD,2006-06-09,LONG,3,loss,-1.00,1.84207,1.83688,1.85700,2.88,0,0,0,0,1,0,1,0,0,0,1,0,0,0,0,0
NZDUSD,2006-06-09,SHORT,9,win,3.11,0.63307,0.63505,0.62692,3.11,0,0,1,0,1,1,1,0,1,1,1,1,0,1,0,0
GBPUSD,2006-06-09,LONG,3,loss,-1.00,1.84055,1.83688,1.85700,4.48,0,0,0,0,1,0,1,0,0,0,1,0,0,0,0,0
GBPUSD,2006-06-12,LONG,5,loss,-1.00,1.84025,1.83672,1.85700,4.75,0,0,1,0,1,1,1,0,0,0,1,0,0,0,0,0
GBPUSD,2006-06-13,LONG,4,win,3.84,1.83377,1.83116,1.84380,3.84,0,0,1,0,1,0,1,0,0,0,1,0,0,0,0,0
USDCAD,2006-06-16,SHORT,8,loss,-1.00,1.12200,1.12428,1.11344,3.75,0,0,0,1,1,1,1,0,1,1,1,0,1,0,0,0
USDCAD,2006-06-19,SHORT,8,loss,-1.00,1.12284,1.12485,1.11344,4.68,0,0,1,1,1,1,0,1,1,1,1,0,0,0,0,0
USDCAD,2006-06-19,SHORT,8,win,4.73,1.12286,1.12485,1.11344,4.73,0,0,1,1,1,1,0,1,1,1,1,0,0,0,0,0
AUDUSD,2006-06-30,SHORT,4,loss,-1.00,0.74238,0.74442,0.72886,6.63,0,0,0,0,1,1,1,0,0,0,1,0,0,0,0,0
AUDUSD,2006-06-30,SHORT,5,loss,-1.00,0.74163,0.74442,0.72886,4.58,0,0,0,0,1,1,1,0,0,0,1,0,1,0,0,0
AUDUSD,2006-06-30,SHORT,5,loss,-1.00,0.74261,0.74442,0.72886,7.60,0,1,0,0,1,1,1,0,0,0,1,0,0,0,0,0
AUDUSD,2006-07-03,SHORT,6,loss,-1.00,0.74215,0.74442,0.72886,5.85,0,0,0,0,1,1,1,1,0,0,1,1,0,0,0,0
AUDUSD,2006-07-04,SHORT,4,loss,-1.00,0.74545,0.75006,0.72886,3.60,0,1,0,0,1,0,1,0,0,0,1,0,0,0,0,0
AUDUSD,2006-07-04,SHORT,4,loss,-1.00,0.74440,0.74600,0.72886,9.71,0,1,0,0,1,0,1,0,0,0,1,0,0,0,0,0
AUDUSD,2006-07-04,SHORT,4,loss,-1.00,0.74446,0.74600,0.72886,10.13,0,1,0,0,1,0,1,0,0,0,1,0,0,0,0,0
USDCAD,2006-07-07,SHORT,6,loss,-1.00,1.11320,1.11502,1.10504,4.48,0,0,0,1,1,0,1,0,0,1,1,1,0,0,0,0
USDCAD,2006-07-07,SHORT,7,loss,-1.00,1.11314,1.11502,1.10504,4.31,0,0,0,1,1,0,1,0,0,1,1,1,1,0,0,0
USDCAD,2006-07-10,SHORT,4,loss,-1.00,1.12337,1.12641,1.11435,2.97,0,0,0,0,1,1,0,0,0,1,1,0,0,0,0,0
USDCAD,2006-07-10,SHORT,4,loss,-1.00,1.12442,1.12641,1.11438,5.05,0,0,0,0,1,1,0,0,0,1,1,0,0,0,0,0
USDCAD,2006-07-10,SHORT,4,loss,-1.00,1.12500,1.12857,1.11438,2.97,0,0,0,0,1,1,0,0,0,1,1,0,0,0,0,0
NZDUSD,2006-07-10,SHORT,5,loss,-1.00,0.61045,0.61169,0.60660,3.10,0,0,0,0,1,1,0,0,1,0,1,1,0,0,0,0
NZDUSD,2006-07-11,SHORT,3,loss,-1.00,0.61400,0.61521,0.61090,2.56,0,0,0,0,1,0,0,0,1,0,1,0,0,0,0,0
USDCHF,2006-07-12,SHORT,4,loss,-1.00,1.23072,1.23290,1.22325,3.43,0,0,0,0,1,0,1,0,0,0,1,1,0,0,0,0
USDCHF,2006-07-12,SHORT,4,loss,-1.00,1.23368,1.23558,1.22699,3.52,0,0,0,0,1,0,1,0,0,0,1,1,0,0,0,0
USDCHF,2006-07-14,SHORT,4,loss,-1.00,1.23421,1.23683,1.22699,2.76,0,0,0,0,1,0,1,0,0,0,1,1,0,0,0,0
USDCHF,2006-07-17,SHORT,3,loss,-1.00,1.24631,1.25001,1.22699,5.22,0,0,0,0,1,1,0,0,0,0,1,0,0,0,0,0
NZDUSD,2006-07-17,SHORT,3,loss,-1.00,0.62059,0.62200,0.61675,2.72,0,0,0,0,1,0,1,0,0,0,1,0,0,0,0,0
EURUSD,2006-07-17,LONG,4,loss,-1.00,1.25350,1.24861,1.27183,3.75,0,0,1,0,1,1,0,0,0,0,1,0,0,0,0,0
EURUSD,2006-07-17,LONG,5,loss,-1.00,1.25197,1.24861,1.26218,3.04,0,0,1,0,1,1,0,0,0,0,1,0,0,0,1,0
USDJPY,2006-08-01,LONG,5,loss,-1.00,114.53000,114.17500,115.74300,3.42,0,1,1,0,1,0,0,0,0,0,1,0,0,0,1,0
AUDUSD,2006-08-08,LONG,4,loss,-1.00,0.75989,0.75815,0.76502,2.95,0,0,1,0,1,0,0,0,0,0,1,1,0,0,0,0
USDCHF,2006-08-10,SHORT,4,loss,-1.00,1.23708,1.24226,1.22258,2.80,0,0,0,0,1,0,1,0,0,0,1,1,0,0,0,0
EURUSD,2006-08-11,LONG,4,loss,-1.00,1.27542,1.27182,1.28452,2.53,0,0,0,0,1,0,1,0,0,0,1,1,0,0,0,0
GBPUSD,2006-08-11,LONG,3,loss,-1.00,1.89035,1.88663,1.90285,3.36,0,0,0,0,1,0,0,0,0,0,1,1,0,0,0,0
AUDUSD,2006-08-14,LONG,4,win,2.56,0.75887,0.75577,0.76681,2.56,0,0,0,0,1,0,1,0,0,0,1,1,0,0,0,0
AUDUSD,2006-08-17,LONG,4,loss,-1.00,0.76031,0.75787,0.76694,2.72,0,0,0,0,1,0,0,0,1,0,1,1,0,0,0,0
AUDUSD,2006-08-18,LONG,6,win,2.51,0.75869,0.75577,0.76602,2.51,0,0,0,0,1,1,1,0,1,0,1,1,0,0,0,0
EURUSD,2006-08-18,LONG,4,win,2.62,1.27984,1.27670,1.28806,2.62,0,0,0,0,1,0,0,0,1,0,1,1,0,0,0,0
AUDUSD,2006-08-18,LONG,6,win,3.15,0.75824,0.75577,0.76602,3.15,0,0,0,0,1,1,1,0,1,0,1,1,0,0,0,0
EURUSD,2006-08-22,LONG,6,loss,-1.00,1.28114,1.27788,1.29096,3.01,0,0,0,0,1,1,0,0,1,0,1,1,0,1,0,0
EURUSD,2006-08-22,LONG,6,loss,-1.00,1.28011,1.27788,1.28724,3.20,0,0,0,0,1,1,1,0,1,0,1,1,0,0,0,0
USDCHF,2006-08-22,SHORT,6,loss,-1.00,1.23428,1.23779,1.22540,2.53,0,0,0,0,1,1,1,0,1,0,1,1,0,0,0,0
EURUSD,2006-08-22,LONG,6,loss,-1.00,1.28000,1.27788,1.28724,3.42,0,0,0,0,1,1,1,0,1,0,1,1,0,0,0,0
EURUSD,2006-08-23,LONG,5,loss,-1.00,1.27920,1.27670,1.28724,3.22,0,0,0,0,1,0,1,0,1,0,1,1,0,0,0,0
USDCHF,2006-08-23,SHORT,6,loss,-1.00,1.23542,1.23779,1.22540,4.23,0,0,0,0,1,1,1,0,1,0,1,1,0,0,0,0
EURUSD,2006-08-23,LONG,5,loss,-1.00,1.27916,1.27670,1.28724,3.28,0,0,0,0,1,0,1,0,1,0,1,1,0,0,0,0
USDCHF,2006-09-01,SHORT,8,loss,-1.00,1.23179,1.23427,1.22446,2.96,0,0,0,0,1,1,1,1,1,0,1,1,0,1,0,0
USDCAD,2006-09-05,SHORT,3,loss,-1.00,1.11088,1.11244,1.10656,2.77,0,0,0,0,1,0,0,0,0,0,1,1,0,0,0,0
GBPUSD,2006-09-05,LONG,4,loss,-1.00,1.89234,1.88954,1.90513,4.57,0,0,0,0,1,1,0,0,0,0,1,1,0,0,0,0
USDCAD,2006-09-05,SHORT,4,loss,-1.00,1.11085,1.11244,1.10656,2.70,0,0,0,0,1,0,0,0,0,0,1,1,1,0,0,0
USDCAD,2006-09-05,SHORT,3,loss,-1.00,1.11137,1.11244,1.10656,4.50,0,0,0,0,1,0,0,0,0,0,1,1,0,0,0,0
USDCAD,2006-09-06,SHORT,4,win,5.52,1.11263,1.11373,1.10656,5.52,0,0,0,0,1,0,1,0,0,0,1,1,0,0,0,0
GBPUSD,2006-09-06,LONG,4,loss,-1.00,1.88076,1.87753,1.89509,4.44,0,0,0,0,1,1,1,0,0,0,1,0,0,0,0,0
GBPUSD,2006-09-07,LONG,3,loss,-1.00,1.87401,1.86989,1.88547,2.78,0,0,0,0,1,0,1,0,0,0,1,0,0,0,0,0
EURUSD,2006-09-07,LONG,6,loss,-1.00,1.27297,1.26953,1.28286,2.88,0,0,0,0,1,1,1,0,0,1,1,1,0,0,0,0
EURUSD,2006-09-07,LONG,6,loss,-1.00,1.27504,1.27260,1.28231,2.98,0,0,0,0,1,1,1,0,0,1,1,1,0,0,0,0
AUDUSD,2006-09-07,LONG,3,loss,-1.00,0.75768,0.75441,0.76688,2.81,0,0,0,0,1,0,1,0,0,0,1,0,0,0,0,0
EURUSD,2006-09-07,LONG,6,loss,-1.00,1.27257,1.26953,1.28231,3.20,0,0,0,0,1,1,1,0,0,1,1,1,0,0,0,0
EURUSD,2006-09-08,LONG,5,loss,-1.00,1.27125,1.26953,1.28231,6.43,0,0,0,0,1,0,1,0,0,1,1,1,0,0,0,0
AUDUSD,2006-09-08,LONG,3,loss,-1.00,0.75765,0.75441,0.76688,2.85,0,0,0,0,1,0,1,0,0,0,1,0,0,0,0,0
USDCAD,2006-09-08,SHORT,3,loss,-1.00,1.11152,1.11373,1.10549,2.73,0,0,0,0,1,0,0,0,0,0,1,1,0,0,0,0
AUDUSD,2006-09-08,LONG,3,loss,-1.00,0.75333,0.75086,0.76688,5.49,0,1,0,0,1,0,0,0,0,0,1,0,0,0,0,0
GBPUSD,2006-09-08,LONG,2,loss,-1.00,1.86530,1.86252,1.87408,3.16,0,0,0,0,1,0,0,0,0,0,1,0,0,0,0,0
GBPUSD,2006-09-08,LONG,2,loss,-1.00,1.86495,1.86252,1.87383,3.65,0,0,0,0,1,0,0,0,0,0,1,0,0,0,0,0
AUDUSD,2006-09-11,LONG,4,loss,-1.00,0.75057,0.74841,0.75765,3.28,0,1,0,0,1,0,0,0,0,0,1,0,0,0,1,0
USDCAD,2006-09-12,SHORT,4,loss,-1.00,1.11955,1.12248,1.11162,2.71,0,0,0,0,1,0,1,0,0,0,1,1,0,0,0,0
USDCAD,2006-09-13,SHORT,7,loss,-1.00,1.12022,1.12248,1.11162,3.81,0,0,0,0,1,1,1,1,0,0,1,1,1,0,0,0
USDCAD,2006-09-13,SHORT,6,loss,-1.00,1.11996,1.12248,1.11162,3.31,0,0,0,0,1,1,1,1,0,0,1,1,0,0,0,0
USDJPY,2006-09-20,LONG,6,loss,-1.00,117.43000,117.23700,117.94200,2.65,0,0,0,0,1,0,0,0,0,1,1,1,0,0,1,1
USDJPY,2006-09-21,LONG,6,win,2.97,116.28400,115.98800,117.16400,2.97,0,0,0,0,1,1,1,0,0,1,1,0,0,1,0,0
USDJPY,2006-09-22,LONG,6,win,3.38,116.20300,115.98800,116.92900,3.38,0,0,0,0,1,1,1,1,0,1,1,0,0,0,0,0
NZDUSD,2006-09-28,LONG,6,loss,-1.00,0.65578,0.65291,0.66528,3.31,0,0,0,0,1,0,0,0,0,1,1,1,1,1,0,0
NZDUSD,2006-09-28,LONG,5,loss,-1.00,0.65555,0.65291,0.66528,3.68,0,0,0,0,1,0,0,0,0,1,1,1,0,1,0,0
USDJPY,2006-10-05,LONG,6,win,3.34,117.57600,117.36300,118.28800,3.34,0,0,0,0,1,1,0,0,0,1,1,1,0,0,1,0
USDJPY,2006-10-05,LONG,6,win,2.52,117.62600,117.36300,118.28800,2.52,0,0,0,0,1,1,0,0,0,1,1,1,0,0,1,0
USDJPY,2006-10-16,LONG,3,loss,-1.00,119.23500,119.07500,119.75100,3.23,0,0,0,0,1,0,0,0,0,0,1,1,0,0,0,0
USDJPY,2006-10-16,LONG,3,loss,-1.00,119.24000,119.07500,119.75100,3.10,0,0,0,0,1,0,0,0,0,0,1,1,0,0,0,0
USDJPY,2006-10-16,LONG,4,loss,-1.00,119.09700,118.89200,119.75100,3.19,0,0,0,0,1,0,0,0,0,0,1,1,0,0,1,0
NZDUSD,2006-10-26,LONG,4,loss,-1.00,0.65527,0.65328,0.66223,3.50,0,0,0,0,1,0,1,0,1,0,1,0,0,0,0,0
USDCHF,2006-10-26,LONG,6,loss,-1.00,1.25651,1.25480,1.26318,3.90,0,1,0,0,1,0,1,0,1,0,1,1,0,0,0,0
USDJPY,2006-10-27,LONG,6,loss,-1.00,117.60900,117.36300,118.81500,4.90,0,0,0,0,1,1,1,0,1,0,1,0,0,0,1,0
USDJPY,2006-10-27,LONG,6,loss,-1.00,117.56000,117.36300,118.49900,4.77,0,0,0,0,1,1,1,0,1,0,1,0,0,0,1,0
USDCHF,2006-10-30,LONG,7,loss,-1.00,1.24874,1.24692,1.25430,3.05,0,1,0,0,1,0,1,0,1,0,1,1,0,0,1,0
USDCHF,2006-10-30,LONG,8,loss,-1.00,1.24883,1.24692,1.25430,2.86,0,1,0,0,1,0,1,0,1,0,1,1,1,0,1,0
USDCHF,2006-10-31,LONG,2,win,3.33,1.24368,1.24049,1.25430,3.33,0,0,0,0,1,0,0,0,0,0,1,0,0,0,0,0
USDCHF,2006-10-31,LONG,2,win,3.68,1.24304,1.24049,1.25242,3.68,0,0,0,0,1,0,0,0,0,0,1,0,0,0,0,0
AUDUSD,2006-11-03,LONG,5,loss,-1.00,0.76902,0.76677,0.77594,3.08,0,0,1,0,1,1,0,0,0,0,1,1,0,0,0,0
EURUSD,2006-11-06,LONG,4,win,4.12,1.27003,1.26825,1.27736,4.12,0,0,0,0,1,0,1,0,0,0,1,1,0,0,0,0
GBPUSD,2006-11-13,LONG,5,loss,-1.00,1.90102,1.89748,1.91412,3.70,0,0,0,0,1,0,0,0,1,0,1,1,0,0,1,0
GBPUSD,2006-11-14,LONG,5,loss,-1.00,1.89744,1.89488,1.90552,3.16,0,0,0,0,1,0,1,0,1,0,1,1,0,0,0,0
USDCHF,2006-11-15,SHORT,8,loss,-1.00,1.25032,1.25214,1.23713,7.25,0,1,0,0,1,1,1,0,1,0,1,1,0,0,1,0
EURUSD,2006-11-17,LONG,5,win,2.60,1.27667,1.27457,1.28213,2.60,0,0,0,1,1,0,1,0,0,0,1,1,0,0,0,0
USDCAD,2006-11-23,LONG,4,loss,-1.00,1.14070,1.13799,1.14837,2.83,0,1,0,0,1,0,0,0,0,0,1,1,0,0,0,0
USDCAD,2006-11-27,LONG,5,win,2.60,1.13028,1.12624,1.14080,2.60,0,0,0,0,1,1,1,0,0,0,1,1,0,0,0,0
USDCHF,2006-12-13,SHORT,5,loss,-1.00,1.20540,1.20978,1.19308,2.81,0,0,0,0,1,1,0,0,0,1,1,1,0,0,0,0
EURUSD,2006-12-14,LONG,5,loss,-1.00,1.31517,1.31287,1.32328,3.53,0,0,0,1,1,1,0,0,0,0,1,1,0,0,0,0
GBPUSD,2006-12-15,LONG,5,loss,-1.00,1.95000,1.94655,1.96233,3.57,0,0,0,0,1,0,0,0,1,0,1,1,0,0,1,0
GBPUSD,2006-12-26,LONG,6,loss,-1.00,1.95917,1.95548,1.97395,4.01,0,0,1,0,1,0,0,0,1,0,1,1,0,0,0,1
AUDUSD,2006-12-26,LONG,5,loss,-1.00,0.78553,0.77890,0.80424,2.82,0,0,0,0,1,0,0,0,1,0,1,1,1,0,0,0
USDCHF,2006-12-26,SHORT,7,loss,-1.00,1.21991,1.22225,1.21341,2.78,0,0,1,0,1,1,1,0,1,0,1,1,0,0,0,0
AUDUSD,2006-12-26,LONG,4,loss,-1.00,0.78212,0.77890,0.80424,6.87,0,0,0,0,1,0,0,0,1,0,1,1,0,0,0,0
USDCHF,2006-12-26,SHORT,7,loss,-1.00,1.22288,1.22664,1.21341,2.52,0,0,1,0,1,1,1,0,1,0,1,1,0,0,0,0
GBPUSD,2006-12-27,LONG,6,win,5.24,1.95493,1.95130,1.97395,5.24,0,0,1,0,1,0,0,0,1,0,1,1,0,1,0,0
USDCHF,2006-12-27,SHORT,7,loss,-1.00,1.22505,1.22664,1.21892,3.86,0,0,1,0,1,1,1,0,1,0,1,1,0,0,0,0
NZDUSD,2007-01-03,LONG,4,loss,-1.00,0.70344,0.70147,0.70867,2.65,0,0,0,0,1,1,0,0,0,0,1,1,0,0,0,0
USDCHF,2007-01-03,SHORT,5,loss,-1.00,1.22364,1.22705,1.21246,3.28,0,0,0,0,1,1,1,0,0,0,1,1,0,0,0,0
USDCHF,2007-01-03,SHORT,5,loss,-1.00,1.22528,1.22705,1.21246,7.24,0,0,0,0,1,1,1,0,0,0,1,1,0,0,0,0
GBPUSD,2007-01-03,LONG,7,loss,-1.00,1.95038,1.94337,1.97485,3.49,0,0,0,0,1,1,1,0,1,0,1,1,0,0,1,0
EURUSD,2007-01-04,LONG,7,loss,-1.00,1.30862,1.30522,1.31723,2.53,0,0,0,1,1,1,1,0,1,0,1,1,0,0,0,0
USDJPY,2007-01-05,LONG,6,win,4.05,118.17900,117.96100,119.06200,4.05,0,0,0,0,1,1,1,0,0,0,1,1,0,0,1,0
AUDUSD,2007-01-05,LONG,4,loss,-1.00,0.77911,0.77584,0.79080,3.57,0,0,0,0,1,1,1,0,0,0,1,0,0,0,0,0
NZDUSD,2007-01-05,LONG,3,loss,-1.00,0.68806,0.68591,0.69449,2.99,0,0,0,0,1,0,1,0,0,0,1,0,0,0,0,0
NZDUSD,2007-01-05,LONG,3,win,2.53,0.68688,0.68390,0.69441,2.53,0,0,0,0,1,0,1,0,0,0,1,0,0,0,0,0
EURUSD,2007-01-08,LONG,4,loss,-1.00,1.30079,1.29804,1.30967,3.23,0,0,0,0,1,0,1,0,0,0,1,0,0,0,1,0
EURUSD,2007-01-08,LONG,4,loss,-1.00,1.30071,1.29804,1.30967,3.36,0,0,0,0,1,0,1,0,0,0,1,0,0,0,1,0
NZDUSD,2007-01-08,LONG,3,loss,-1.00,0.68792,0.68591,0.69441,3.23,0,0,0,0,1,0,1,0,0,0,1,0,0,0,0,0
NZDUSD,2007-01-08,LONG,4,loss,-1.00,0.68790,0.68591,0.69441,3.27,0,0,0,0,1,0,1,0,0,0,1,0,1,0,0,0
NZDUSD,2007-01-10,LONG,3,win,3.23,0.68642,0.68395,0.69441,3.23,0,0,0,0,1,0,1,0,0,0,1,0,0,0,0,0
USDCAD,2007-01-15,LONG,3,win,2.54,1.16640,1.16218,1.17712,2.54,0,0,0,0,1,0,0,0,0,0,1,1,0,0,0,0
GBPUSD,2007-01-24,LONG,3,loss,-1.00,1.96526,1.95900,1.98192,2.66,0,0,0,0,1,0,0,0,0,0,1,1,0,0,0,0
AUDUSD,2007-01-24,LONG,6,loss,-1.00,0.78038,0.77739,0.79196,3.87,0,0,0,0,1,1,1,0,0,1,1,1,0,0,0,0
NZDUSD,2007-01-26,LONG,3,loss,-1.00,0.69484,0.69215,0.70226,2.76,0,0,0,0,1,0,0,0,0,0,1,1,0,0,0,0
NZDUSD,2007-01-30,LONG,4,loss,-1.00,0.68766,0.68549,0.69657,4.11,0,0,0,0,1,0,1,0,0,0,1,0,0,1,0,0
NZDUSD,2007-01-30,LONG,4,loss,-1.00,0.68841,0.68549,0.69657,2.79,0,0,0,0,1,0,1,0,0,0,1,0,0,1,0,0
USDCAD,2007-01-31,LONG,3,win,2.59,1.17542,1.17298,1.18173,2.59,0,0,0,0,1,0,0,0,0,0,1,1,0,0,0,0
USDJPY,2007-02-01,LONG,7,loss,-1.00,120.49500,120.19000,121.49500,3.28,0,0,0,0,1,1,0,1,1,0,1,1,0,0,1,0
USDJPY,2007-02-01,LONG,7,loss,-1.00,120.48700,120.19000,121.49500,3.39,0,0,0,0,1,1,0,1,1,0,1,1,0,0,1,0
USDJPY,2007-02-05,LONG,5,loss,-1.00,120.27400,120.05100,120.98300,3.18,0,0,0,0,1,0,1,0,1,0,1,1,0,0,0,0
USDCAD,2007-02-08,LONG,5,loss,-1.00,1.18238,1.18110,1.18625,3.02,0,0,0,0,1,1,0,0,1,0,1,1,0,0,0,0
GBPUSD,2007-02-08,LONG,6,loss,-1.00,1.95758,1.95363,1.96867,2.81,0,0,0,0,1,1,1,0,1,0,1,1,0,0,0,0
USDCAD,2007-02-09,LONG,6,loss,-1.00,1.17540,1.17354,1.18580,5.59,0,0,0,0,1,1,1,0,1,0,1,1,0,0,0,0
USDCAD,2007-02-09,LONG,5,loss,-1.00,1.17158,1.16981,1.18416,7.11,0,0,0,0,1,1,1,0,1,0,1,0,0,0,0,0
USDCAD,2007-02-12,LONG,6,loss,-1.00,1.17242,1.16981,1.18291,4.02,0,0,0,0,1,1,1,0,1,0,1,1,0,0,0,0
USDCAD,2007-02-12,LONG,7,loss,-1.00,1.17470,1.17298,1.18291,4.77,0,0,0,0,1,1,1,0,1,0,1,1,0,0,0,1
USDCAD,2007-02-12,LONG,6,loss,-1.00,1.17583,1.17354,1.18291,3.09,0,0,0,0,1,1,1,0,1,0,1,1,0,0,0,0
USDCAD,2007-02-13,LONG,4,loss,-1.00,1.17246,1.17050,1.18291,5.33,0,0,0,0,1,0,1,0,0,0,1,1,0,0,0,0
USDCAD,2007-02-13,LONG,3,loss,-1.00,1.16848,1.16439,1.18291,3.53,0,0,0,0,1,0,1,0,0,0,1,0,0,0,0,0
USDCAD,2007-02-13,LONG,3,loss,-1.00,1.16646,1.16439,1.17402,3.65,0,0,0,0,1,0,1,0,0,0,1,0,0,0,0,0
USDCAD,2007-02-14,LONG,3,loss,-1.00,1.16483,1.16218,1.17245,2.88,0,0,0,0,1,0,1,0,0,0,1,0,0,0,0,0
USDJPY,2007-02-27,LONG,5,loss,-1.00,119.35700,118.98400,120.63300,3.42,1,0,0,0,1,0,0,0,1,0,1,0,0,0,1,0
USDJPY,2007-02-27,LONG,5,loss,-1.00,118.18800,117.97500,119.93100,8.18,1,0,0,0,1,0,0,0,1,0,1,0,0,0,1,0
NZDUSD,2007-02-27,LONG,5,loss,-1.00,0.70037,0.69875,0.71005,5.98,0,0,0,0,1,1,0,0,0,0,1,1,0,0,1,0
AUDUSD,2007-03-01,LONG,6,loss,-1.00,0.78641,0.78476,0.79225,3.54,0,0,0,0,1,1,1,0,0,1,1,1,0,0,0,0
NZDUSD,2007-03-02,LONG,2,loss,-1.00,0.68510,0.68143,0.70011,4.09,0,0,0,0,1,0,0,0,0,0,1,0,0,0,0,0
USDJPY,2007-03-02,LONG,4,loss,-1.00,117.08800,116.63200,118.73000,3.60,1,1,0,0,1,0,0,0,0,0,0,0,0,0,1,0
GBPUSD,2007-03-02,LONG,6,loss,-1.00,1.94789,1.94333,1.96296,3.30,1,0,0,0,1,1,1,0,0,0,1,1,0,0,0,0
GBPUSD,2007-03-02,LONG,5,loss,-1.00,1.94410,1.94014,1.95671,3.18,1,0,0,0,1,1,0,0,0,0,1,1,0,0,0,0
EURUSD,2007-03-02,LONG,5,loss,-1.00,1.31687,1.31491,1.32287,3.06,1,0,0,0,1,0,0,0,1,0,1,1,0,0,0,0
GBPUSD,2007-03-02,LONG,4,loss,-1.00,1.94318,1.94014,1.95671,4.45,1,0,0,0,1,1,0,0,0,0,0,1,0,0,0,0
AUDUSD,2007-03-05,LONG,5,loss,-1.00,0.77290,0.77020,0.78070,2.89,0,0,1,0,1,1,0,0,0,1,1,0,0,0,0,0
AUDUSD,2007-03-05,LONG,6,win,3.78,0.76980,0.76692,0.78070,3.78,0,1,1,0,1,1,0,0,0,1,1,0,0,0,0,0
USDCHF,2007-03-08,SHORT,4,loss,-1.00,1.22193,1.22544,1.21226,2.75,1,0,0,0,1,0,0,0,0,0,1,1,0,0,0,0
GBPUSD,2007-03-13,LONG,5,loss,-1.00,1.92893,1.92529,1.93924,2.83,1,0,0,0,1,0,0,0,1,0,0,1,0,1,0,0
GBPUSD,2007-03-13,LONG,5,loss,-1.00,1.92912,1.92529,1.93924,2.64,1,0,0,0,1,0,0,0,1,0,0,1,0,1,0,0
USDCAD,2007-03-20,LONG,3,loss,-1.00,1.16027,1.15752,1.17659,5.93,0,0,0,0,1,0,0,0,1,0,1,0,0,0,0,0
USDCHF,2007-03-23,SHORT,4,loss,-1.00,1.21480,1.21663,1.20823,3.59,1,0,0,0,1,0,0,0,0,0,1,1,0,0,0,0
USDCHF,2007-03-23,SHORT,4,loss,-1.00,1.21795,1.22142,1.20823,2.80,1,0,0,0,1,0,0,0,0,0,1,1,0,0,0,0
USDCHF,2007-03-26,SHORT,4,loss,-1.00,1.21435,1.21663,1.20823,2.68,1,0,0,0,1,0,0,0,0,0,1,1,0,0,0,0
NZDUSD,2007-03-28,LONG,4,loss,-1.00,0.71018,0.70813,0.71644,3.05,0,0,0,0,1,1,0,0,0,0,1,1,0,0,0,0
USDCHF,2007-04-03,SHORT,5,win,6.22,1.22230,1.22377,1.21315,6.22,1,0,0,0,1,0,1,0,0,0,1,1,0,0,0,0
AUDUSD,2007-04-03,LONG,5,win,3.62,0.80797,0.80554,0.81677,3.62,0,0,1,0,1,1,0,0,0,0,1,1,0,0,0,0
USDCHF,2007-04-06,SHORT,6,loss,-1.00,1.22170,1.22330,1.21610,3.50,1,0,0,0,1,0,1,0,1,0,1,1,0,0,0,0
USDCHF,2007-04-09,SHORT,8,loss,-1.00,1.22240,1.22377,1.21610,4.60,1,0,0,0,1,0,1,1,1,0,1,1,1,0,0,0
NZDUSD,2007-04-18,LONG,2,win,2.64,0.74023,0.73740,0.74770,2.64,0,0,0,0,1,0,0,0,0,0,1,0,0,0,0,0
NZDUSD,2007-04-19,LONG,4,win,2.54,0.74010,0.73740,0.74695,2.54,0,0,0,0,1,1,0,0,0,0,1,1,0,0,0,0
GBPUSD,2007-04-23,LONG,5,loss,-1.00,2.00160,1.99880,2.00870,2.54,1,0,0,0,1,0,0,0,0,0,1,1,0,0,1,0
GBPUSD,2007-04-23,LONG,5,loss,-1.00,2.00050,1.99840,2.00870,3.90,1,0,0,0,1,0,0,0,0,0,1,1,0,0,1,0
NZDUSD,2007-04-26,LONG,4,loss,-1.00,0.73845,0.73630,0.74560,3.33,0,0,0,0,1,1,0,0,0,0,1,1,0,0,0,0
GBPUSD,2007-05-02,LONG,5,loss,-1.00,1.99145,1.98640,2.00480,2.64,1,0,0,0,1,1,0,0,0,0,1,1,0,0,0,0
GBPUSD,2007-05-02,LONG,5,loss,-1.00,1.99080,1.98640,2.00480,3.18,1,0,0,0,1,1,0,0,0,0,1,1,0,0,0,0
GBPUSD,2007-05-02,LONG,5,loss,-1.00,1.98920,1.98640,2.00480,5.57,1,0,0,0,1,1,0,0,0,0,1,1,0,0,0,0
AUDUSD,2007-05-03,LONG,4,loss,-1.00,0.82327,0.82197,0.82797,3.62,0,0,0,0,1,0,0,0,1,0,1,1,0,0,0,0
EURUSD,2007-05-04,LONG,6,win,2.64,1.35590,1.35400,1.36092,2.64,1,0,0,0,1,1,0,0,0,0,1,1,0,1,0,0
USDCHF,2007-05-09,SHORT,6,loss,-1.00,1.21810,1.21960,1.21140,4.47,1,0,0,0,1,0,1,0,0,0,1,1,0,1,0,0
EURUSD,2007-05-09,LONG,6,loss,-1.00,1.35349,1.35155,1.35997,3.34,1,0,0,0,1,1,0,0,0,0,1,1,0,1,0,0
USDCAD,2007-05-10,SHORT,3,loss,-1.00,1.10720,1.10930,1.10160,2.67,0,0,0,0,1,0,0,0,0,0,1,1,0,0,0,0
USDCAD,2007-05-10,SHORT,3,loss,-1.00,1.10740,1.10930,1.10160,3.05,0,0,0,0,1,0,0,0,0,0,1,1,0,0,0,0
AUDUSD,2007-05-10,LONG,5,win,3.39,0.82577,0.82397,0.83187,3.39,0,0,0,0,1,1,0,0,1,0,1,1,0,0,0,0
NZDUSD,2007-05-10,LONG,3,loss,-1.00,0.72800,0.72510,0.73600,2.76,0,0,0,0,1,0,1,0,0,0,1,0,0,0,0,0
USDCAD,2007-05-10,SHORT,3,loss,-1.00,1.11100,1.11420,1.10160,2.94,0,0,0,0,1,0,0,0,0,0,1,1,0,0,0,0
USDJPY,2007-05-11,LONG,4,loss,-1.00,119.79000,119.62500,120.37000,3.52,1,0,0,0,1,0,0,0,0,0,1,1,0,0,0,0
USDCAD,2007-05-11,SHORT,4,win,2.50,1.11220,1.11420,1.10720,2.50,0,0,0,0,1,1,0,0,0,0,1,1,0,0,0,0
GBPUSD,2007-05-14,LONG,5,loss,-1.00,1.98045,1.97615,1.99430,3.22,1,0,0,0,1,0,1,0,0,0,1,1,0,0,0,0
GBPUSD,2007-05-14,LONG,5,loss,-1.00,1.98020,1.97615,1.99430,3.48,1,0,0,0,1,0,1,0,0,0,1,1,0,0,0,0
GBPUSD,2007-05-14,LONG,5,loss,-1.00,1.97860,1.97615,1.99430,6.41,1,0,0,0,1,0,1,0,0,0,1,1,0,0,0,0
GBPUSD,2007-05-15,LONG,5,loss,-1.00,1.97550,1.97235,1.99430,5.97,1,0,0,0,1,0,1,0,0,0,1,1,0,0,0,0
AUDUSD,2007-05-16,LONG,5,loss,-1.00,0.82457,0.82297,0.83227,4.81,0,0,0,0,1,1,1,0,0,0,1,1,0,0,0,0
GBPUSD,2007-05-16,LONG,5,loss,-1.00,1.97730,1.97470,1.98590,3.31,1,0,0,0,1,0,1,0,0,0,1,1,0,0,0,0
GBPUSD,2007-05-16,LONG,5,loss,-1.00,1.97670,1.97470,1.98590,4.60,1,0,0,0,1,0,1,0,0,0,1,1,0,0,0,0
USDCHF,2007-05-16,SHORT,3,loss,-1.00,1.22300,1.22460,1.21540,4.75,1,0,0,0,1,0,0,0,0,0,0,1,0,0,0,0
GBPUSD,2007-05-17,LONG,5,loss,-1.00,1.97705,1.97470,1.98590,3.77,1,0,0,0,1,0,1,0,0,0,1,1,0,0,0,0
NZDUSD,2007-05-17,LONG,5,loss,-1.00,0.73170,0.72940,0.73780,2.65,0,0,0,0,1,0,1,0,1,0,1,1,0,0,0,0
EURUSD,2007-05-17,LONG,8,loss,-1.00,1.34928,1.34628,1.35967,3.46,1,0,0,0,1,1,1,0,1,0,1,1,0,0,1,0
GBPUSD,2007-05-17,LONG,4,loss,-1.00,1.97460,1.97235,1.98590,5.02,1,0,0,0,1,0,1,0,0,0,0,1,0,0,0,0
EURUSD,2007-05-17,LONG,9,loss,-1.00,1.34930,1.34628,1.35967,3.43,1,0,0,0,1,1,1,0,1,0,1,1,1,0,1,0
USDCHF,2007-05-18,SHORT,3,loss,-1.00,1.22650,1.22820,1.22140,3.00,1,0,0,0,1,0,0,0,0,0,0,1,0,0,0,0
NZDUSD,2007-05-18,LONG,5,loss,-1.00,0.72810,0.72500,0.73780,3.13,0,0,0,0,1,1,1,0,1,0,1,0,0,0,0,0
USDCHF,2007-05-18,SHORT,3,loss,-1.00,1.22670,1.22820,1.22140,3.53,1,0,0,0,1,0,0,0,0,0,0,1,0,0,0,0
NZDUSD,2007-05-21,LONG,8,loss,-1.00,0.72850,0.72650,0.73780,4.65,1,0,0,0,1,1,1,0,1,0,1,1,0,1,0,0
USDCHF,2007-05-21,SHORT,4,win,3.28,1.23220,1.23549,1.22140,3.28,1,1,1,0,1,0,0,0,0,0,0,0,0,0,0,0
EURUSD,2007-05-21,LONG,6,loss,-1.00,1.34451,1.34065,1.35967,3.93,1,0,0,0,1,0,1,0,1,0,1,1,0,0,0,0
USDCHF,2007-05-22,SHORT,5,win,3.27,1.23180,1.23310,1.22755,3.27,1,1,1,0,1,0,0,0,0,0,0,1,0,0,0,0
NZDUSD,2007-05-22,LONG,6,loss,-1.00,0.72608,0.72500,0.72970,3.35,1,0,0,0,1,1,1,0,0,0,1,1,0,0,0,0
EURUSD,2007-05-22,LONG,6,loss,-1.00,1.34487,1.34359,1.35140,5.10,1,0,0,0,1,0,1,1,0,0,1,1,0,0,0,0
EURUSD,2007-05-24,LONG,4,win,2.80,1.34274,1.34065,1.34859,2.80,1,0,0,0,1,0,1,0,0,0,0,1,0,0,0,0
AUDUSD,2007-05-24,LONG,5,loss,-1.00,0.81817,0.81697,0.82457,5.33,1,0,0,0,1,0,1,0,0,0,1,1,0,0,0,0
USDJPY,2007-05-24,LONG,6,loss,-1.00,121.33500,121.20000,121.82000,3.59,1,0,0,0,1,1,0,0,0,0,1,1,0,0,1,0
EURUSD,2007-05-24,LONG,4,win,3.36,1.34247,1.34065,1.34859,3.36,1,0,0,0,1,0,1,0,0,0,0,1,0,0,0,0
AUDUSD,2007-05-29,LONG,4,loss,-1.00,0.81857,0.81747,0.82187,3.00,1,0,0,0,1,0,1,0,0,0,0,1,0,0,0,0
EURUSD,2007-05-30,LONG,5,loss,-1.00,1.34232,1.34114,1.34988,6.41,1,0,0,0,1,1,1,0,0,0,0,1,0,0,0,0
EURUSD,2007-05-30,LONG,6,loss,-1.00,1.34302,1.34114,1.34988,3.65,1,0,0,0,1,1,1,0,0,0,0,1,0,0,0,1
USDCHF,2007-06-01,SHORT,5,loss,-1.00,1.22980,1.23150,1.22200,4.59,1,1,0,0,1,1,0,0,0,0,0,1,0,0,0,0
USDCHF,2007-06-01,SHORT,5,win,2.75,1.22990,1.23150,1.22550,2.75,1,1,0,0,1,1,0,0,0,0,0,1,0,0,0,0
USDJPY,2007-06-06,LONG,6,loss,-1.00,121.10000,120.85000,121.76000,2.64,1,0,0,0,1,1,0,0,0,0,1,1,0,0,1,0
USDJPY,2007-06-06,LONG,6,loss,-1.00,121.08000,120.85000,121.76000,2.96,1,0,0,0,1,1,0,0,0,0,1,1,0,0,1,0
USDJPY,2007-06-06,LONG,7,loss,-1.00,121.03000,120.85000,121.76000,4.06,1,0,0,0,1,1,1,0,0,0,1,1,0,0,1,0
GBPUSD,2007-06-07,LONG,7,loss,-1.00,1.97960,1.97580,1.99280,3.47,1,0,0,0,1,1,1,0,1,0,1,1,0,0,0,0
GBPUSD,2007-06-07,LONG,7,loss,-1.00,1.97725,1.97340,1.99250,3.96,1,0,0,0,1,1,1,0,1,0,1,1,0,0,0,0
USDJPY,2007-06-07,LONG,7,win,2.77,120.97000,120.68500,121.76000,2.77,1,0,0,0,1,1,1,0,0,0,1,1,0,0,1,0
USDCHF,2007-06-08,SHORT,6,loss,-1.00,1.23300,1.23549,1.21690,6.47,1,1,0,0,1,0,0,0,1,1,0,1,0,0,0,0
EURUSD,2007-06-08,LONG,3,loss,-1.00,1.33500,1.33179,1.34731,3.83,1,0,0,0,1,0,0,0,1,0,0,0,0,0,0,0
EURUSD,2007-06-08,LONG,4,loss,-1.00,1.33571,1.33400,1.34222,3.81,1,0,0,0,1,0,0,0,1,0,0,1,0,0,0,0
EURUSD,2007-06-11,LONG,5,loss,-1.00,1.33483,1.33225,1.34222,2.86,1,0,1,0,1,0,0,0,1,0,0,1,0,0,0,0
USDCHF,2007-06-11,SHORT,5,loss,-1.00,1.23865,1.24358,1.22620,2.53,1,1,0,0,1,0,0,0,1,1,0,0,0,0,0,0
USDCHF,2007-06-12,SHORT,4,loss,-1.00,1.24030,1.24358,1.22620,4.30,1,0,0,0,1,0,0,0,1,1,0,0,0,0,0,0
EURUSD,2007-06-12,LONG,5,loss,-1.00,1.33422,1.33225,1.34222,4.06,1,0,1,0,1,0,0,0,1,0,0,1,0,0,0,0
EURUSD,2007-06-12,LONG,5,loss,-1.00,1.33235,1.32880,1.34222,2.78,1,0,1,0,1,0,0,0,1,0,0,1,0,0,0,0
USDCHF,2007-06-12,SHORT,4,loss,-1.00,1.24230,1.24358,1.22620,12.58,1,0,0,0,1,0,0,0,1,1,0,0,0,0,0,0
EURUSD,2007-06-12,LONG,5,loss,-1.00,1.33093,1.32880,1.34222,5.30,1,0,1,0,1,0,0,0,1,0,0,1,0,0,0,0
EURUSD,2007-06-13,LONG,4,win,5.73,1.32785,1.32534,1.34222,5.73,1,0,1,0,1,0,0,1,0,0,0,0,0,0,0,0
USDCAD,2007-06-18,SHORT,5,loss,-1.00,1.07180,1.07390,1.06610,2.71,1,0,0,0,1,1,0,0,0,0,1,1,0,0,0,0
USDCAD,2007-06-18,SHORT,5,win,3.11,1.07200,1.07390,1.06610,3.11,1,0,0,0,1,1,0,0,0,0,1,1,0,0,0,0
USDCAD,2007-06-21,SHORT,5,loss,-1.00,1.07270,1.07520,1.06460,3.24,1,0,0,0,1,1,0,0,0,0,1,1,0,0,0,0
USDJPY,2007-06-25,LONG,6,loss,-1.00,123.35000,123.10000,124.11000,3.04,1,0,0,0,1,1,0,0,0,0,1,1,0,0,1,0
USDCHF,2007-07-04,SHORT,5,win,2.69,1.21585,1.21780,1.21060,2.69,1,0,0,0,1,0,0,0,0,0,1,1,1,0,0,0
USDCHF,2007-07-04,SHORT,4,win,3.80,1.21630,1.21780,1.21060,3.80,1,0,0,0,1,0,0,0,0,0,1,1,0,0,0,0
USDCHF,2007-07-04,SHORT,4,win,4.54,1.21650,1.21780,1.21060,4.54,1,0,0,0,1,0,0,0,0,0,1,1,0,0,0,0
NZDUSD,2007-07-05,LONG,3,loss,-1.00,0.78180,0.78016,0.78710,3.23,1,0,0,0,1,0,0,0,0,0,1,0,0,0,0,0
NZDUSD,2007-07-06,LONG,4,loss,-1.00,0.78200,0.78016,0.78710,2.77,1,0,0,0,1,0,0,0,0,0,1,1,0,0,0,0
USDJPY,2007-07-10,LONG,6,loss,-1.00,121.94500,121.48000,123.32000,2.96,1,0,0,0,1,0,1,0,1,0,1,0,0,0,1,0
USDCAD,2007-07-11,SHORT,8,win,2.66,1.05570,1.05920,1.04640,2.66,1,0,1,0,1,1,0,1,0,0,1,1,0,0,0,1
USDJPY,2007-07-20,LONG,4,loss,-1.00,121.14500,120.77000,122.36000,3.24,1,0,0,0,1,0,0,0,1,0,0,0,0,0,1,0
USDJPY,2007-07-20,LONG,6,loss,-1.00,121.19000,120.99000,122.36000,5.85,1,0,0,0,1,0,0,0,1,0,0,1,1,0,1,0
AUDUSD,2007-07-26,LONG,5,loss,-1.00,0.87787,0.87527,0.88457,2.58,1,0,0,0,1,1,0,0,0,0,1,1,0,0,0,0
NZDUSD,2007-07-26,LONG,5,loss,-1.00,0.79070,0.78820,0.80140,4.28,1,0,0,0,1,1,0,0,0,0,1,1,0,0,0,0
USDJPY,2007-07-26,LONG,3,loss,-1.00,118.75000,118.26500,120.36000,3.32,1,1,0,0,1,0,0,0,0,0,0,0,0,0,0,0
USDCAD,2007-07-27,SHORT,4,loss,-1.00,1.06020,1.06345,1.04120,5.85,1,0,0,0,1,0,1,0,0,0,1,0,0,0,0,0
GBPUSD,2007-07-27,LONG,3,loss,-1.00,2.02950,2.02600,2.04910,5.60,1,0,0,0,1,0,0,0,0,0,1,0,0,0,0,0
NZDUSD,2007-07-27,LONG,3,loss,-1.00,0.76470,0.75700,0.78520,2.66,1,0,0,0,1,0,0,0,0,0,1,0,0,0,0,0
AUDUSD,2007-07-27,LONG,4,loss,-1.00,0.85237,0.84626,0.87557,3.80,1,0,0,0,1,0,1,0,0,0,1,0,0,0,0,0
USDJPY,2007-07-27,LONG,3,loss,-1.00,118.56000,118.22500,119.99000,4.27,1,0,0,0,1,0,0,0,0,0,0,0,0,0,1,0
USDJPY,2007-07-30,LONG,2,loss,-1.00,118.24500,117.61000,119.99000,2.75,1,0,0,0,1,0,0,0,0,0,0,0,0,0,0,0
NZDUSD,2007-07-30,LONG,3,loss,-1.00,0.75560,0.74980,0.77847,3.94,1,0,0,0,1,0,0,0,0,0,1,0,0,0,0,0
USDJPY,2007-07-31,LONG,3,loss,-1.00,118.45000,118.02000,119.99000,3.58,1,0,0,0,1,0,0,0,0,0,0,0,0,0,1,0
USDJPY,2007-08-06,LONG,4,win,3.34,117.89000,117.60000,118.86000,3.34,1,0,0,0,1,1,0,0,0,0,0,0,0,0,1,0
USDCAD,2007-08-07,SHORT,6,win,2.69,1.05690,1.05885,1.05165,2.69,1,0,0,0,1,0,1,0,1,0,1,1,0,0,0,0
AUDUSD,2007-08-09,LONG,6,loss,-1.00,0.85407,0.85117,0.86477,3.69,1,0,0,0,1,0,1,0,1,0,1,1,0,0,0,0
NZDUSD,2007-08-09,LONG,4,loss,-1.00,0.75810,0.75530,0.76900,3.89,1,0,0,0,1,0,0,0,1,0,0,0,0,1,0,0
AUDUSD,2007-08-09,LONG,5,loss,-1.00,0.84997,0.84457,0.86477,2.74,1,0,0,0,1,0,0,0,1,0,1,0,0,0,1,0
USDCAD,2007-08-09,SHORT,6,loss,-1.00,1.05660,1.05885,1.04840,3.64,1,0,0,0,1,0,1,0,1,0,1,1,0,0,0,0
USDCHF,2007-08-09,SHORT,4,loss,-1.00,1.19690,1.19950,1.19010,2.62,1,0,0,0,1,0,0,0,0,0,1,1,0,0,0,0
USDCAD,2007-08-09,SHORT,7,loss,-1.00,1.05620,1.05885,1.04840,2.94,1,0,0,0,1,0,1,0,1,0,1,1,1,0,0,0
NZDUSD,2007-08-09,LONG,4,loss,-1.00,0.75300,0.74980,0.76800,4.69,1,0,0,0,1,0,0,0,1,0,0,0,0,1,0,0
EURUSD,2007-08-09,LONG,6,loss,-1.00,1.36761,1.36363,1.38009,3.14,1,0,0,0,1,1,1,0,0,0,1,1,0,0,0,0
USDCHF,2007-08-10,SHORT,4,loss,-1.00,1.19690,1.19940,1.19010,2.72,1,0,0,0,1,0,0,0,0,0,1,1,0,0,0,0
EURUSD,2007-08-13,LONG,6,loss,-1.00,1.36205,1.35935,1.36965,2.81,1,0,0,0,1,1,1,0,0,0,1,1,0,0,0,0
USDCAD,2007-08-14,SHORT,3,loss,-1.00,1.06670,1.06960,1.05730,3.24,1,0,0,0,1,0,0,0,0,0,1,0,0,0,0,0
GBPUSD,2007-08-14,LONG,2,loss,-1.00,1.99790,1.99290,2.01150,2.72,1,0,0,0,1,0,0,0,0,0,0,0,0,0,0,0
USDCHF,2007-08-14,SHORT,4,loss,-1.00,1.21140,1.21320,1.20380,4.22,1,0,0,0,1,0,1,0,0,0,1,0,0,0,0,0
NZDUSD,2007-08-14,LONG,2,loss,-1.00,0.72720,0.72465,0.73390,2.63,1,0,0,0,1,0,0,0,0,0,0,0,0,0,0,0
USDJPY,2007-08-15,LONG,3,loss,-1.00,116.71000,116.37700,117.75000,3.12,1,0,0,0,1,0,0,0,1,0,0,0,0,0,0,0
AUDUSD,2007-08-15,LONG,2,loss,-1.00,0.82047,0.81707,0.82977,2.74,1,0,0,0,1,0,0,0,0,0,0,0,0,0,0,0
NZDUSD,2007-08-15,LONG,2,loss,-1.00,0.71200,0.70783,0.72720,3.65,1,0,0,0,1,0,0,0,0,0,0,0,0,0,0,0
USDJPY,2007-08-15,LONG,4,loss,-1.00,116.67000,116.37700,117.75000,3.69,1,0,0,0,1,0,0,0,1,0,0,0,0,0,1,0
EURUSD,2007-08-15,LONG,2,loss,-1.00,1.34483,1.34233,1.35827,5.38,1,0,0,0,1,0,0,0,0,0,0,0,0,0,0,0
NZDUSD,2007-08-16,LONG,2,loss,-1.00,0.67630,0.67168,0.71190,7.71,1,0,0,0,1,0,0,0,0,0,0,0,0,0,0,0
AUDUSD,2007-08-16,LONG,3,loss,-1.00,0.78577,0.77933,0.80802,3.46,1,0,0,0,1,0,0,0,0,0,0,0,1,0,0,0
NZDUSD,2007-08-16,LONG,2,loss,-1.00,0.67740,0.67168,0.69192,2.54,1,0,0,0,1,0,0,0,0,0,0,0,0,0,0,0
USDJPY,2007-08-29,SHORT,6,win,2.88,116.15000,116.75000,114.42000,2.88,0,0,0,0,1,1,0,0,1,0,1,1,0,0,1,0
USDCHF,2007-08-31,SHORT,6,loss,-1.00,1.20870,1.21115,1.19925,3.86,1,0,0,0,1,1,1,0,0,0,1,1,0,0,0,0
EURUSD,2007-08-31,LONG,4,loss,-1.00,1.36212,1.35883,1.37131,2.79,1,0,0,0,1,0,1,0,0,0,0,1,0,0,0,0
USDCHF,2007-09-03,SHORT,6,loss,-1.00,1.20830,1.21115,1.19925,3.18,1,0,0,0,1,1,1,0,0,0,1,1,0,0,0,0
EURUSD,2007-09-03,LONG,5,loss,-1.00,1.36101,1.35883,1.37131,4.72,1,0,0,0,1,0,1,0,0,0,1,1,0,0,0,0
USDCHF,2007-09-03,SHORT,6,loss,-1.00,1.20950,1.21115,1.19925,6.21,1,0,0,0,1,1,1,0,0,0,1,1,0,0,0,0
USDCHF,2007-09-03,SHORT,7,loss,-1.00,1.20830,1.21115,1.19925,3.18,1,0,0,0,1,1,1,0,0,0,1,1,0,0,0,1
NZDUSD,2007-09-05,LONG,4,loss,-1.00,0.68970,0.68670,0.69730,2.53,1,0,0,0,1,1,0,0,1,0,0,0,0,0,0,0
NZDUSD,2007-09-06,LONG,4,loss,-1.00,0.68910,0.68670,0.69730,3.42,1,0,0,0,1,1,0,0,1,0,0,0,0,0,0,0
USDCAD,2007-09-10,SHORT,6,win,2.82,1.05710,1.05930,1.05090,2.82,1,0,0,0,1,1,1,0,0,0,1,1,0,0,0,0
NZDUSD,2007-09-11,SHORT,3,loss,-1.00,0.70610,0.71000,0.69390,3.13,0,0,0,0,1,1,0,0,0,0,1,0,0,0,0,0
NZDUSD,2007-09-12,SHORT,2,loss,-1.00,0.70690,0.71000,0.69770,2.97,0,0,0,0,1,0,0,0,0,0,1,0,0,0,0,0
USDJPY,2007-09-13,SHORT,5,loss,-1.00,115.37000,115.65000,114.19000,4.21,0,0,0,0,1,1,0,0,0,0,1,1,0,0,1,0
USDJPY,2007-09-14,SHORT,5,loss,-1.00,115.31000,115.65000,114.46000,2.50,0,0,0,0,1,1,0,0,0,0,1,1,0,0,1,0
USDJPY,2007-09-14,SHORT,5,loss,-1.00,115.31000,115.65000,114.46000,2.50,0,0,0,0,1,1,0,0,0,0,1,1,0,0,1,0
USDJPY,2007-09-17,SHORT,6,loss,-1.00,115.17000,115.39000,114.46000,3.23,0,0,1,0,1,1,0,0,0,0,1,1,0,0,1,0
USDJPY,2007-09-18,SHORT,5,win,5.08,116.22000,116.47000,114.95000,5.08,0,0,1,0,1,1,1,0,0,0,1,0,0,0,0,0
NZDUSD,2007-09-18,SHORT,3,loss,-1.00,0.72250,0.72720,0.70330,4.09,0,0,0,0,1,0,1,0,0,0,1,0,0,0,0,0
USDJPY,2007-09-19,SHORT,6,win,4.85,116.21000,116.47000,114.95000,4.85,0,0,1,0,1,1,1,1,0,0,1,0,0,0,0,0
USDJPY,2007-09-19,SHORT,8,win,3.44,116.05000,116.37000,114.95000,3.44,0,0,1,0,1,1,1,1,0,0,1,1,0,0,1,0
USDCAD,2007-09-25,SHORT,5,loss,-1.00,1.00350,1.00575,0.99712,2.83,1,0,1,0,1,0,0,0,0,0,1,0,0,0,0,1
USDCAD,2007-09-25,SHORT,4,loss,-1.00,1.00350,1.00575,0.99712,2.83,1,0,1,0,1,0,0,0,0,0,1,0,0,0,0,0
USDJPY,2007-10-02,SHORT,6,loss,-1.00,115.74000,116.06000,114.86000,2.75,0,0,0,0,1,1,1,0,0,0,1,1,0,1,0,0
USDCHF,2007-10-02,SHORT,6,loss,-1.00,1.17500,1.17720,1.16850,2.95,1,0,0,0,1,1,0,0,0,0,1,1,0,1,0,0
USDCHF,2007-10-02,SHORT,6,loss,-1.00,1.17520,1.17720,1.16850,3.35,1,0,0,0,1,1,0,0,0,0,1,1,0,1,0,0
USDJPY,2007-10-03,SHORT,3,loss,-1.00,116.74000,117.14000,115.62000,2.80,0,0,0,0,1,0,0,0,0,0,1,0,0,1,0,0
EURUSD,2007-10-03,LONG,4,loss,-1.00,1.40892,1.40567,1.41963,3.30,1,0,0,0,1,0,0,0,0,0,1,1,0,0,0,0
USDJPY,2007-10-04,SHORT,4,loss,-1.00,116.60000,116.77500,116.01000,3.37,0,0,0,0,1,0,1,0,0,0,1,0,0,0,1,0
USDJPY,2007-10-04,SHORT,6,loss,-1.00,116.59000,116.77500,116.01000,3.14,0,0,0,0,1,0,1,0,0,0,1,1,1,0,1,0
EURUSD,2007-10-08,LONG,5,loss,-1.00,1.40524,1.40313,1.41468,4.47,1,0,1,0,1,0,0,0,0,0,1,1,0,0,0,0
USDCHF,2007-10-09,SHORT,5,win,4.00,1.18780,1.18950,1.18100,4.00,1,0,0,0,1,1,1,0,0,0,1,0,0,0,0,0
USDCHF,2007-10-12,SHORT,6,win,2.72,1.18650,1.18940,1.17860,2.72,1,0,0,0,1,1,1,0,0,0,1,1,0,0,0,0
AUDUSD,2007-10-16,LONG,4,loss,-1.00,0.88587,0.87947,0.90412,2.85,1,0,0,0,1,1,0,0,0,0,1,0,0,0,0,0
USDCAD,2007-10-16,SHORT,6,loss,-1.00,0.97780,0.97980,0.97160,3.10,1,0,0,0,1,1,0,0,0,0,1,1,0,0,0,1
USDJPY,2007-10-18,LONG,3,loss,-1.00,115.67000,115.28000,116.70500,2.65,1,0,0,0,0,0,0,0,0,0,1,0,0,0,1,0
GBPUSD,2007-10-22,LONG,9,win,2.69,2.02760,2.01955,2.04925,2.69,1,0,1,1,1,1,1,0,1,0,1,1,0,0,0,0
GBPUSD,2007-10-22,LONG,9,win,2.90,2.03095,2.02465,2.04925,2.90,1,0,1,1,1,1,1,0,1,0,1,1,0,0,0,0
USDCAD,2007-10-22,SHORT,5,win,6.21,0.98005,0.98210,0.96732,6.21,1,0,0,0,1,1,0,0,0,0,1,1,0,0,0,0
AUDUSD,2007-11-01,LONG,6,loss,-1.00,0.91857,0.91467,0.93167,3.36,1,0,0,0,1,1,0,0,1,0,1,1,0,0,0,0
AUDUSD,2007-11-09,LONG,5,loss,-1.00,0.91417,0.91067,0.92837,4.06,1,0,0,0,1,1,0,0,1,0,1,0,0,0,0,0
USDCAD,2007-11-12,SHORT,4,loss,-1.00,0.95775,0.96275,0.92785,5.98,1,0,0,0,1,1,0,0,0,0,1,0,0,0,0,0
USDCAD,2007-11-13,SHORT,4,loss,-1.00,0.95840,0.96275,0.94565,2.93,1,0,0,0,1,1,0,0,0,0,1,0,0,0,0,0
USDCAD,2007-11-15,SHORT,4,loss,-1.00,0.97830,0.98245,0.96250,3.81,1,0,0,0,1,0,1,0,0,0,1,0,0,0,0,0
AUDUSD,2007-11-21,LONG,3,win,2.62,0.86957,0.86107,0.89187,2.62,1,0,0,0,1,0,0,0,1,0,0,0,0,0,0,0
USDCAD,2007-11-23,SHORT,3,loss,-1.00,0.98955,0.99240,0.97970,3.46,1,0,0,0,1,1,0,0,0,0,0,0,0,0,0,0
USDCAD,2007-11-27,SHORT,2,win,3.06,0.99715,1.00155,0.98370,3.06,1,0,0,0,1,0,0,0,0,0,0,0,0,0,0,0
USDCAD,2007-11-28,SHORT,2,win,4.03,0.99800,1.00155,0.98370,4.03,1,0,0,0,1,0,0,0,0,0,0,0,0,0,0,0
USDCHF,2007-11-28,SHORT,5,loss,-1.00,1.11640,1.12020,1.10520,2.95,1,0,0,0,1,1,0,0,0,0,1,1,0,0,0,0
USDCHF,2007-11-28,SHORT,5,loss,-1.00,1.11680,1.12020,1.10520,3.41,1,0,0,0,1,1,0,0,0,0,1,1,0,0,0,0
USDJPY,2007-11-28,SHORT,4,loss,-1.00,109.95000,110.57000,108.37500,2.54,0,0,0,0,1,0,0,0,0,0,1,1,0,0,1,0
USDJPY,2007-11-28,SHORT,4,loss,-1.00,109.97000,110.57000,108.37500,2.66,0,0,0,0,1,0,0,0,0,0,1,1,0,0,1,0
GBPUSD,2007-11-29,LONG,6,loss,-1.00,2.06265,2.05825,2.07835,3.57,1,0,0,0,1,1,1,0,0,0,1,1,0,0,0,0
USDJPY,2007-11-29,SHORT,4,loss,-1.00,109.94500,110.57000,108.37500,2.51,0,0,0,0,1,0,0,0,0,0,1,1,0,0,1,0
GBPUSD,2007-11-29,LONG,6,loss,-1.00,2.06245,2.05825,2.07615,3.26,1,0,0,0,1,1,1,0,0,0,1,1,0,0,0,0
USDCAD,2007-11-29,SHORT,3,loss,-1.00,0.99645,1.00005,0.98370,3.54,1,0,0,0,1,1,0,0,0,0,0,0,0,0,0,0
GBPUSD,2007-11-30,LONG,6,loss,-1.00,2.05625,2.05175,2.07615,4.42,1,0,0,0,1,1,1,0,0,0,1,1,0,0,0,0
EURUSD,2007-12-03,LONG,6,win,4.04,1.46455,1.46170,1.47606,4.04,1,0,0,0,1,1,0,1,0,0,1,1,0,0,0,0
AUDUSD,2007-12-03,LONG,4,loss,-1.00,0.88037,0.87747,0.88949,3.14,1,0,0,0,1,1,0,0,0,0,0,1,0,0,0,0
AUDUSD,2007-12-04,LONG,3,loss,-1.00,0.86887,0.86662,0.88253,6.07,1,0,0,0,1,1,0,0,0,0,0,0,0,0,0,0
GBPUSD,2007-12-05,LONG,3,loss,-1.00,2.02750,2.01955,2.05680,3.69,1,0,0,0,1,0,0,0,0,0,1,0,0,0,0,0
EURUSD,2007-12-05,LONG,4,loss,-1.00,1.46557,1.46315,1.47606,4.33,1,0,0,0,1,0,0,0,0,0,1,1,0,0,0,0
USDJPY,2007-12-05,SHORT,3,loss,-1.00,110.92000,111.22000,109.84500,3.58,0,0,0,0,1,0,0,0,0,0,1,0,0,0,1,0
GBPUSD,2007-12-05,LONG,2,loss,-1.00,2.02545,2.01955,2.05475,4.97,1,0,0,0,1,0,0,0,0,0,0,0,0,0,0,0
EURUSD,2007-12-05,LONG,4,loss,-1.00,1.46147,1.45786,1.47325,3.26,1,0,0,0,1,0,0,0,0,0,1,1,0,0,0,0
EURUSD,2007-12-06,LONG,5,win,3.15,1.45505,1.45168,1.46565,3.15,1,0,0,0,1,0,1,1,0,0,1,0,0,0,0,0
USDJPY,2007-12-07,SHORT,5,loss,-1.00,111.52000,111.75000,110.56000,4.17,0,0,0,0,1,1,1,0,0,0,1,0,0,0,1,0
USDCHF,2007-12-11,SHORT,5,loss,-1.00,1.13300,1.13530,1.12680,2.70,1,0,0,0,1,0,1,0,0,0,1,1,0,0,0,0
AUDUSD,2007-12-11,LONG,6,win,2.63,0.87217,0.86597,0.88847,2.63,1,0,0,0,1,1,0,0,1,1,0,1,0,0,0,0
USDCHF,2007-12-11,SHORT,5,loss,-1.00,1.13165,1.13325,1.12680,3.03,1,0,0,0,1,0,1,0,0,0,1,1,0,0,0,0
USDCAD,2007-12-13,SHORT,3,loss,-1.00,1.01850,1.02150,1.00755,3.65,1,0,0,0,1,0,0,0,1,0,0,0,0,0,0,0
GBPUSD,2007-12-14,LONG,3,loss,-1.00,2.02455,2.01790,2.04370,2.88,1,0,0,0,1,0,0,0,1,0,0,0,0,0,0,0
EURUSD,2007-12-14,LONG,6,loss,-1.00,1.44965,1.44406,1.47238,4.07,1,0,0,0,1,0,1,0,1,0,1,0,0,0,1,0
USDCHF,2007-12-14,SHORT,4,loss,-1.00,1.14875,1.15570,1.13055,2.62,1,0,0,0,1,0,0,0,0,0,1,0,0,0,1,0
EURUSD,2007-12-14,LONG,4,loss,-1.00,1.44340,1.43995,1.46255,5.55,1,0,0,0,1,0,0,0,1,0,1,0,0,0,0,0
USDCHF,2007-12-14,SHORT,3,loss,-1.00,1.15290,1.15570,1.14190,3.93,1,0,0,0,1,0,0,0,0,0,1,0,0,0,0,0
USDCHF,2007-12-14,SHORT,2,loss,-1.00,1.15325,1.15570,1.14190,4.63,1,0,0,0,1,0,0,0,0,0,0,0,0,0,0,0
EURUSD,2007-12-14,LONG,4,loss,-1.00,1.44205,1.43717,1.46237,4.16,1,0,0,0,1,0,0,0,1,0,1,0,0,0,0,0
GBPUSD,2007-12-14,LONG,3,loss,-1.00,2.01530,2.01045,2.04105,5.31,1,0,0,0,1,0,0,0,1,0,0,0,0,0,0,0
GBPUSD,2007-12-17,LONG,6,loss,-1.00,2.01755,2.01045,2.04105,3.31,1,0,0,0,1,1,0,1,1,0,0,0,1,0,0,0
USDCHF,2007-12-17,SHORT,3,loss,-1.00,1.15325,1.15570,1.14190,4.63,1,0,0,0,1,0,0,1,0,0,0,0,0,0,0,0
GBPUSD,2007-12-17,LONG,5,loss,-1.00,2.01500,2.01045,2.04105,5.73,1,0,0,0,1,1,0,1,1,0,0,0,0,0,0,0
EURUSD,2007-12-18,LONG,3,loss,-1.00,1.43948,1.43273,1.46237,3.39,1,0,0,0,1,0,0,1,0,0,0,0,0,0,0,0
GBPUSD,2007-12-18,LONG,3,loss,-1.00,2.01410,2.01000,2.04105,6.57,1,0,0,0,1,1,0,0,0,0,0,0,0,0,0,0
EURUSD,2007-12-18,LONG,3,loss,-1.00,1.44025,1.43273,1.46237,2.94,1,0,0,0,1,0,0,1,0,0,0,0,0,0,0,0
EURUSD,2007-12-18,LONG,4,loss,-1.00,1.44065,1.43273,1.46237,2.74,1,0,0,0,1,0,0,1,0,0,0,0,1,0,0,0
GBPUSD,2007-12-18,LONG,3,loss,-1.00,2.01315,2.01000,2.02115,2.54,1,0,0,0,1,1,0,0,0,0,0,0,0,0,0,0
USDJPY,2007-12-20,LONG,4,win,3.00,112.91000,112.73500,113.43500,3.00,1,0,0,0,0,0,0,0,0,0,1,1,0,0,1,0
USDCHF,2007-12-24,SHORT,3,loss,-1.00,1.15775,1.15950,1.15310,2.66,1,0,0,0,1,0,0,0,0,0,0,1,0,0,0,0
GBPUSD,2008-01-03,LONG,5,loss,-1.00,1.97335,1.96933,1.98450,2.77,1,0,0,0,1,1,0,0,1,0,0,1,0,0,0,0
NZDUSD,2008-01-04,LONG,6,loss,-1.00,0.76655,0.76301,0.77568,2.58,1,0,0,0,1,1,1,0,0,0,1,1,0,0,0,0
USDCAD,2008-01-11,SHORT,2,loss,-1.00,1.02030,1.02485,1.00890,2.51,1,0,0,0,1,0,0,0,0,0,0,0,0,0,0,0
GBPUSD,2008-01-17,SHORT,5,win,3.19,1.97670,1.98285,1.95710,3.19,0,0,1,0,1,1,0,0,0,0,1,1,0,0,0,0
EURUSD,2008-01-17,LONG,7,loss,-1.00,1.46861,1.46357,1.48193,2.64,1,0,0,0,1,1,1,0,1,0,1,1,0,0,0,0
EURUSD,2008-01-17,LONG,7,loss,-1.00,1.46719,1.46357,1.48193,4.07,1,0,0,0,1,1,1,0,1,0,1,1,0,0,0,0
GBPUSD,2008-01-24,SHORT,4,loss,-1.00,1.97465,1.97915,1.95235,4.96,0,0,0,0,1,1,0,0,1,0,1,0,0,0,0,0
USDCAD,2008-01-31,SHORT,5,win,3.89,1.00815,1.01180,0.99395,3.89,1,0,0,0,1,0,1,0,1,0,0,1,0,0,0,0
USDCHF,2008-02-04,SHORT,5,loss,-1.00,1.09045,1.09500,1.07704,2.95,1,0,0,0,1,0,0,1,0,0,1,1,0,0,0,0
USDJPY,2008-02-05,SHORT,7,win,3.92,107.65000,107.89000,106.71000,3.92,0,0,0,0,1,1,0,1,1,0,1,0,0,1,1,0
USDCAD,2008-02-05,SHORT,6,loss,-1.00,1.00760,1.01180,0.99600,2.76,1,0,0,0,1,1,1,0,0,0,1,1,0,0,0,0
USDCHF,2008-02-07,SHORT,4,loss,-1.00,1.10270,1.10570,1.08925,4.48,1,0,0,0,1,1,0,0,0,0,1,0,0,0,0,0
USDJPY,2008-02-07,SHORT,5,loss,-1.00,107.41000,107.74000,106.29000,3.39,0,0,0,0,1,1,0,0,0,0,1,1,0,0,1,0
USDJPY,2008-02-08,SHORT,6,loss,-1.00,107.41000,107.74000,106.32360,3.29,0,0,0,0,1,1,0,1,0,0,1,1,0,0,1,0
USDJPY,2008-02-08,SHORT,7,loss,-1.00,107.44000,107.82000,106.32360,2.94,0,0,0,0,1,1,0,1,0,0,1,1,0,1,1,0
USDJPY,2008-02-12,SHORT,5,loss,-1.00,107.42000,107.82000,106.32360,2.74,0,0,0,0,1,1,0,0,0,0,1,1,0,0,1,0
USDCHF,2008-02-12,SHORT,6,loss,-1.00,1.10220,1.10470,1.09550,2.68,1,0,0,0,1,0,1,1,0,0,1,1,0,0,0,0
USDCHF,2008-02-13,SHORT,6,win,3.21,1.10790,1.11030,1.10020,3.21,1,0,0,0,1,1,1,0,0,0,1,1,0,0,0,0
USDCHF,2008-02-13,SHORT,6,win,3.39,1.10800,1.11030,1.10020,3.39,1,0,0,0,1,1,1,0,0,0,1,1,0,0,0,0
USDCAD,2008-02-15,SHORT,5,loss,-1.00,1.00910,1.01280,0.99680,3.32,1,0,0,0,1,1,0,0,1,0,1,0,0,0,0,0
USDCAD,2008-02-18,SHORT,7,loss,-1.00,1.00800,1.01120,0.99585,3.80,1,0,0,0,1,1,1,0,1,0,1,1,0,0,0,0
USDCAD,2008-02-18,SHORT,7,loss,-1.00,1.00740,1.01120,0.99585,3.04,1,0,0,0,1,1,1,0,1,0,1,1,0,0,0,0
USDCAD,2008-02-18,SHORT,7,loss,-1.00,1.00700,1.01120,0.99585,2.65,1,0,0,0,1,1,1,0,1,0,1,1,0,0,0,0
GBPUSD,2008-02-22,SHORT,6,loss,-1.00,1.96720,1.97380,1.94530,3.32,0,0,0,0,1,1,1,0,1,0,1,1,0,0,0,0
GBPUSD,2008-02-22,SHORT,7,loss,-1.00,1.96665,1.97380,1.94530,2.99,0,0,0,0,1,1,1,0,1,0,1,1,1,0,0,0
GBPUSD,2008-02-22,SHORT,6,loss,-1.00,1.96865,1.97380,1.94530,4.53,0,0,0,0,1,1,1,0,1,0,1,1,0,0,0,0
GBPUSD,2008-02-25,SHORT,7,loss,-1.00,1.96365,1.97085,1.94530,2.55,0,0,0,0,1,1,1,1,1,0,1,1,0,0,0,0
GBPUSD,2008-02-25,SHORT,7,loss,-1.00,1.96780,1.97085,1.94530,7.38,0,0,0,0,1,1,1,1,1,0,1,1,0,0,0,0
USDJPY,2008-02-25,SHORT,8,win,2.59,108.08000,108.37000,107.33000,2.59,1,0,0,0,1,1,1,0,1,0,1,1,0,0,1,0
AUDUSD,2008-03-06,LONG,5,loss,-1.00,0.92518,0.92172,0.93817,3.75,1,0,0,0,1,1,0,0,0,0,1,1,0,0,0,0
AUDUSD,2008-03-07,LONG,5,loss,-1.00,0.92757,0.92457,0.93612,2.85,1,0,0,0,1,0,0,0,0,0,1,1,0,1,0,0
USDCAD,2008-03-10,SHORT,6,loss,-1.00,0.98810,0.99230,0.97754,2.51,1,0,0,0,1,1,0,0,0,0,1,1,0,0,0,1
USDJPY,2008-03-11,SHORT,6,loss,-1.00,102.87000,103.24000,101.46500,3.80,1,0,0,0,1,1,0,0,0,0,1,1,0,0,1,0
AUDUSD,2008-03-17,LONG,6,loss,-1.00,0.91807,0.91477,0.93711,5.77,1,0,0,0,1,1,1,0,1,0,1,0,0,0,0,0
NZDUSD,2008-03-19,LONG,6,loss,-1.00,0.79870,0.79190,0.81630,2.59,1,0,0,0,1,0,1,0,1,0,1,0,0,0,1,0
USDCAD,2008-03-19,SHORT,4,loss,-1.00,1.01530,1.01970,0.99014,5.72,1,0,0,0,1,0,0,0,1,0,1,0,0,0,0,0
USDCHF,2008-03-19,SHORT,6,loss,-1.00,1.00040,1.00535,0.98515,3.08,1,0,0,0,1,0,0,0,0,0,1,1,1,0,1,0
EURUSD,2008-03-19,LONG,5,loss,-1.00,1.56084,1.55294,1.58100,2.55,1,0,0,0,1,1,0,0,0,0,1,1,0,0,0,0
AUDUSD,2008-03-20,LONG,4,win,5.72,0.89572,0.89227,0.91547,5.72,1,0,0,0,1,0,0,0,1,0,1,0,0,0,0,0
NZDUSD,2008-03-20,LONG,6,loss,-1.00,0.79420,0.78740,0.81375,2.87,1,0,0,0,1,1,1,0,1,0,1,0,0,0,0,0
USDCAD,2008-03-20,SHORT,4,win,2.58,1.02690,1.03170,1.01450,2.58,1,1,0,0,1,0,0,0,1,0,0,0,0,0,0,0
NZDUSD,2008-03-20,LONG,6,win,2.51,0.79170,0.78740,0.80250,2.51,1,0,0,0,1,1,1,0,1,0,1,0,0,0,0,0
EURUSD,2008-03-21,LONG,4,loss,-1.00,1.54293,1.53926,1.55959,4.54,1,0,0,0,1,0,0,0,0,0,1,1,0,0,0,0
NZDUSD,2008-03-21,LONG,5,win,3.19,0.79100,0.78740,0.80250,3.19,1,0,0,0,1,1,1,0,0,0,1,0,0,0,0,0
GBPUSD,2008-03-21,LONG,4,win,3.37,1.98275,1.97350,2.01395,3.37,1,1,0,0,0,0,1,0,0,0,1,0,0,0,0,0
EURUSD,2008-03-21,LONG,4,loss,-1.00,1.54445,1.53926,1.55959,2.92,1,0,0,0,1,0,0,0,0,0,1,1,0,0,0,0
GBPUSD,2008-03-21,LONG,4,win,3.54,1.98240,1.97350,2.01395,3.54,1,1,0,0,0,0,1,0,0,0,1,0,0,0,0,0
GBPUSD,2008-03-21,LONG,4,win,3.68,1.98215,1.97350,2.01395,3.68,1,1,0,0,0,0,1,0,0,0,1,0,0,0,0,0
EURUSD,2008-03-21,LONG,4,loss,-1.00,1.54374,1.53926,1.55959,3.54,1,0,0,0,1,0,0,0,0,0,1,1,0,0,0,0
GBPUSD,2008-03-24,LONG,6,win,3.00,1.98360,1.97350,2.01395,3.00,1,1,0,0,0,1,1,0,0,0,1,1,0,0,0,0
GBPUSD,2008-03-24,LONG,7,win,2.50,1.98505,1.97350,2.01395,2.50,1,1,0,0,0,1,1,0,0,0,1,1,1,0,0,0
USDCAD,2008-03-28,SHORT,4,loss,-1.00,1.02120,1.02335,1.01480,2.98,1,0,0,0,1,0,0,0,0,0,0,1,0,1,0,0
GBPUSD,2008-04-01,LONG,4,win,3.40,1.97715,1.97205,1.99450,3.40,1,0,0,0,0,1,0,0,0,1,1,0,0,0,0,0
USDJPY,2008-04-07,SHORT,7,win,3.74,102.64000,102.94500,101.50000,3.74,1,0,0,0,1,1,1,1,0,0,1,0,0,0,1,0
USDJPY,2008-04-07,SHORT,8,win,3.52,102.62500,102.94500,101.50000,3.52,1,0,0,0,1,1,1,1,0,0,1,0,1,0,1,0
USDJPY,2008-04-08,SHORT,7,win,3.58,102.55500,102.85000,101.50000,3.58,1,0,0,0,1,1,1,0,0,0,1,0,0,1,1,0
GBPUSD,2008-04-14,SHORT,7,win,3.28,1.98665,1.99270,1.96680,3.28,0,1,0,0,1,1,1,0,1,0,1,1,0,0,0,0
NZDUSD,2008-04-15,LONG,3,win,2.50,0.78370,0.78090,0.79070,2.50,1,0,1,0,1,0,0,0,0,0,0,0,0,0,0,0
USDCHF,2008-04-15,SHORT,4,loss,-1.00,1.00585,1.00895,0.99630,3.08,1,0,0,0,1,0,0,0,0,0,1,1,0,0,0,0
USDJPY,2008-04-17,SHORT,6,loss,-1.00,102.68500,102.94500,101.40000,4.94,1,0,0,0,1,1,1,0,0,0,1,0,0,0,1,0
USDJPY,2008-04-17,SHORT,6,loss,-1.00,102.53500,102.83000,101.77000,2.59,1,0,0,0,1,1,1,0,0,0,1,0,0,0,1,0
USDCHF,2008-04-17,SHORT,5,loss,-1.00,1.00765,1.01100,0.99590,3.51,1,0,0,0,1,1,0,0,0,0,1,1,0,0,0,0
USDCAD,2008-04-18,SHORT,4,loss,-1.00,1.01100,1.01420,0.99980,3.50,1,0,0,0,1,0,1,0,0,0,0,1,0,0,0,0
EURUSD,2008-04-18,LONG,5,win,2.90,1.57397,1.56684,1.59464,2.90,1,0,0,0,1,1,0,0,0,0,1,1,0,0,0,0
USDJPY,2008-04-18,SHORT,5,loss,-1.00,103.69000,104.18000,102.36000,2.71,1,0,0,0,1,0,0,0,0,0,1,0,0,0,1,1
GBPUSD,2008-04-22,SHORT,6,win,3.89,1.99900,2.00470,1.97680,3.89,0,1,0,0,1,1,0,0,0,0,1,1,0,0,1,0
USDCAD,2008-04-23,SHORT,5,loss,-1.00,1.01930,1.02380,1.00330,3.56,1,0,0,0,1,1,0,0,1,0,0,0,0,1,0,0
EURUSD,2008-04-24,LONG,5,loss,-1.00,1.57551,1.57092,1.58848,2.83,1,0,0,0,1,1,0,0,0,0,1,1,0,0,0,0
USDJPY,2008-04-24,SHORT,3,loss,-1.00,104.20500,104.64000,103.01000,2.75,1,0,0,0,1,0,0,0,1,0,0,0,0,0,0,0
EURUSD,2008-04-24,LONG,4,loss,-1.00,1.56647,1.56247,1.58455,4.52,1,0,0,0,1,1,0,0,0,0,1,0,0,0,0,0
NZDUSD,2008-04-24,LONG,5,loss,-1.00,0.78825,0.78500,0.79915,3.35,1,0,0,0,1,0,0,0,1,1,0,1,0,0,0,0
USDCHF,2008-04-24,SHORT,3,loss,-1.00,1.03635,1.04280,1.01815,2.82,1,0,0,0,1,0,0,0,0,0,1,0,0,0,0,0
USDJPY,2008-04-24,SHORT,4,loss,-1.00,104.34000,104.64000,103.50000,2.80,1,0,0,0,1,0,0,0,1,0,0,0,0,0,1,0
EURUSD,2008-04-24,LONG,5,loss,-1.00,1.56757,1.56247,1.58353,3.13,1,0,0,0,1,1,0,0,0,0,1,0,1,0,0,0
NZDUSD,2008-04-25,LONG,5,win,2.58,0.78070,0.77810,0.78740,2.58,1,0,0,0,1,1,0,0,1,1,0,0,0,0,0,0
USDCHF,2008-04-25,SHORT,4,loss,-1.00,1.03645,1.04280,1.01815,2.88,1,0,0,0,1,0,0,1,0,0,1,0,0,0,0,0
USDJPY,2008-04-30,SHORT,5,loss,-1.00,104.55500,104.82000,103.40000,4.36,1,0,0,0,1,1,0,1,0,0,0,0,0,0,1,0
GBPUSD,2008-04-30,SHORT,7,win,2.95,1.98820,1.99650,1.96370,2.95,0,1,0,0,1,0,1,0,1,1,1,1,0,0,0,0
USDCAD,2008-05-01,SHORT,5,loss,-1.00,1.01875,1.02145,1.00730,4.24,1,0,0,0,1,1,0,0,1,0,0,1,0,0,0,0
USDCAD,2008-05-01,SHORT,5,loss,-1.00,1.01885,1.02145,1.00970,3.52,1,0,0,0,1,1,0,0,1,0,0,1,0,0,0,0
USDCHF,2008-05-05,SHORT,2,loss,-1.00,1.05490,1.06080,1.03480,3.41,1,0,0,0,1,0,0,0,0,0,0,0,0,0,0,0
USDCHF,2008-05-05,SHORT,3,loss,-1.00,1.05395,1.06080,1.03480,2.80,1,0,0,0,1,0,0,0,0,0,0,0,1,0,0,0
USDCHF,2008-05-05,SHORT,3,loss,-1.00,1.05355,1.06080,1.03480,2.59,1,0,0,0,1,0,0,0,0,0,0,0,1,0,0,0
EURUSD,2008-05-07,LONG,2,loss,-1.00,1.53685,1.53381,1.55057,4.51,1,0,0,0,1,0,0,0,0,0,0,0,0,0,0,0
USDJPY,2008-05-13,SHORT,5,loss,-1.00,103.78000,104.03000,102.64000,4.56,1,0,0,0,1,0,1,0,1,0,0,1,0,0,0,0
GBPUSD,2008-05-16,SHORT,3,loss,-1.00,1.95795,1.96330,1.94165,3.05,0,0,0,0,1,0,0,0,0,0,1,1,0,0,0,0
GBPUSD,2008-05-20,SHORT,3,loss,-1.00,1.97030,1.97715,1.95150,2.74,0,0,0,0,1,0,1,0,0,0,1,0,0,0,0,0
GBPUSD,2008-05-21,SHORT,4,loss,-1.00,1.96875,1.97185,1.95620,4.05,0,0,0,0,1,0,1,0,0,0,1,1,0,0,0,0
GBPUSD,2008-05-22,SHORT,3,win,4.33,1.98345,1.98975,1.95620,4.33,0,1,0,0,1,0,0,0,0,0,1,0,0,0,0,0
USDJPY,2008-05-27,SHORT,5,loss,-1.00,104.24500,104.38000,103.31100,6.92,1,0,0,0,1,1,0,0,0,1,0,1,0,0,0,0
USDJPY,2008-05-28,SHORT,5,loss,-1.00,104.82000,105.09500,103.82000,3.64,1,0,0,0,1,1,0,0,0,1,0,0,0,0,1,0
USDJPY,2008-05-29,SHORT,5,loss,-1.00,105.38000,105.61500,104.64000,3.15,1,0,0,0,1,1,0,0,0,1,0,0,0,0,1,0
AUDUSD,2008-05-29,LONG,5,loss,-1.00,0.95432,0.95099,0.96327,2.69,1,0,0,0,1,0,0,0,0,1,1,1,0,0,0,0
EURUSD,2008-05-30,LONG,7,loss,-1.00,1.55181,1.54811,1.56337,3.12,1,0,0,0,1,1,1,0,0,0,1,1,0,0,1,0
USDCAD,2008-06-03,SHORT,4,loss,-1.00,1.00500,1.00940,0.99370,2.57,1,0,0,0,1,0,1,0,0,0,1,0,0,0,0,0
EURUSD,2008-06-03,LONG,4,loss,-1.00,1.54609,1.54173,1.55840,2.82,1,0,0,0,1,1,0,0,0,0,0,0,1,0,0,0
USDCAD,2008-06-03,SHORT,3,loss,-1.00,1.00840,1.01070,0.99370,6.39,1,0,0,0,1,0,0,0,0,0,1,0,0,0,0,0
USDCHF,2008-06-03,SHORT,3,loss,-1.00,1.04165,1.04480,1.03141,3.25,1,0,0,0,1,0,0,0,0,0,0,1,0,0,0,0
USDCAD,2008-06-04,SHORT,4,loss,-1.00,1.00830,1.01070,1.00180,2.71,1,0,0,0,1,0,0,0,0,0,1,0,0,0,0,1
EURUSD,2008-06-04,LONG,3,loss,-1.00,1.54503,1.54085,1.55840,3.20,1,0,0,0,1,0,0,0,0,0,0,1,0,0,0,0
NZDUSD,2008-06-04,LONG,5,loss,-1.00,0.77940,0.77675,0.78640,2.64,1,0,0,0,1,0,1,0,0,0,1,1,0,0,0,0
EURUSD,2008-06-04,LONG,2,loss,-1.00,1.54329,1.53925,1.55840,3.74,1,0,0,0,1,0,0,0,0,0,0,0,0,0,0,0
USDJPY,2008-06-04,SHORT,7,loss,-1.00,105.20000,105.56000,104.24000,2.67,1,0,1,0,1,1,0,0,1,1,0,1,0,0,0,0
GBPUSD,2008-06-06,SHORT,5,loss,-1.00,1.96940,1.97405,1.95065,4.03,0,0,0,0,1,1,1,0,0,0,1,1,0,0,0,0
GBPUSD,2008-06-06,SHORT,5,loss,-1.00,1.96980,1.97405,1.95565,3.33,0,0,0,0,1,1,1,0,0,0,1,1,0,0,0,0
GBPUSD,2008-06-09,SHORT,7,win,5.48,1.97810,1.98220,1.95565,5.48,0,1,0,0,1,1,1,0,0,0,1,1,0,1,0,0
USDCAD,2008-06-09,SHORT,3,loss,-1.00,1.02105,1.02430,1.00830,3.92,1,1,0,0,1,0,0,0,0,0,0,0,0,0,0,0
USDCAD,2008-06-09,SHORT,3,loss,-1.00,1.02220,1.02430,1.01550,3.19,1,1,0,0,1,0,0,0,0,0,0,0,0,0,0,0
USDJPY,2008-06-09,SHORT,5,loss,-1.00,106.06000,106.33000,104.65300,5.21,1,0,0,0,1,0,0,0,1,1,0,0,0,0,1,0
USDJPY,2008-06-09,SHORT,4,loss,-1.00,106.28500,106.64000,105.22500,2.99,1,0,0,0,1,0,0,0,1,1,0,0,0,0,0,0
NZDUSD,2008-06-09,LONG,2,loss,-1.00,0.75805,0.75365,0.77000,2.72,1,0,0,0,1,0,0,0,0,0,0,0,0,0,0,0
AUDUSD,2008-06-09,LONG,7,loss,-1.00,0.95089,0.94861,0.96233,5.02,1,0,0,0,1,0,1,0,0,1,1,1,0,0,1,0
USDJPY,2008-06-12,SHORT,4,loss,-1.00,107.93500,108.22000,106.84000,3.84,1,0,0,0,1,0,0,0,0,1,0,0,0,0,1,0
EURUSD,2008-06-12,LONG,4,loss,-1.00,1.54152,1.53633,1.55580,2.75,1,0,0,0,1,1,0,0,1,0,0,0,0,0,0,0
USDJPY,2008-06-12,SHORT,5,loss,-1.00,107.93000,108.22000,106.84000,3.76,1,0,0,0,1,0,0,0,0,1,0,0,1,0,1,0
EURUSD,2008-06-13,LONG,4,win,3.56,1.53190,1.52825,1.54489,3.56,1,0,0,0,1,1,0,0,1,0,0,0,0,0,0,0
USDCHF,2008-06-13,SHORT,4,win,3.00,1.04920,1.05210,1.04050,3.00,1,0,0,0,1,1,0,0,0,0,0,0,0,0,1,0
GBPUSD,2008-06-16,SHORT,6,loss,-1.00,1.96360,1.96675,1.95165,3.79,0,0,0,0,1,1,1,0,1,0,1,1,0,0,0,0
GBPUSD,2008-06-16,SHORT,8,loss,-1.00,1.96315,1.96675,1.95165,3.19,0,0,0,0,1,1,1,0,1,0,1,1,1,0,0,1
GBPUSD,2008-06-20,SHORT,4,win,6.48,1.97745,1.98005,1.96060,6.48,0,1,0,0,1,1,0,0,0,0,1,0,0,0,0,0
GBPUSD,2008-06-20,SHORT,6,win,4.26,1.97635,1.98005,1.96060,4.26,0,1,0,0,1,1,1,0,0,0,1,1,0,0,0,0
USDCHF,2008-06-23,SHORT,6,loss,-1.00,1.04480,1.04740,1.03530,3.65,1,0,0,0,1,1,0,0,1,1,0,1,0,0,0,0
USDJPY,2008-06-23,SHORT,5,loss,-1.00,107.88000,108.06000,107.31000,3.17,1,0,0,0,1,0,0,0,1,0,0,1,0,0,1,0
EURUSD,2008-06-23,LONG,7,win,4.74,1.54895,1.54631,1.56147,4.74,1,0,0,0,1,1,1,0,1,0,0,1,0,0,1,0
USDJPY,2008-06-23,SHORT,5,loss,-1.00,107.89000,108.06000,107.31000,3.41,1,0,0,0,1,0,0,0,1,0,0,1,0,0,1,0
USDCHF,2008-06-23,SHORT,6,win,5.21,1.04545,1.04740,1.03530,5.21,1,0,0,0,1,1,0,0,1,1,0,1,0,0,0,0
AUDUSD,2008-06-26,LONG,4,win,2.54,0.95528,0.95318,0.96061,2.54,1,0,0,0,1,0,0,0,0,0,1,1,0,0,0,0
AUDUSD,2008-06-30,LONG,4,loss,-1.00,0.95607,0.95417,0.96600,5.23,1,0,0,0,1,0,0,0,0,0,1,1,0,0,0,0
AUDUSD,2008-07-01,LONG,5,loss,-1.00,0.95337,0.94927,0.96600,3.08,1,0,0,0,1,0,1,0,0,0,1,1,0,0,0,0
AUDUSD,2008-07-01,LONG,5,loss,-1.00,0.95279,0.94927,0.96600,3.75,1,0,0,0,1,0,1,0,0,0,1,1,0,0,0,0
USDCAD,2008-07-02,SHORT,4,win,7.12,1.02195,1.02400,1.00735,7.12,1,1,0,0,1,0,0,0,0,0,0,1,0,0,0,0
USDCAD,2008-07-03,SHORT,4,win,3.62,1.02040,1.02400,1.00735,3.62,1,1,0,0,1,0,0,0,0,0,0,1,0,0,0,0
USDJPY,2008-07-04,SHORT,3,loss,-1.00,106.74000,106.93000,105.97000,4.05,1,0,0,0,1,0,0,0,0,0,0,1,0,0,0,0
USDJPY,2008-07-04,SHORT,5,loss,-1.00,106.69000,106.93000,105.97000,3.00,1,0,0,0,1,0,0,0,0,0,0,1,0,0,1,1
USDJPY,2008-07-04,SHORT,3,loss,-1.00,106.76500,106.93000,105.97000,4.82,1,0,0,0,1,0,0,0,0,0,0,1,0,0,0,0
USDCHF,2008-07-04,SHORT,4,loss,-1.00,1.02515,1.02830,1.01330,3.76,1,0,0,0,1,0,0,0,0,0,1,1,0,0,0,0
AUDUSD,2008-07-07,LONG,5,loss,-1.00,0.95297,0.95118,0.96116,4.58,1,0,0,0,1,0,1,0,0,0,1,1,0,0,0,0
GBPUSD,2008-07-07,LONG,6,loss,-1.00,1.96800,1.96545,1.98188,5.44,1,0,0,1,0,1,1,0,0,0,1,1,0,0,0,0
EURUSD,2008-07-08,LONG,6,win,5.24,1.56505,1.56072,1.58772,5.24,1,0,0,0,1,1,1,0,0,0,1,1,0,0,0,0
GBPUSD,2008-07-08,LONG,6,win,2.53,1.96835,1.96485,1.97720,2.53,1,0,0,1,0,1,1,0,0,0,1,1,0,0,0,0
USDJPY,2008-07-08,SHORT,4,win,3.82,107.47000,107.75000,106.40000,3.82,1,0,0,0,1,0,0,0,0,0,0,1,0,0,1,0
USDCAD,2008-07-09,LONG,4,loss,-1.00,1.01080,1.00875,1.01860,3.80,0,0,0,0,1,0,1,0,0,0,1,1,0,0,0,0
USDCAD,2008-07-09,LONG,5,loss,-1.00,1.01090,1.00875,1.01790,3.26,0,0,0,0,1,0,1,0,0,0,1,1,1,0,0,0
NZDUSD,2008-07-14,SHORT,5,loss,-1.00,0.76335,0.76480,0.75810,3.62,0,1,0,0,1,0,1,0,0,0,1,1,0,0,0,0
EURUSD,2008-07-18,LONG,6,win,2.94,1.58269,1.57985,1.59103,2.94,1,0,0,0,1,0,0,1,0,0,1,1,0,1,0,0
USDCHF,2008-07-18,SHORT,5,loss,-1.00,1.02075,1.02585,1.00650,2.79,1,0,0,0,1,0,0,0,1,0,1,1,0,0,0,0
USDCHF,2008-07-18,SHORT,5,loss,-1.00,1.02240,1.02585,1.00650,4.61,1,0,0,0,1,0,0,0,1,0,1,1,0,0,0,0
NZDUSD,2008-07-18,LONG,8,loss,-1.00,0.76100,0.75870,0.76750,2.83,1,1,1,0,0,0,1,0,1,1,1,1,0,0,0,0
USDCHF,2008-07-21,SHORT,4,loss,-1.00,1.02200,1.02585,1.00650,4.03,1,0,0,0,1,0,0,0,0,0,1,1,0,0,0,0
NZDUSD,2008-07-21,LONG,7,loss,-1.00,0.76100,0.75870,0.76750,2.83,1,1,0,0,0,1,1,0,0,1,1,1,0,0,0,0
USDCHF,2008-07-21,SHORT,4,loss,-1.00,1.02060,1.02585,1.00650,2.69,1,0,0,0,1,0,0,0,0,0,1,1,0,0,0,0
USDCHF,2008-07-22,SHORT,5,loss,-1.00,1.03080,1.03370,1.01500,5.45,1,0,0,0,1,1,1,0,0,0,1,0,0,0,0,0
USDCHF,2008-07-23,SHORT,3,loss,-1.00,1.03710,1.04460,1.01500,2.95,1,0,0,0,1,0,0,0,0,0,1,0,0,0,0,0
EURUSD,2008-07-23,LONG,6,loss,-1.00,1.57062,1.56333,1.59256,3.01,1,0,0,0,1,1,1,0,0,0,1,1,0,0,0,0
AUDUSD,2008-07-25,LONG,4,loss,-1.00,0.95594,0.95387,0.96217,3.01,1,0,0,0,1,0,1,0,0,0,1,0,0,0,0,0
USDCAD,2008-07-25,SHORT,7,loss,-1.00,1.01500,1.01785,1.00730,2.70,1,0,0,1,1,1,1,0,0,0,1,1,0,0,0,0
AUDUSD,2008-07-25,LONG,4,loss,-1.00,0.95583,0.95387,0.96217,3.23,1,0,0,0,1,0,1,0,0,0,1,0,0,0,0,0
USDCAD,2008-07-25,SHORT,6,loss,-1.00,1.01950,1.02310,1.00730,3.39,1,1,0,1,1,1,0,0,0,0,1,0,0,0,0,0
USDJPY,2008-07-29,SHORT,7,loss,-1.00,107.82500,108.07000,106.78000,4.27,1,0,1,0,1,1,0,0,0,0,0,1,0,1,1,0
EURUSD,2008-07-29,LONG,3,loss,-1.00,1.55863,1.55335,1.57348,2.81,1,0,0,0,1,0,0,0,0,0,1,0,0,0,0,0
USDJPY,2008-07-29,SHORT,7,win,3.43,108.19000,108.42000,107.40000,3.43,1,1,1,0,1,1,0,0,0,0,0,0,0,1,1,0
USDCHF,2008-07-29,SHORT,2,loss,-1.00,1.04540,1.04930,1.03360,3.03,1,0,0,0,1,0,0,0,0,0,0,0,0,0,0,0
EURUSD,2008-07-29,LONG,4,loss,-1.00,1.55862,1.55335,1.57348,2.82,1,0,0,0,1,0,0,0,0,0,1,0,1,0,0,0
USDCHF,2008-07-29,SHORT,3,loss,-1.00,1.04505,1.04930,1.03360,2.69,1,0,0,0,1,0,0,0,0,0,0,0,1,0,0,0
USDCHF,2008-07-30,SHORT,2,loss,-1.00,1.04670,1.04930,1.03360,5.04,1,0,0,0,1,0,0,0,0,0,0,0,0,0,0,0
EURUSD,2008-07-30,LONG,3,loss,-1.00,1.55873,1.55335,1.57348,2.74,1,0,0,0,1,0,0,0,0,0,1,0,0,0,0,0
USDJPY,2008-07-30,SHORT,7,win,2.51,108.17500,108.42000,107.56000,2.51,1,1,1,0,1,1,0,0,0,0,0,1,0,0,1,0
USDCHF,2008-07-30,SHORT,3,loss,-1.00,1.04840,1.05410,1.03360,2.60,1,0,0,0,1,0,0,0,0,0,0,0,0,0,1,0
EURUSD,2008-07-30,LONG,2,loss,-1.00,1.55746,1.55335,1.57457,4.16,1,0,0,0,1,0,0,0,0,0,0,0,0,0,0,0
USDCHF,2008-07-30,SHORT,4,loss,-1.00,1.04810,1.05410,1.03260,2.58,1,0,0,0,1,0,0,0,0,0,0,0,1,0,1,0
AUDUSD,2008-07-31,LONG,2,loss,-1.00,0.94141,0.93887,0.94896,2.97,1,0,0,0,1,0,0,0,0,0,0,0,0,0,0,0
USDCHF,2008-07-31,SHORT,2,loss,-1.00,1.04780,1.05220,1.03260,3.45,1,0,0,0,1,0,0,0,0,0,0,0,0,0,0,0
AUDUSD,2008-07-31,LONG,3,loss,-1.00,0.94162,0.93887,0.94896,2.67,1,0,0,0,1,0,0,0,0,0,0,0,1,0,0,0
USDCHF,2008-07-31,SHORT,3,loss,-1.00,1.04860,1.05220,1.03260,4.44,1,0,0,0,1,0,0,0,0,0,0,0,0,0,1,0
USDCHF,2008-07-31,SHORT,3,loss,-1.00,1.04741,1.05220,1.03260,3.09,1,0,0,0,1,0,0,0,0,0,0,0,0,0,0,1
USDCHF,2008-08-01,SHORT,2,loss,-1.00,1.04750,1.05220,1.03260,3.17,1,0,0,0,1,0,0,0,0,0,0,0,0,0,0,0
EURUSD,2008-08-01,LONG,4,loss,-1.00,1.55751,1.55183,1.57457,3.00,1,0,0,0,1,0,0,0,0,0,0,1,1,0,0,0
GBPUSD,2008-08-01,LONG,4,loss,-1.00,1.97410,1.97120,1.98260,2.93,1,0,0,0,0,0,1,0,0,0,1,1,0,0,0,0
AUDUSD,2008-08-01,LONG,2,loss,-1.00,0.92909,0.92705,0.93638,3.57,1,0,0,0,1,0,0,0,0,0,0,0,0,0,0,0
USDCHF,2008-08-01,SHORT,2,loss,-1.00,1.04790,1.05220,1.03260,3.56,1,0,0,0,1,0,0,0,0,0,0,0,0,0,0,0
EURUSD,2008-08-01,LONG,3,loss,-1.00,1.55661,1.55183,1.57457,3.76,1,0,0,0,1,0,0,0,0,0,0,1,0,0,0,0
USDCHF,2008-08-01,SHORT,3,loss,-1.00,1.05125,1.05410,1.03260,6.54,1,0,0,0,1,0,0,0,0,0,0,0,0,0,1,0
EURUSD,2008-08-01,LONG,3,loss,-1.00,1.55385,1.54661,1.57457,2.86,1,0,0,0,1,0,0,0,0,0,0,1,0,0,0,0
AUDUSD,2008-08-04,LONG,2,loss,-1.00,0.92932,0.92747,0.93487,3.00,1,0,0,0,1,0,0,0,0,0,0,0,0,0,0,0
EURUSD,2008-08-05,LONG,4,loss,-1.00,1.54851,1.54631,1.55624,3.51,1,0,0,0,1,0,0,0,0,0,0,0,0,1,1,0
USDJPY,2008-08-05,SHORT,4,loss,-1.00,108.20000,108.37000,107.67000,3.12,1,1,0,0,1,0,0,0,0,0,0,1,0,0,0,0
EURUSD,2008-08-06,LONG,4,loss,-1.00,1.54805,1.54598,1.55624,3.96,1,0,0,0,1,0,0,0,0,0,0,1,0,0,1,0
USDCHF,2008-08-06,SHORT,3,loss,-1.00,1.06020,1.06250,1.04870,5.00,1,0,0,0,1,0,0,0,0,0,0,0,0,1,0,0
USDCHF,2008-08-06,SHORT,3,loss,-1.00,1.05980,1.06250,1.05095,3.28,1,0,0,0,1,0,0,0,0,0,0,0,0,1,0,0
USDJPY,2008-08-06,SHORT,2,loss,-1.00,109.77500,110.12000,108.32000,4.22,1,0,0,0,1,0,0,0,0,0,0,0,0,0,0,0
AUDUSD,2008-08-06,LONG,3,loss,-1.00,0.91117,0.90914,0.91760,3.17,1,1,0,0,1,0,0,0,0,0,0,0,0,0,0,0
EURUSD,2008-08-07,LONG,2,loss,-1.00,1.53387,1.53004,1.54962,4.11,1,0,0,0,1,0,0,0,0,0,0,0,0,0,0,0
AUDUSD,2008-08-07,LONG,2,loss,-1.00,0.90592,0.90307,0.91760,4.10,1,0,0,0,1,0,0,0,0,0,0,0,0,0,0,0
EURUSD,2008-08-07,LONG,2,loss,-1.00,1.53209,1.52825,1.54665,3.79,1,0,0,0,1,0,0,0,0,0,0,0,0,0,0,0
AUDUSD,2008-08-08,LONG,2,loss,-1.00,0.89129,0.88737,0.90597,3.74,1,0,0,0,1,0,0,0,0,0,0,0,0,0,0,0
AUDUSD,2008-08-11,LONG,2,loss,-1.00,0.88675,0.88154,0.90597,3.69,1,0,0,0,1,0,0,0,0,0,0,0,0,0,0,0
USDJPY,2008-08-12,LONG,7,loss,-1.00,109.34000,109.13000,110.11500,3.69,0,0,1,0,1,0,0,0,1,0,1,1,0,1,1,0
USDCHF,2008-08-13,SHORT,2,loss,-1.00,1.08870,1.09250,1.07900,2.55,1,0,0,0,1,0,0,0,0,0,0,0,0,0,0,0
NZDUSD,2008-08-13,SHORT,2,loss,-1.00,0.70420,0.70820,0.68508,4.78,0,0,0,0,1,0,0,0,0,0,1,0,0,0,0,0
EURUSD,2008-08-14,LONG,2,loss,-1.00,1.48075,1.47754,1.49188,3.47,1,0,0,0,1,0,0,0,0,0,0,0,0,0,0,0
USDCHF,2008-08-20,SHORT,5,win,3.50,1.10080,1.10320,1.09240,3.50,1,0,0,0,1,1,0,0,0,0,0,0,0,1,1,0
EURUSD,2008-08-26,LONG,6,win,3.09,1.45843,1.45307,1.47498,3.09,1,0,0,0,1,1,0,1,1,0,0,0,0,1,0,0
USDCHF,2008-08-26,SHORT,5,win,2.65,1.10665,1.11070,1.09590,2.65,1,0,0,0,1,1,0,1,0,0,0,0,0,1,0,0
USDJPY,2008-09-04,LONG,4,loss,-1.00,107.07000,106.58000,108.33000,2.57,0,0,1,0,1,0,0,0,0,0,1,0,0,0,1,0
USDJPY,2008-09-08,SHORT,8,win,2.63,108.56500,109.17500,106.96000,2.63,1,1,0,0,0,1,1,0,0,0,1,1,0,0,1,1
GBPUSD,2008-09-12,SHORT,3,loss,-1.00,1.78940,1.79760,1.75570,4.11,0,0,0,0,1,1,0,0,0,0,1,0,0,0,0,0
EURUSD,2008-09-12,SHORT,5,loss,-1.00,1.41705,1.42267,1.39732,3.51,0,0,0,1,1,1,0,0,0,0,1,1,0,0,0,0
GBPUSD,2008-09-15,SHORT,4,loss,-1.00,1.78845,1.79760,1.76530,2.53,0,0,0,0,1,1,0,0,0,0,1,1,0,0,0,0
USDCHF,2008-09-17,LONG,3,loss,-1.00,1.10060,1.09490,1.12240,3.82,0,0,0,0,1,0,0,0,0,0,1,0,0,0,1,0
EURUSD,2008-09-18,SHORT,4,loss,-1.00,1.44699,1.45438,1.41293,4.61,0,0,0,1,1,1,0,0,0,0,1,0,0,0,0,0
USDCAD,2008-09-18,LONG,5,win,2.57,1.06080,1.05695,1.07070,2.57,0,0,0,0,1,1,0,0,0,0,1,1,0,1,0,0
USDCHF,2008-09-18,LONG,4,win,4.49,1.09420,1.08830,1.12070,4.49,0,0,0,0,1,1,1,0,0,0,1,0,0,0,0,0
USDCAD,2008-09-19,LONG,4,loss,-1.00,1.04685,1.04110,1.06970,3.97,0,0,0,0,1,1,1,0,0,0,1,0,0,0,0,0
AUDUSD,2008-09-19,SHORT,3,loss,-1.00,0.82858,0.83527,0.79985,4.29,0,0,0,0,1,1,0,0,0,0,1,0,0,0,0,0
GBPUSD,2008-09-19,SHORT,3,loss,-1.00,1.83550,1.84885,1.79842,2.78,0,0,0,0,1,1,0,0,0,0,1,0,0,0,0,0
GBPUSD,2008-09-22,SHORT,5,loss,-1.00,1.84150,1.84885,1.80325,5.20,0,0,1,0,1,0,1,0,0,0,1,0,1,0,0,0
GBPUSD,2008-09-22,SHORT,5,loss,-1.00,1.84825,1.85895,1.80325,4.21,0,0,1,0,1,0,1,0,0,0,1,0,0,0,1,0
EURUSD,2008-09-22,SHORT,5,loss,-1.00,1.46949,1.48103,1.43336,3.13,0,0,1,1,1,0,1,0,0,0,1,0,0,0,0,0
EURUSD,2008-09-22,SHORT,5,win,3.82,1.48347,1.49078,1.45551,3.82,0,1,1,1,1,0,0,0,0,0,1,0,0,0,0,0
GBPUSD,2008-09-22,SHORT,3,win,2.96,1.86015,1.87935,1.80325,2.96,0,0,1,0,1,0,0,0,0,0,1,0,0,0,0,0
USDCHF,2008-09-23,LONG,2,win,3.15,1.07930,1.07420,1.09535,3.15,0,0,0,0,1,0,0,0,0,0,1,0,0,0,0,0
USDCHF,2008-09-30,SHORT,4,loss,-1.00,1.10310,1.10870,1.08588,3.08,1,0,0,0,0,1,0,0,0,0,1,1,0,0,0,0
USDJPY,2008-09-30,SHORT,6,win,2.59,106.35000,106.96500,104.75500,2.59,1,0,0,0,1,0,0,0,1,0,1,1,0,0,1,0
USDCAD,2008-10-01,SHORT,2,loss,-1.00,1.06170,1.06610,1.04650,3.45,1,0,0,0,0,0,0,0,0,0,1,0,0,0,0,0
USDCAD,2008-10-02,SHORT,3,loss,-1.00,1.07670,1.08080,1.04650,7.37,1,0,0,0,0,1,0,0,0,0,1,0,0,0,0,0
USDCHF,2008-10-08,LONG,4,loss,-1.00,1.12720,1.12165,1.14740,3.64,0,0,1,0,1,0,0,0,0,0,1,1,0,0,0,0
USDCHF,2008-10-08,LONG,4,loss,-1.00,1.12595,1.12165,1.14740,4.99,0,0,1,0,1,0,0,0,0,0,1,1,0,0,0,0
USDCHF,2008-10-29,LONG,2,loss,-1.00,1.13715,1.12920,1.16120,3.03,0,0,0,0,1,0,0,0,0,0,1,0,0,0,0,0
AUDUSD,2008-10-29,SHORT,2,loss,-1.00,0.66740,0.67475,0.62520,5.74,0,0,0,0,1,0,0,0,0,0,1,0,0,0,0,0
USDCHF,2008-10-30,LONG,2,win,2.73,1.13155,1.12445,1.15095,2.73,0,0,0,0,1,0,0,0,0,0,1,0,0,0,0,0
NZDUSD,2008-11-04,SHORT,3,loss,-1.00,0.59860,0.60300,0.58476,3.15,0,0,0,0,1,0,0,0,0,0,1,0,0,0,1,0
AUDUSD,2008-11-04,SHORT,4,win,3.95,0.69750,0.70590,0.66428,3.95,0,0,0,0,1,1,0,0,0,0,1,0,0,1,0,0
AUDUSD,2008-11-04,SHORT,5,win,2.98,0.69615,0.70590,0.66710,2.98,0,0,0,0,1,1,0,0,0,0,1,0,1,1,0,0
AUDUSD,2008-11-05,SHORT,3,win,3.67,0.69760,0.70590,0.66710,3.67,0,0,0,0,1,1,0,0,0,0,1,0,0,0,0,0
USDCAD,2008-11-10,LONG,2,win,3.68,1.17390,1.16685,1.19985,3.68,0,0,0,0,1,0,0,0,0,0,1,0,0,0,0,0
USDJPY,2008-11-14,SHORT,8,win,4.01,97.57500,98.26500,94.80500,4.01,1,0,0,0,1,0,0,1,1,0,1,1,0,1,1,0
EURUSD,2008-11-14,SHORT,3,loss,-1.00,1.27940,1.29270,1.24055,2.92,0,0,0,0,1,0,0,0,0,0,1,1,0,0,0,0
AUDUSD,2008-11-18,SHORT,3,loss,-1.00,0.65325,0.65940,0.63644,2.73,0,0,0,0,1,0,0,0,0,0,1,1,0,0,0,0
GBPUSD,2008-11-24,SHORT,5,loss,-1.00,1.49820,1.50605,1.47608,2.82,1,0,0,0,1,0,0,0,0,0,1,1,0,0,1,0
EURUSD,2008-11-24,SHORT,3,loss,-1.00,1.28265,1.29270,1.25005,3.24,0,0,0,0,1,1,0,0,0,0,1,0,0,0,0,0
USDCHF,2008-11-24,LONG,5,loss,-1.00,1.19845,1.19420,1.22010,5.09,0,0,0,0,1,1,0,0,0,0,1,1,0,0,1,0
USDJPY,2008-11-24,SHORT,6,loss,-1.00,96.85000,97.41500,95.15000,3.01,1,0,0,0,1,1,0,0,0,0,1,1,0,0,1,0
USDCAD,2008-11-25,LONG,3,win,2.87,1.22575,1.21085,1.26856,2.87,0,0,0,0,1,1,0,0,0,0,1,0,0,0,0,0
USDCHF,2008-11-25,LONG,3,win,3.87,1.18940,1.18245,1.21630,3.87,0,0,0,0,1,1,0,0,0,0,1,0,0,0,0,0
USDCHF,2008-11-25,LONG,3,win,5.51,1.18765,1.18245,1.21630,5.51,0,0,0,0,1,1,0,0,0,0,1,0,0,0,0,0
USDCAD,2008-11-26,LONG,3,win,4.20,1.22320,1.21240,1.26856,4.20,0,0,0,0,1,1,0,0,0,0,1,0,0,0,0,0
NZDUSD,2008-11-26,SHORT,4,win,3.66,0.55225,0.55855,0.52920,3.66,1,0,0,0,1,1,0,0,0,0,1,0,0,0,0,0
USDCAD,2008-11-26,LONG,3,win,2.93,1.22670,1.21240,1.26856,2.93,0,0,0,0,1,1,0,0,0,0,1,0,0,0,0,0
AUDUSD,2008-11-26,SHORT,2,loss,-1.00,0.65275,0.66135,0.62665,3.03,0,0,0,0,1,0,0,0,0,0,1,0,0,0,0,0
NZDUSD,2008-11-27,SHORT,6,win,3.13,0.55145,0.55855,0.52920,3.13,1,0,0,0,1,1,0,0,0,0,1,1,0,0,1,0
USDCAD,2008-11-27,LONG,3,win,2.86,1.22695,1.21240,1.26856,2.86,0,0,0,0,1,1,0,0,0,0,1,0,0,0,0,0
AUDUSD,2008-12-08,SHORT,4,loss,-1.00,0.66410,0.66920,0.64675,3.40,0,0,0,0,1,1,0,0,0,0,1,0,0,1,0,0
AUDUSD,2008-12-11,SHORT,2,loss,-1.00,0.66545,0.66910,0.65560,2.70,0,0,0,0,1,0,0,0,0,0,1,0,0,0,0,0
NZDUSD,2008-12-11,SHORT,5,loss,-1.00,0.55150,0.55465,0.54080,3.40,1,0,0,0,1,1,0,0,0,0,1,0,0,0,1,0
EURUSD,2008-12-11,SHORT,2,loss,-1.00,1.32310,1.32850,1.30520,3.31,0,0,0,0,1,0,0,0,0,0,1,0,0,0,0,0
USDCHF,2008-12-11,LONG,4,loss,-1.00,1.18675,1.18293,1.19910,3.23,0,0,0,0,1,0,1,0,1,0,1,0,0,0,0,0
GBPUSD,2008-12-15,SHORT,5,loss,-1.00,1.53610,1.55115,1.49509,2.72,1,0,1,0,1,1,0,0,0,0,1,0,0,0,0,0
NZDUSD,2008-12-15,SHORT,3,loss,-1.00,0.55510,0.55855,0.54321,3.45,1,0,0,0,1,0,0,0,0,0,1,0,0,0,0,0
GBPUSD,2008-12-16,SHORT,4,loss,-1.00,1.52885,1.53780,1.49670,3.59,1,0,1,0,1,0,0,0,0,0,1,0,0,0,0,0
GBPUSD,2008-12-16,SHORT,4,loss,-1.00,1.54630,1.55340,1.49670,6.99,1,0,1,0,1,0,0,0,0,0,1,0,0,0,0,0
AUDUSD,2008-12-16,SHORT,2,loss,-1.00,0.69220,0.69827,0.66892,3.84,0,0,0,0,1,0,0,0,0,0,1,0,0,0,0,0
USDCAD,2008-12-16,LONG,2,loss,-1.00,1.21240,1.20810,1.23350,4.91,0,0,0,0,1,0,0,0,0,0,1,0,0,0,0,0
EURUSD,2008-12-22,LONG,3,win,3.53,1.39268,1.38265,1.42810,3.53,1,0,0,0,0,0,0,1,0,0,1,0,0,0,0,0
EURUSD,2008-12-23,LONG,3,win,3.13,1.39365,1.38265,1.42810,3.13,1,0,0,0,0,0,0,0,0,0,1,1,0,0,0,0
EURUSD,2008-12-24,LONG,3,win,2.55,1.40092,1.39025,1.42810,2.55,1,0,0,0,0,0,0,0,0,0,1,0,0,0,1,0
EURUSD,2009-01-01,LONG,3,loss,-1.00,1.39723,1.39165,1.41705,3.55,1,0,0,0,0,0,0,0,0,0,1,1,0,0,0,0
AUDUSD,2009-01-02,SHORT,3,loss,-1.00,0.71038,0.71365,0.69350,5.16,1,0,0,0,1,1,0,0,0,0,0,0,0,0,0,0
USDCHF,2009-01-05,SHORT,2,loss,-1.00,1.10380,1.11315,1.07100,3.51,1,0,0,0,0,0,0,0,0,0,1,0,0,0,0,0
USDJPY,2009-01-05,SHORT,6,loss,-1.00,93.33000,93.90500,90.95500,4.13,1,0,0,0,1,0,1,0,1,0,1,0,0,0,1,0
AUDUSD,2009-01-05,SHORT,2,loss,-1.00,0.70950,0.71365,0.69514,3.46,1,0,0,0,1,0,0,0,0,0,0,0,0,0,0,0
GBPUSD,2009-01-09,SHORT,4,win,5.13,1.52900,1.53735,1.48617,5.13,1,0,0,0,1,0,0,1,0,0,1,0,0,0,0,0
GBPUSD,2009-01-09,SHORT,4,win,2.59,1.52310,1.53735,1.48617,2.59,1,0,0,0,1,0,0,1,0,0,1,0,0,0,0,0
USDCAD,2009-01-12,SHORT,3,loss,-1.00,1.21445,1.22255,1.19025,2.99,1,0,0,0,0,0,1,0,0,0,1,0,0,0,0,0
USDCHF,2009-01-13,SHORT,6,win,2.67,1.12380,1.12785,1.11300,2.67,1,0,1,0,0,0,1,1,1,0,1,0,0,0,0,0
USDCAD,2009-01-14,SHORT,2,loss,-1.00,1.24385,1.25115,1.21450,4.02,1,0,0,0,0,0,0,0,0,0,1,0,0,0,0,0
USDCAD,2009-01-14,SHORT,2,loss,-1.00,1.24475,1.25115,1.21450,4.73,1,0,0,0,0,0,0,0,0,0,1,0,0,0,0,0
USDCAD,2009-01-15,SHORT,3,loss,-1.00,1.24295,1.25115,1.21450,3.47,1,0,0,0,0,0,0,1,0,0,1,0,0,0,0,0
USDJPY,2009-01-28,SHORT,6,win,4.01,90.54500,90.97000,88.83894,4.01,1,0,0,0,1,0,0,0,1,0,1,0,0,1,1,0
USDCHF,2009-02-03,LONG,4,loss,-1.00,1.14470,1.14055,1.16280,4.36,0,0,0,0,1,0,0,0,1,0,1,1,0,0,0,0
USDCHF,2009-02-03,LONG,4,loss,-1.00,1.14455,1.14055,1.16198,4.36,0,0,0,0,1,0,0,0,1,0,1,1,0,0,0,0
USDCAD,2009-02-05,LONG,6,win,2.83,1.22845,1.22240,1.24560,2.83,0,0,0,0,1,0,1,1,1,0,1,1,0,0,0,0
USDCAD,2009-02-05,LONG,6,win,3.18,1.22795,1.22240,1.24560,3.18,0,0,0,0,1,0,1,1,1,0,1,1,0,0,0,0
AUDUSD,2009-02-06,SHORT,5,loss,-1.00,0.66918,0.67300,0.65165,4.59,1,0,0,0,1,0,1,0,1,0,1,0,0,0,0,0
NZDUSD,2009-02-06,SHORT,5,loss,-1.00,0.53245,0.53730,0.51745,3.09,1,0,0,0,1,1,0,0,1,0,1,0,0,0,0,0
GBPUSD,2009-02-09,SHORT,4,loss,-1.00,1.49055,1.49795,1.46115,3.97,1,0,0,0,1,1,0,0,0,0,1,0,0,0,0,0
NZDUSD,2009-02-09,SHORT,5,loss,-1.00,0.53255,0.53640,0.51915,3.48,1,0,1,0,1,1,0,0,0,0,1,0,0,0,0,0
USDCAD,2009-02-09,LONG,6,loss,-1.00,1.22730,1.22240,1.24350,3.31,0,0,0,0,1,0,1,1,0,0,1,1,1,0,0,0
GBPUSD,2009-02-09,SHORT,4,loss,-1.00,1.49100,1.49795,1.47250,2.66,1,0,0,0,1,1,0,0,0,0,1,0,0,0,0,0
GBPUSD,2009-02-09,SHORT,4,win,3.01,1.49160,1.49795,1.47250,3.01,1,0,0,0,1,1,0,0,0,0,1,0,0,0,0,0
EURUSD,2009-02-09,SHORT,4,win,2.61,1.30220,1.30705,1.28955,2.61,0,0,0,0,1,1,0,0,0,0,1,1,0,0,0,0
EURUSD,2009-02-10,SHORT,3,win,4.05,1.30375,1.30925,1.28150,4.05,0,0,0,0,1,1,0,0,0,0,1,0,0,0,0,0
USDCHF,2009-02-11,LONG,6,win,3.81,1.15575,1.15010,1.17730,3.81,0,0,1,0,1,1,0,1,0,0,1,1,0,0,0,0
USDJPY,2009-02-16,SHORT,4,loss,-1.00,91.85500,92.13500,91.09500,2.71,1,0,0,0,1,0,0,0,1,0,0,0,0,0,1,0
USDJPY,2009-02-19,SHORT,3,win,2.59,94.07000,94.63000,92.62000,2.59,1,0,0,0,1,0,0,0,0,0,0,0,0,0,1,0
USDCHF,2009-02-20,LONG,3,loss,-1.00,1.15460,1.15010,1.18545,6.86,0,0,0,0,1,0,1,0,0,0,1,0,0,0,0,0
USDCHF,2009-02-23,LONG,3,loss,-1.00,1.16230,1.15605,1.18545,3.70,0,0,0,0,1,0,0,0,0,0,1,1,0,0,0,0
USDCHF,2009-02-23,LONG,3,loss,-1.00,1.16500,1.15795,1.18545,2.90,0,0,0,0,1,0,0,0,0,0,1,1,0,0,0,0
USDJPY,2009-02-24,SHORT,2,loss,-1.00,96.75000,97.42000,95.05500,2.53,1,0,0,0,1,0,0,0,0,0,0,0,0,0,0,0
USDJPY,2009-02-24,SHORT,3,loss,-1.00,96.86500,97.42000,95.35500,2.72,1,0,0,0,1,0,0,0,0,0,0,0,0,0,1,0
USDJPY,2009-02-25,SHORT,3,loss,-1.00,97.03000,97.42000,95.35500,4.29,1,0,0,0,1,0,0,0,0,0,0,0,0,0,1,0
AUDUSD,2009-03-10,SHORT,4,loss,-1.00,0.64720,0.65260,0.63150,2.91,1,0,0,0,1,1,0,0,0,0,1,0,0,0,0,0
EURUSD,2009-03-11,SHORT,3,loss,-1.00,1.28475,1.28985,1.26609,3.66,0,0,0,0,1,0,1,0,0,0,1,0,0,0,0,0
EURUSD,2009-03-12,SHORT,4,loss,-1.00,1.29270,1.29915,1.27605,2.58,0,0,0,0,1,1,1,0,0,0,1,0,0,0,0,0
USDCAD,2009-03-12,LONG,4,loss,-1.00,1.27905,1.27245,1.29865,2.97,1,0,0,0,1,0,0,0,0,0,1,1,0,0,0,0
USDJPY,2009-03-16,SHORT,5,win,3.91,98.55000,99.19000,96.04766,3.91,1,0,0,0,1,0,0,0,1,0,0,1,0,0,1,0
EURUSD,2009-03-16,SHORT,2,loss,-1.00,1.30290,1.30735,1.28900,3.12,0,0,0,0,1,0,0,0,0,0,1,0,0,0,0,0
USDJPY,2009-03-16,SHORT,6,loss,-1.00,98.18000,98.66000,96.04766,4.44,1,0,0,0,1,0,0,0,1,0,0,1,0,0,1,1
USDJPY,2009-03-16,SHORT,6,loss,-1.00,98.15500,98.66000,96.04766,4.17,1,0,0,0,1,0,0,0,1,0,0,1,1,0,1,0
AUDUSD,2009-03-17,SHORT,2,loss,-1.00,0.66175,0.66370,0.65605,2.92,1,0,0,0,1,0,0,0,0,0,0,0,0,0,0,0
GBPUSD,2009-03-18,SHORT,5,loss,-1.00,1.42745,1.43650,1.38745,4.42,1,0,0,0,1,1,1,0,0,0,1,0,0,0,0,0
AUDUSD,2009-03-18,SHORT,2,loss,-1.00,0.67865,0.68490,0.65895,3.15,1,0,0,0,1,0,0,0,0,0,0,0,0,0,0,0
USDCHF,2009-03-18,LONG,4,loss,-1.00,1.14015,1.13295,1.18080,5.65,0,0,0,0,1,0,0,0,1,1,1,0,0,0,0,0
NZDUSD,2009-03-18,SHORT,2,loss,-1.00,0.54675,0.55440,0.52365,3.02,1,0,0,0,1,0,0,0,0,0,0,0,0,0,0,0
USDCAD,2009-03-18,LONG,4,loss,-1.00,1.24625,1.23945,1.27385,4.06,1,0,0,0,1,1,0,0,0,0,1,0,0,0,0,0
NZDUSD,2009-03-19,SHORT,3,loss,-1.00,0.55035,0.55440,0.52750,5.64,1,0,0,0,1,0,0,0,0,0,0,0,0,0,1,0
USDCHF,2009-03-19,LONG,4,win,3.22,1.11840,1.11075,1.14300,3.22,0,0,0,0,1,0,0,0,1,1,1,0,0,0,0,0
GBPUSD,2009-03-19,SHORT,4,loss,-1.00,1.45815,1.46605,1.42100,4.70,1,0,0,0,1,1,0,0,0,0,1,0,0,0,0,0
NZDUSD,2009-03-19,SHORT,2,loss,-1.00,0.55480,0.55935,0.54300,2.59,1,0,0,0,1,0,0,0,0,0,0,0,0,0,0,0
GBPUSD,2009-03-19,SHORT,4,loss,-1.00,1.45230,1.46060,1.42780,2.95,1,0,0,0,1,1,0,0,0,0,1,0,0,0,0,0
EURUSD,2009-03-23,LONG,3,loss,-1.00,1.35670,1.35170,1.37095,2.85,1,0,0,0,0,1,0,0,0,0,1,0,0,0,0,0
USDJPY,2009-03-31,SHORT,4,loss,-1.00,98.48000,98.86000,97.24000,3.26,1,0,0,0,1,1,0,0,0,0,0,0,0,0,1,0
USDJPY,2009-03-31,SHORT,5,loss,-1.00,99.14000,99.67500,97.24000,3.55,1,1,0,0,1,1,0,0,0,0,0,0,0,0,1,0
AUDUSD,2009-04-02,SHORT,3,loss,-1.00,0.71020,0.71310,0.69820,4.14,1,0,0,0,1,0,0,0,1,0,0,0,0,0,0,0
GBPUSD,2009-04-02,SHORT,3,loss,-1.00,1.46755,1.47790,1.44030,2.63,1,0,0,0,1,0,0,0,1,0,0,0,0,0,0,0
GBPUSD,2009-04-02,SHORT,3,loss,-1.00,1.47015,1.47790,1.44930,2.69,1,0,0,0,1,0,0,0,1,0,0,0,0,0,0,0
USDJPY,2009-04-03,SHORT,2,loss,-1.00,100.26000,100.55500,98.54500,5.81,1,0,0,0,1,0,0,0,0,0,0,0,0,0,0,0
EURUSD,2009-04-06,LONG,4,loss,-1.00,1.34060,1.33650,1.35310,3.05,1,0,0,0,0,0,0,0,1,0,1,1,0,0,0,0
USDCHF,2009-04-07,SHORT,5,loss,-1.00,1.14580,1.15070,1.12835,3.56,1,0,0,0,0,0,1,0,1,0,1,1,0,0,0,0
AUDUSD,2009-04-09,SHORT,4,loss,-1.00,0.71654,0.72090,0.70430,2.81,1,0,0,0,1,1,0,0,1,0,0,0,0,0,0,0
USDCAD,2009-04-09,LONG,3,loss,-1.00,1.22465,1.21958,1.23835,2.70,1,0,0,0,1,1,0,0,0,0,0,0,0,0,0,0
EURUSD,2009-04-09,LONG,4,loss,-1.00,1.31600,1.31160,1.33135,3.49,1,0,0,0,0,0,1,0,1,0,1,0,0,0,0,0
AUDUSD,2009-04-10,SHORT,4,loss,-1.00,0.71844,0.72090,0.71146,2.84,1,0,0,0,1,0,0,1,1,0,0,0,0,0,0,0
GBPUSD,2009-04-13,SHORT,4,loss,-1.00,1.47395,1.47795,1.46180,3.04,1,0,0,0,1,0,0,0,1,0,0,1,0,0,0,0
GBPUSD,2009-04-14,SHORT,4,loss,-1.00,1.49095,1.49585,1.47170,3.93,1,0,0,0,1,1,0,0,1,0,0,0,0,0,0,0
GBPUSD,2009-04-14,SHORT,4,loss,-1.00,1.49035,1.49585,1.47170,3.39,1,0,0,0,1,1,0,0,1,0,0,0,0,0,0,0
GBPUSD,2009-04-14,SHORT,4,loss,-1.00,1.49140,1.49585,1.47170,4.43,1,0,0,0,1,1,0,0,1,0,0,0,0,0,0,0
USDCAD,2009-04-16,LONG,4,win,2.99,1.20615,1.20240,1.21735,2.99,1,0,0,0,1,0,0,0,0,0,0,0,1,0,0,1
USDCAD,2009-04-27,LONG,5,win,3.50,1.21060,1.20720,1.22250,3.50,1,0,0,0,1,1,0,1,1,0,0,0,0,0,0,0
USDCHF,2009-04-29,LONG,3,loss,-1.00,1.13580,1.13035,1.15770,4.02,0,1,0,0,1,0,0,0,0,0,1,0,0,0,0,0
USDCAD,2009-04-29,LONG,2,loss,-1.00,1.20335,1.19815,1.22050,3.30,1,0,0,0,1,0,0,0,0,0,0,0,0,0,0,0
EURUSD,2009-04-29,SHORT,3,loss,-1.00,1.32625,1.33010,1.31310,3.42,0,0,0,0,1,1,0,0,0,0,1,0,0,0,0,0
NZDUSD,2009-04-29,SHORT,3,loss,-1.00,0.57020,0.57375,0.55870,3.24,1,0,0,0,1,1,0,0,0,0,0,0,0,0,0,0
AUDUSD,2009-04-29,SHORT,2,loss,-1.00,0.72657,0.73151,0.71345,2.66,1,0,0,0,1,0,0,0,0,0,0,0,0,0,0,0
USDJPY,2009-04-30,SHORT,3,loss,-1.00,98.23000,98.91000,96.44000,2.63,1,0,0,0,0,0,0,0,0,0,1,1,0,0,0,0
USDJPY,2009-04-30,SHORT,3,loss,-1.00,98.61000,98.91000,97.70000,3.03,1,0,0,0,0,0,0,0,0,0,1,0,0,0,1,0
EURUSD,2009-05-04,LONG,5,win,2.81,1.32390,1.31905,1.33755,2.81,1,0,0,0,0,1,0,1,0,0,1,1,0,0,0,0
NZDUSD,2009-05-07,SHORT,2,loss,-1.00,0.59460,0.59770,0.58680,2.52,1,0,0,0,1,0,0,0,0,0,0,0,0,0,0,0
NZDUSD,2009-05-08,SHORT,2,loss,-1.00,0.59550,0.59885,0.58680,2.60,1,0,0,0,1,0,0,0,0,0,0,0,0,0,0,0
NZDUSD,2009-05-08,SHORT,2,loss,-1.00,0.60245,0.60800,0.58680,2.82,1,0,0,0,1,0,0,0,0,0,0,0,0,0,0,0
GBPUSD,2009-05-12,SHORT,2,win,4.58,1.53270,1.53735,1.51140,4.58,1,0,0,0,1,0,0,0,0,0,0,0,0,0,0,0
AUDUSD,2009-05-12,SHORT,2,win,2.72,0.76766,0.77078,0.75917,2.72,1,0,0,0,1,0,0,0,0,0,0,0,0,0,0,0
AUDUSD,2009-05-15,LONG,4,loss,-1.00,0.74959,0.74658,0.75894,3.11,0,0,0,0,1,0,0,0,0,0,1,1,0,0,1,0
USDJPY,2009-05-18,SHORT,7,loss,-1.00,95.84000,96.18000,94.89000,2.79,1,0,1,0,1,0,0,0,1,0,1,1,0,0,1,0
GBPUSD,2009-05-18,SHORT,4,loss,-1.00,1.53040,1.53525,1.51490,3.20,1,0,0,0,1,1,0,0,1,0,0,0,0,0,0,0
USDCAD,2009-05-18,LONG,5,loss,-1.00,1.16855,1.16480,1.17930,2.87,1,1,0,0,1,0,0,0,1,0,0,1,0,0,0,0
GBPUSD,2009-05-18,SHORT,4,loss,-1.00,1.53070,1.53525,1.51490,3.47,1,0,0,0,1,1,0,0,1,0,0,0,0,0,0,0
NZDUSD,2009-05-18,SHORT,5,loss,-1.00,0.59510,0.59860,0.58550,2.74,1,0,0,0,1,1,0,0,1,0,0,1,0,0,0,0
GBPUSD,2009-05-20,SHORT,3,loss,-1.00,1.56670,1.57205,1.53245,6.40,1,0,0,0,1,0,0,0,1,0,0,0,0,0,0,0
NZDUSD,2009-05-20,SHORT,5,loss,-1.00,0.60930,0.61252,0.60055,2.72,1,1,0,0,1,1,0,0,1,0,0,0,0,0,0,0
NZDUSD,2009-05-26,SHORT,3,win,3.34,0.62430,0.62750,0.61360,3.34,1,0,0,0,1,1,0,0,0,0,0,0,0,0,0,0
EURUSD,2009-05-27,LONG,4,loss,-1.00,1.39045,1.38600,1.40255,2.72,1,0,0,0,0,0,0,0,1,0,1,1,0,0,0,0
NZDUSD,2009-05-27,SHORT,3,win,2.70,0.62245,0.62590,0.61315,2.70,1,0,0,0,1,1,0,0,0,0,0,0,0,0,0,0
NZDUSD,2009-05-28,SHORT,4,loss,-1.00,0.62360,0.62750,0.61300,2.72,1,0,0,0,1,1,0,0,0,0,0,0,0,1,0,0
NZDUSD,2009-05-28,SHORT,4,loss,-1.00,0.62295,0.62615,0.61300,3.11,1,0,0,0,1,1,0,0,0,0,0,0,0,0,0,1
USDJPY,2009-06-01,SHORT,6,loss,-1.00,96.62000,97.23500,94.75000,3.04,1,0,0,0,1,1,1,0,0,0,1,0,0,0,1,0
AUDUSD,2009-06-03,LONG,3,loss,-1.00,0.81006,0.80499,0.82434,2.82,0,0,0,0,1,1,0,0,0,0,1,0,0,0,0,0
EURUSD,2009-06-03,LONG,6,loss,-1.00,1.41520,1.41015,1.43055,3.04,1,0,0,0,1,1,0,0,1,0,1,1,0,0,0,0
USDCAD,2009-06-04,SHORT,3,loss,-1.00,1.11505,1.12570,1.08800,2.54,0,0,0,0,1,0,0,0,0,0,1,1,0,0,0,0
AUDUSD,2009-06-05,LONG,3,loss,-1.00,0.79318,0.78758,0.80751,2.56,0,0,0,0,1,0,0,0,0,0,1,1,0,0,0,0
NZDUSD,2009-06-05,LONG,2,loss,-1.00,0.62605,0.62165,0.63850,2.83,0,0,0,0,1,0,0,0,0,0,1,0,0,0,0,0
USDJPY,2009-06-05,SHORT,7,win,2.87,98.83500,99.57000,96.72500,2.87,1,1,0,0,1,0,0,0,1,0,1,0,0,1,1,0
AUDUSD,2009-06-05,LONG,3,loss,-1.00,0.79317,0.78758,0.80751,2.57,0,0,0,0,1,0,0,0,0,0,1,1,0,0,0,0
USDJPY,2009-06-08,SHORT,6,win,3.87,98.44500,98.88000,96.76000,3.87,1,1,0,0,1,0,0,0,1,0,1,0,0,0,1,0
USDJPY,2009-06-08,SHORT,5,win,5.63,98.56000,98.88000,96.76000,5.63,1,1,0,0,1,0,0,0,1,0,0,0,0,0,1,0
USDJPY,2009-06-08,SHORT,5,win,3.71,98.43000,98.88000,96.76000,3.71,1,1,0,0,1,0,0,0,1,0,0,0,0,0,1,0
GBPUSD,2009-06-09,SHORT,4,loss,-1.00,1.61785,1.62425,1.60065,2.69,1,0,0,0,1,0,0,0,1,0,0,1,0,0,0,0
USDCAD,2009-06-12,SHORT,3,loss,-1.00,1.12200,1.12905,1.10105,2.97,0,0,0,0,1,1,0,0,0,0,1,0,0,0,0,0
EURUSD,2009-06-15,LONG,6,win,3.49,1.37832,1.37280,1.39760,3.49,1,0,0,0,1,1,1,0,1,0,1,0,0,0,0,0
USDCHF,2009-06-15,SHORT,5,win,3.15,1.09407,1.09860,1.07982,3.15,1,0,0,0,1,1,0,0,1,0,1,0,0,0,0,0
USDCAD,2009-06-15,SHORT,4,loss,-1.00,1.13208,1.13555,1.12024,3.41,0,0,0,0,1,0,0,0,1,0,1,0,0,0,0,1
EURUSD,2009-06-16,LONG,5,win,4.48,1.38362,1.38050,1.39760,4.48,1,0,0,0,1,1,0,0,1,0,1,0,0,0,0,0
AUDUSD,2009-06-22,LONG,4,loss,-1.00,0.78804,0.78494,0.79876,3.46,0,0,1,0,1,1,0,0,0,0,1,0,0,0,0,0
USDCHF,2009-06-24,SHORT,7,loss,-1.00,1.08425,1.08965,1.06480,3.60,1,0,0,0,1,1,0,0,1,0,1,1,0,1,0,0
USDCHF,2009-06-24,SHORT,6,timeout,0.74,1.09670,1.10565,1.06480,3.56,1,0,0,0,1,1,1,0,1,0,1,0,0,0,0,0
GBPUSD,2009-06-25,LONG,5,win,3.14,1.62485,1.61859,1.64450,3.14,0,0,1,0,1,1,0,0,1,0,1,0,0,0,0,0
USDJPY,2009-06-30,SHORT,8,loss,-1.00,96.32000,96.56500,95.55500,3.12,1,0,1,0,1,1,1,0,0,0,1,1,0,0,1,0
NZDUSD,2009-06-30,LONG,4,loss,-1.00,0.64495,0.64205,0.65260,2.64,0,0,0,0,1,1,0,0,0,0,1,1,0,0,0,0
NZDUSD,2009-07-01,LONG,3,loss,-1.00,0.63905,0.63460,0.65260,3.04,0,0,0,0,1,0,0,0,0,0,1,1,0,0,0,0
USDCAD,2009-07-01,LONG,6,win,6.27,1.14455,1.14175,1.16210,6.27,1,0,1,0,0,1,1,0,0,0,1,1,0,0,0,0
NZDUSD,2009-07-02,LONG,3,loss,-1.00,0.62900,0.62545,0.64140,3.49,0,0,0,0,1,1,0,0,0,0,1,0,0,0,0,0
USDCHF,2009-07-03,SHORT,6,loss,-1.00,1.08680,1.09120,1.07475,2.74,1,0,0,0,1,1,0,0,1,0,1,1,0,0,0,0
USDCHF,2009-07-03,SHORT,7,loss,-1.00,1.08635,1.08900,1.07475,4.38,1,0,0,0,1,1,0,0,1,0,1,1,1,0,0,0
USDCHF,2009-07-03,SHORT,7,loss,-1.00,1.08670,1.09020,1.07475,3.41,1,0,0,0,1,1,0,0,1,0,1,1,0,1,0,0
EURUSD,2009-07-06,LONG,5,win,2.68,1.38927,1.38260,1.40715,2.68,1,0,0,0,1,0,1,1,0,0,1,0,0,0,0,0
NZDUSD,2009-07-06,LONG,4,win,2.77,0.62665,0.62423,0.63335,2.77,0,0,0,0,1,1,0,0,0,0,1,0,1,0,0,0
EURUSD,2009-07-07,LONG,5,loss,-1.00,1.39108,1.38749,1.40260,3.21,1,0,0,0,1,0,1,0,0,0,1,1,0,0,0,0
AUDUSD,2009-07-08,LONG,4,loss,-1.00,0.77781,0.77422,0.80181,6.69,0,0,0,0,1,1,0,0,0,1,1,0,0,0,0,0
USDCHF,2009-07-08,SHORT,7,win,3.12,1.09235,1.09560,1.08220,3.12,1,0,1,0,1,0,1,1,0,0,1,1,0,0,0,0
AUDUSD,2009-07-08,LONG,4,loss,-1.00,0.77726,0.77026,0.80181,3.51,0,0,0,0,1,1,0,0,0,1,1,0,0,0,0,0
NZDUSD,2009-07-08,LONG,5,loss,-1.00,0.62575,0.62310,0.63745,4.42,0,0,0,0,1,1,1,0,0,0,1,0,1,0,0,0
AUDUSD,2009-07-08,LONG,5,loss,-1.00,0.77731,0.77026,0.80181,3.48,0,0,0,0,1,1,0,0,0,1,1,0,1,0,0,0
NZDUSD,2009-07-13,LONG,4,win,2.71,0.62195,0.61960,0.62833,2.71,0,0,0,0,1,1,1,0,0,0,1,0,0,0,0,0
AUDUSD,2009-07-13,SHORT,5,loss,-1.00,0.78326,0.78611,0.77491,2.93,1,0,0,0,0,1,1,0,0,0,1,1,0,0,0,0
AUDUSD,2009-07-13,SHORT,5,loss,-1.00,0.78364,0.78611,0.77491,3.53,1,0,0,0,0,1,1,0,0,0,1,1,0,0,0,0
USDCHF,2009-07-14,SHORT,6,win,2.61,1.09055,1.09425,1.08090,2.61,1,0,0,0,1,0,1,0,1,0,1,1,0,0,0,0
USDCAD,2009-07-15,LONG,2,loss,-1.00,1.12625,1.12310,1.13695,3.40,1,0,0,0,0,0,0,0,0,0,1,0,0,0,0,0
EURUSD,2009-07-28,LONG,5,loss,-1.00,1.41539,1.41181,1.42637,3.07,1,0,1,0,1,0,0,0,0,0,1,1,0,0,0,0
USDCAD,2009-07-29,SHORT,2,loss,-1.00,1.08725,1.09065,1.07590,3.34,0,0,0,0,1,0,0,0,0,0,1,0,0,0,0,0
USDJPY,2009-07-29,SHORT,8,loss,-1.00,95.13000,95.38000,94.23000,3.60,1,0,1,0,1,1,1,0,0,0,1,1,0,0,1,0
USDCHF,2009-07-30,SHORT,6,win,2.94,1.08905,1.09390,1.07480,2.94,1,0,0,0,1,1,1,1,0,0,1,0,0,0,0,0
USDCHF,2009-07-30,SHORT,5,win,3.34,1.08950,1.09390,1.07480,3.34,1,0,0,0,1,1,0,1,0,0,1,0,0,0,0,0
USDJPY,2009-08-05,SHORT,9,win,2.60,95.25000,95.46500,94.69000,2.60,1,0,0,0,1,1,1,1,1,0,1,1,0,1,0,0
USDJPY,2009-08-07,SHORT,6,win,2.84,97.65000,98.56100,95.06000,2.84,1,1,0,0,1,0,0,0,1,0,0,0,0,1,1,0
USDJPY,2009-08-10,SHORT,5,win,3.56,97.25500,97.78500,95.37000,3.56,1,1,0,0,1,0,0,0,1,0,0,0,0,0,0,1
EURUSD,2009-08-10,LONG,5,loss,-1.00,1.41914,1.41533,1.43557,4.31,1,0,0,0,1,0,0,0,0,0,1,1,1,0,0,0
USDCHF,2009-08-10,SHORT,6,loss,-1.00,1.08150,1.08440,1.06475,5.78,1,0,0,0,1,0,1,0,1,1,1,0,0,0,0,0
USDJPY,2009-08-10,SHORT,5,win,3.35,97.23000,97.78500,95.37000,3.35,1,1,0,0,1,0,0,0,1,0,0,0,1,0,0,0
USDCHF,2009-08-10,SHORT,5,win,2.63,1.08550,1.09340,1.06475,2.63,1,0,0,0,1,0,0,0,1,1,1,0,0,0,0,0
USDJPY,2009-08-10,SHORT,4,win,2.53,97.10000,97.78500,95.37000,2.53,1,0,0,0,1,0,0,0,1,0,0,0,0,0,1,0
USDCHF,2009-08-11,SHORT,6,loss,-1.00,1.07990,1.08440,1.06475,3.37,1,0,0,0,1,0,1,0,0,1,1,1,0,0,0,0
GBPUSD,2009-08-11,LONG,3,loss,-1.00,1.64775,1.64305,1.66250,3.14,0,0,0,0,1,0,1,0,0,0,1,0,0,0,0,0
NZDUSD,2009-08-11,LONG,3,loss,-1.00,0.66765,0.66460,0.67535,2.52,0,0,0,0,1,0,0,0,0,0,1,1,0,0,0,0
NZDUSD,2009-08-17,LONG,2,win,2.58,0.66460,0.65985,0.67685,2.58,0,0,0,0,1,0,0,0,0,0,1,0,0,0,0,0
GBPUSD,2009-08-24,LONG,6,loss,-1.00,1.64150,1.63750,1.65210,2.65,0,0,0,0,1,0,1,0,1,0,1,1,0,1,0,0
EURUSD,2009-08-26,LONG,7,win,3.49,1.42285,1.41999,1.43284,3.49,1,0,0,0,1,1,0,0,1,1,1,1,0,0,0,0
AUDUSD,2009-09-01,LONG,4,win,3.59,0.82651,0.82151,0.84445,3.59,0,0,0,0,1,1,1,0,0,0,1,0,0,0,0,0
EURUSD,2009-09-01,LONG,8,loss,-1.00,1.42338,1.42026,1.43663,4.25,1,0,1,0,1,1,1,0,0,1,1,1,0,0,0,0
USDCAD,2009-09-01,SHORT,4,loss,-1.00,1.10390,1.10920,1.08780,3.04,1,0,0,0,1,0,1,0,0,0,1,0,0,0,0,0
AUDUSD,2009-09-01,LONG,4,win,4.72,0.82552,0.82151,0.84445,4.72,0,0,0,0,1,1,1,0,0,0,1,0,0,0,0,0
NZDUSD,2009-09-01,LONG,5,loss,-1.00,0.67490,0.67105,0.68780,3.35,0,0,1,0,1,1,0,0,0,0,1,0,0,1,0,0
NZDUSD,2009-09-02,LONG,6,loss,-1.00,0.67375,0.67105,0.68286,3.37,0,0,1,0,1,1,0,1,0,0,1,0,1,0,0,0
GBPUSD,2009-09-03,SHORT,5,loss,-1.00,1.63840,1.64455,1.61250,4.21,1,0,0,0,0,1,1,0,0,0,1,1,0,0,0,0
GBPUSD,2009-09-04,SHORT,6,loss,-1.00,1.63760,1.64130,1.62745,2.74,1,0,0,0,0,1,1,0,0,0,1,1,0,1,0,0
GBPUSD,2009-09-07,SHORT,6,loss,-1.00,1.64170,1.64455,1.62745,5.00,1,0,0,0,0,1,1,0,0,0,1,1,1,0,0,0
GBPUSD,2009-09-08,SHORT,4,loss,-1.00,1.65605,1.66240,1.63355,3.54,1,0,0,0,0,1,0,0,0,0,1,0,0,1,0,0
GBPUSD,2009-09-09,SHORT,2,loss,-1.00,1.65550,1.66240,1.63480,3.00,1,0,0,0,0,0,0,0,0,0,1,0,0,0,0,0
GBPUSD,2009-09-09,SHORT,2,loss,-1.00,1.65300,1.65875,1.63480,3.17,1,0,0,0,0,0,0,0,0,0,1,0,0,0,0,0
GBPUSD,2009-09-15,LONG,8,loss,-1.00,1.65010,1.64550,1.66180,2.54,0,0,0,0,1,1,1,0,0,0,1,1,0,1,1,1
USDJPY,2009-09-17,SHORT,4,loss,-1.00,91.25000,91.64000,90.26500,2.53,1,0,0,0,1,0,0,0,0,0,1,1,0,0,0,0
USDJPY,2009-09-18,SHORT,6,loss,-1.00,91.38000,91.61500,90.56500,3.47,1,0,0,0,1,0,0,0,0,0,1,1,0,1,1,0
USDCAD,2009-09-24,SHORT,6,loss,-1.00,1.08880,1.09265,1.07345,3.99,1,0,0,0,1,1,1,0,1,0,1,0,0,0,0,0
EURUSD,2009-09-24,LONG,5,loss,-1.00,1.46540,1.46082,1.47822,2.80,1,0,0,0,1,1,0,0,0,0,1,1,0,0,0,0
USDCAD,2009-09-28,SHORT,6,win,2.59,1.08730,1.09265,1.07345,2.59,1,0,0,0,1,1,1,0,0,0,1,1,0,0,0,0
USDCHF,2009-09-29,SHORT,5,win,2.62,1.03925,1.04190,1.03230,2.62,1,0,0,0,1,1,0,0,0,0,1,1,0,0,0,0
USDCHF,2009-09-30,SHORT,5,loss,-1.00,1.03750,1.04055,1.02775,3.20,1,0,0,0,1,1,0,0,0,0,1,1,0,0,0,0
AUDUSD,2009-10-02,LONG,3,loss,-1.00,0.86269,0.85855,0.87847,3.81,0,0,0,0,1,1,0,0,0,0,1,0,0,0,0,0
EURUSD,2009-10-02,LONG,4,loss,-1.00,1.45311,1.45007,1.46231,3.03,1,0,0,0,1,0,0,0,0,0,1,1,0,0,0,0
NZDUSD,2009-10-02,LONG,3,loss,-1.00,0.71315,0.71050,0.72130,3.08,0,0,0,0,1,0,0,0,0,0,1,1,0,0,0,0
USDCHF,2009-10-07,SHORT,7,win,2.70,1.03355,1.03575,1.02760,2.70,1,0,0,0,1,1,0,1,1,0,1,1,0,0,0,0
GBPUSD,2009-10-08,SHORT,4,win,3.35,1.60880,1.61255,1.59625,3.35,1,0,0,0,0,1,0,0,0,0,1,1,0,0,0,0
USDJPY,2009-10-09,SHORT,6,loss,-1.00,89.68500,89.97500,88.47000,4.19,1,0,0,0,1,1,0,0,0,0,1,1,0,0,1,0
USDJPY,2009-10-09,SHORT,5,loss,-1.00,89.78000,90.17000,88.75000,2.64,1,0,0,0,1,1,0,0,0,0,1,1,0,0,0,0
USDJPY,2009-10-15,SHORT,5,loss,-1.00,90.16500,90.45500,88.97500,4.10,1,0,0,0,1,0,0,0,0,0,1,1,0,0,1,0
GBPUSD,2009-10-20,SHORT,4,loss,-1.00,1.64185,1.64675,1.62680,3.07,1,0,1,0,0,0,0,1,0,0,1,0,0,0,0,0
USDCAD,2009-10-21,SHORT,4,loss,-1.00,1.05650,1.06480,1.03040,3.14,1,0,0,0,1,0,0,1,0,0,1,0,0,0,0,0
AUDUSD,2009-10-21,LONG,4,win,2.89,0.92081,0.91810,0.92864,2.89,1,0,0,0,1,0,0,0,0,0,1,1,0,0,0,0
USDJPY,2009-10-22,SHORT,5,loss,-1.00,91.42000,91.62500,90.86000,2.73,1,0,0,0,1,0,1,0,0,0,1,0,0,0,1,0
GBPUSD,2009-10-23,LONG,4,timeout,2.46,1.63490,1.62405,1.66775,3.03,0,0,0,0,1,0,0,0,1,0,1,1,0,0,0,0
GBPUSD,2009-10-23,LONG,5,timeout,4.61,1.63060,1.62405,1.66775,5.67,0,0,0,0,1,0,1,0,1,0,1,1,0,0,0,0
USDCAD,2009-10-26,SHORT,4,loss,-1.00,1.06190,1.06480,1.05160,3.55,1,0,0,0,1,0,1,0,0,0,1,0,0,0,0,0
AUDUSD,2009-10-26,LONG,5,loss,-1.00,0.91466,0.91125,0.92535,3.13,1,0,0,0,1,1,0,0,0,0,1,1,0,0,0,0
USDCHF,2009-10-26,SHORT,5,loss,-1.00,1.01845,1.02280,1.00650,2.75,1,0,0,0,1,1,0,0,0,0,1,1,0,0,0,0
EURUSD,2009-10-26,LONG,5,loss,-1.00,1.48632,1.48301,1.50345,5.18,1,0,0,0,1,1,0,0,0,0,1,1,0,0,0,0
EURUSD,2009-10-27,LONG,5,loss,-1.00,1.48733,1.48301,1.50234,3.47,1,0,0,0,1,1,0,0,0,0,1,1,0,0,0,0
USDCHF,2009-10-27,SHORT,5,loss,-1.00,1.01855,1.02280,1.00650,2.84,1,0,0,0,1,1,0,0,0,0,1,1,0,0,0,0
AUDUSD,2009-10-27,LONG,4,loss,-1.00,0.91451,0.91125,0.92282,2.55,1,0,0,0,1,0,0,0,0,0,1,1,0,0,0,0
NZDUSD,2009-10-28,LONG,2,loss,-1.00,0.73405,0.73140,0.74465,4.00,0,0,0,0,1,0,0,0,0,0,1,0,0,0,0,0
NZDUSD,2009-10-28,LONG,2,loss,-1.00,0.72785,0.72495,0.73955,4.03,0,0,0,0,1,0,0,0,0,0,1,0,0,0,0,0
EURUSD,2009-10-28,LONG,5,win,2.71,1.47134,1.46721,1.48255,2.71,1,0,0,0,1,1,1,0,0,0,1,0,0,0,0,0
EURUSD,2009-10-30,LONG,5,loss,-1.00,1.47154,1.46836,1.48536,4.35,1,0,0,0,1,1,1,0,0,0,1,0,0,0,0,0
USDCHF,2009-11-03,SHORT,6,win,5.46,1.03320,1.03590,1.01845,5.46,1,0,0,0,1,1,1,0,0,0,1,0,0,1,0,0
GBPUSD,2009-11-11,LONG,4,loss,-1.00,1.65780,1.65175,1.67770,3.29,0,0,0,0,1,0,0,0,1,0,1,1,0,0,0,0
USDJPY,2009-11-12,SHORT,6,win,2.62,90.49000,90.85000,89.54500,2.62,1,0,0,0,1,0,1,0,0,0,1,1,0,0,1,0
EURUSD,2009-11-17,LONG,7,win,3.31,1.48534,1.48201,1.49635,3.31,1,0,0,0,1,1,1,0,0,0,1,1,1,0,0,0
USDCHF,2009-11-17,SHORT,6,win,3.49,1.01745,1.02010,1.00820,3.49,1,0,0,0,1,1,0,0,0,0,1,1,1,0,0,0
USDCHF,2009-11-19,SHORT,6,loss,-1.00,1.01810,1.02085,1.01025,2.85,1,0,0,0,1,1,1,0,0,0,1,1,0,0,0,0
USDCHF,2009-11-20,SHORT,7,loss,-1.00,1.01770,1.01955,1.01300,2.54,1,0,0,0,1,1,1,0,0,0,1,1,0,1,0,0
AUDUSD,2009-11-26,LONG,5,loss,-1.00,0.91674,0.91306,0.93171,4.07,1,0,0,0,1,1,0,0,0,0,1,1,0,0,0,0
GBPUSD,2009-11-26,LONG,6,loss,-1.00,1.65480,1.64970,1.67060,3.10,0,0,1,0,1,0,1,0,0,0,1,1,0,1,0,0
AUDUSD,2009-11-26,LONG,5,loss,-1.00,0.91104,0.90599,0.92446,2.66,1,0,0,0,1,1,1,0,0,0,1,0,0,0,0,0
GBPUSD,2009-11-26,LONG,6,loss,-1.00,1.64965,1.64600,1.67060,5.74,0,0,1,0,1,0,1,0,0,0,1,1,0,0,1,0
USDCAD,2009-11-27,SHORT,9,loss,-1.00,1.06090,1.06430,1.05010,3.18,1,0,0,0,1,1,1,1,1,0,1,1,0,0,0,1
USDJPY,2009-12-04,SHORT,5,loss,-1.00,89.94000,90.61000,88.08500,2.77,1,0,0,0,1,1,0,0,0,0,1,0,0,0,1,0
USDCHF,2009-12-04,SHORT,5,loss,-1.00,1.01870,1.02235,0.99905,5.38,1,0,0,0,1,1,1,0,0,0,1,0,0,0,0,0
GBPUSD,2009-12-04,LONG,5,loss,-1.00,1.64285,1.63800,1.66460,4.48,0,0,0,0,1,1,1,0,1,0,1,0,0,0,0,0
USDJPY,2009-12-04,SHORT,4,win,4.29,90.70000,91.31000,88.08500,4.29,1,0,0,0,1,1,0,0,0,0,1,0,0,0,0,0
GBPUSD,2009-12-07,LONG,5,loss,-1.00,1.63405,1.62705,1.66460,4.36,0,1,0,0,1,1,0,0,1,0,1,0,0,0,0,0
GBPUSD,2009-12-08,LONG,4,loss,-1.00,1.62870,1.62405,1.64615,3.75,0,1,0,0,1,0,0,0,1,0,1,0,0,0,0,0
NZDUSD,2009-12-10,SHORT,4,win,3.57,0.72815,0.73310,0.71048,3.57,1,0,0,0,0,1,0,0,1,0,1,0,0,0,0,0
USDCHF,2009-12-14,SHORT,2,loss,-1.00,1.03335,1.03675,1.02445,2.62,1,0,0,0,1,0,0,0,0,0,0,0,0,0,0,0
EURUSD,2009-12-14,LONG,2,loss,-1.00,1.46316,1.45845,1.47640,2.81,1,0,0,0,1,0,0,0,0,0,0,0,0,0,0,0
USDCHF,2009-12-15,SHORT,2,loss,-1.00,1.04080,1.04370,1.03245,2.88,1,0,0,0,1,0,0,0,0,0,0,0,0,0,0,0
EURUSD,2009-12-15,LONG,2,loss,-1.00,1.45251,1.44792,1.46484,2.69,1,0,0,0,1,0,0,0,0,0,0,0,0,0,0,0
USDJPY,2009-12-16,SHORT,7,loss,-1.00,89.62000,89.80500,89.10500,2.78,1,0,0,0,1,1,1,0,0,0,1,0,1,0,1,0
EURUSD,2009-12-16,LONG,3,loss,-1.00,1.45153,1.44792,1.46484,3.69,1,0,0,0,1,0,0,0,0,0,0,0,0,0,1,0
USDCAD,2009-12-17,SHORT,4,win,2.65,1.07135,1.07490,1.06195,2.65,1,0,0,0,1,0,0,1,1,0,0,0,0,0,0,0
EURUSD,2009-12-18,LONG,3,timeout,0.12,1.42731,1.41894,1.45219,2.97,1,1,0,0,1,0,0,0,0,0,0,0,0,0,0,0
USDJPY,2009-12-21,SHORT,3,loss,-1.00,90.92000,91.31000,89.78000,2.92,1,0,0,0,1,0,0,0,0,0,0,0,0,0,1,0
USDCHF,2009-12-22,SHORT,4,win,2.60,1.04840,1.05075,1.04230,2.60,1,0,0,0,1,0,0,0,0,0,0,0,0,1,1,0
EURUSD,2009-12-22,LONG,4,win,2.74,1.42300,1.41894,1.43413,2.74,1,1,1,0,1,0,0,0,0,0,0,0,0,0,0,0
USDCHF,2009-12-29,SHORT,3,loss,-1.00,1.03675,1.03880,1.02910,3.73,1,0,0,0,1,0,0,0,0,0,0,1,0,0,0,0
USDJPY,2009-12-30,SHORT,3,loss,-1.00,92.46000,92.59000,92.12500,2.58,1,0,0,0,1,0,0,0,0,0,0,0,0,0,1,0
USDCHF,2009-12-30,SHORT,4,loss,-1.00,1.03690,1.03880,1.02910,4.11,1,0,0,0,1,0,0,0,0,0,0,1,0,0,0,1
USDJPY,2010-01-01,SHORT,3,win,2.85,92.99500,93.30000,92.12500,2.85,1,0,0,0,1,0,0,0,0,0,0,0,0,0,1,0
GBPUSD,2010-01-01,SHORT,4,loss,-1.00,1.61670,1.62500,1.58510,3.81,1,0,0,0,0,1,0,0,0,0,1,0,1,0,0,0
USDJPY,2010-01-01,SHORT,3,win,2.85,92.99500,93.30000,92.12500,2.85,1,0,0,0,1,0,0,0,0,0,0,0,0,0,1,0
GBPUSD,2010-01-01,SHORT,3,loss,-1.00,1.61672,1.62500,1.58510,3.82,1,0,0,0,0,1,0,0,0,0,1,0,0,0,0,0
USDJPY,2010-01-01,SHORT,3,win,2.85,92.99500,93.30000,92.12500,2.85,1,0,0,0,1,0,0,0,0,0,0,0,0,0,1,0
GBPUSD,2010-01-01,SHORT,6,loss,-1.00,1.61670,1.62500,1.58510,3.81,1,0,0,0,0,1,0,0,0,0,1,1,1,0,0,1
USDJPY,2010-01-07,SHORT,3,loss,-1.00,92.99500,93.30000,92.16500,2.72,1,0,0,0,1,0,0,0,0,0,0,0,0,0,1,0
USDJPY,2010-01-07,SHORT,4,loss,-1.00,93.19500,93.44000,92.16500,4.20,1,1,0,0,1,0,0,0,0,0,0,0,0,0,1,0
USDJPY,2010-01-07,SHORT,3,loss,-1.00,93.12500,93.44000,92.16500,3.05,1,0,0,0,1,0,0,0,0,0,0,0,0,0,1,0
USDCHF,2010-01-08,SHORT,4,loss,-1.00,1.03570,1.03795,1.02780,3.51,1,0,0,0,1,0,0,0,1,0,0,1,0,0,0,0
USDJPY,2010-01-08,SHORT,3,loss,-1.00,93.20000,93.44000,92.16500,4.31,1,1,0,0,1,0,0,0,0,0,0,0,0,0,0,0
USDJPY,2010-01-08,SHORT,4,win,2.87,92.94000,93.21000,92.16500,2.87,1,0,0,0,1,0,0,0,0,0,0,1,0,0,1,0
GBPUSD,2010-01-11,SHORT,7,loss,-1.00,1.61750,1.62415,1.59595,3.24,1,1,0,0,0,1,1,1,1,0,1,0,0,0,0,0
USDCAD,2010-01-12,SHORT,4,loss,-1.00,1.03535,1.03835,1.02675,2.87,1,0,0,0,1,0,0,0,0,0,1,1,0,0,0,0
NZDUSD,2010-01-18,LONG,4,loss,-1.00,0.73795,0.73635,0.74255,2.87,1,0,0,0,1,0,0,0,0,0,1,1,0,0,0,0
AUDUSD,2010-01-19,LONG,5,loss,-1.00,0.92001,0.91741,0.92716,2.75,1,0,0,0,1,1,0,0,0,0,1,1,0,0,0,0
USDCHF,2010-01-19,SHORT,4,loss,-1.00,1.03325,1.03845,1.01795,2.94,1,0,0,0,1,1,0,0,0,0,1,0,0,0,0,0
EURUSD,2010-01-19,LONG,4,loss,-1.00,1.42967,1.42616,1.45019,5.85,1,1,0,0,1,0,0,0,0,1,0,0,0,0,0,0
USDCAD,2010-01-19,SHORT,5,loss,-1.00,1.02955,1.03140,1.02365,3.19,1,0,0,0,1,0,0,0,1,0,1,1,0,0,0,0
EURUSD,2010-01-19,LONG,4,loss,-1.00,1.42814,1.42559,1.44037,4.80,1,1,0,0,1,0,0,0,0,1,0,0,0,0,0,0
EURUSD,2010-01-19,LONG,5,loss,-1.00,1.42921,1.42616,1.44037,3.66,1,1,0,0,1,0,0,0,0,1,0,0,1,0,0,0
EURUSD,2010-01-20,LONG,3,loss,-1.00,1.41145,1.40440,1.42909,2.50,1,0,0,0,1,0,0,0,0,1,0,0,0,0,0,0
USDCAD,2010-01-20,SHORT,5,loss,-1.00,1.04725,1.05178,1.03165,3.44,1,0,0,0,1,0,1,0,1,0,1,0,0,0,0,0
USDCAD,2010-01-20,SHORT,5,loss,-1.00,1.04730,1.05178,1.03570,2.59,1,0,0,0,1,0,1,0,1,0,1,0,0,0,0,0
USDCAD,2010-01-21,SHORT,7,loss,-1.00,1.04940,1.05178,1.03570,5.76,1,0,0,0,1,1,1,0,1,0,1,0,0,0,1,0
USDCHF,2010-01-21,SHORT,2,win,2.50,1.04705,1.05035,1.03880,2.50,1,0,0,0,1,0,0,0,0,0,0,0,0,0,0,0
USDCAD,2010-01-21,SHORT,8,loss,-1.00,1.04820,1.05178,1.03570,3.49,1,0,0,0,1,1,1,0,1,0,1,0,1,0,1,0
EURUSD,2010-01-21,LONG,4,win,2.80,1.40534,1.40043,1.41909,2.80,1,0,0,0,1,0,0,1,0,1,0,0,0,0,0,0
NZDUSD,2010-01-21,LONG,3,loss,-1.00,0.71250,0.70659,0.72975,2.92,1,0,0,0,1,0,0,0,0,0,1,0,0,0,0,0
USDCAD,2010-01-22,SHORT,6,loss,-1.00,1.05160,1.05775,1.03570,2.59,1,0,0,0,1,0,1,0,1,0,1,0,0,0,1,0
NZDUSD,2010-01-22,LONG,3,loss,-1.00,0.71190,0.70659,0.72975,3.36,1,0,0,0,1,0,0,0,0,0,1,0,0,0,0,0
GBPUSD,2010-01-22,LONG,3,win,2.50,1.61150,1.60615,1.62490,2.50,0,0,0,0,1,0,0,0,0,0,1,1,0,0,0,0
GBPUSD,2010-01-26,LONG,4,win,3.41,1.61160,1.60770,1.62490,3.41,0,0,0,0,1,1,0,0,0,0,1,1,0,0,0,0
USDCHF,2010-01-26,SHORT,2,loss,-1.00,1.04755,1.04950,1.04010,3.82,1,0,0,0,1,0,0,0,0,0,0,0,0,0,0,0
AUDUSD,2010-01-27,LONG,3,loss,-1.00,0.89676,0.89372,0.90473,2.62,1,0,0,0,1,0,0,1,0,0,0,0,0,0,0,0
GBPUSD,2010-01-28,SHORT,8,win,2.83,1.62425,1.62835,1.61265,2.83,1,1,0,0,0,1,1,0,1,0,1,1,1,0,0,0
NZDUSD,2010-01-28,LONG,2,loss,-1.00,0.70480,0.70215,0.71210,2.75,1,0,0,0,1,0,0,0,0,0,0,0,0,0,0,0
USDJPY,2010-01-29,SHORT,9,loss,-1.00,90.30000,90.55000,89.43000,3.48,1,0,1,0,1,1,1,0,1,0,1,1,0,1,0,0
USDJPY,2010-01-29,SHORT,10,loss,-1.00,90.29000,90.55000,89.43000,3.31,1,0,1,0,1,1,1,0,1,0,1,1,0,1,0,1
NZDUSD,2010-02-01,LONG,3,win,3.10,0.70505,0.70295,0.71155,3.10,1,0,0,0,1,0,0,0,0,0,0,0,0,0,0,1
USDCAD,2010-02-04,SHORT,2,loss,-1.00,1.06995,1.07210,1.05585,6.56,1,0,0,0,1,0,0,0,0,0,0,0,0,0,0,0
USDCAD,2010-02-04,SHORT,2,loss,-1.00,1.07170,1.07460,1.06185,3.40,1,0,0,0,1,0,0,0,0,0,0,0,0,0,0,0
USDCAD,2010-02-05,SHORT,3,win,6.88,1.07595,1.07800,1.06185,6.88,1,0,0,0,1,0,0,1,0,0,0,0,0,0,0,0
USDCHF,2010-02-05,SHORT,3,loss,-1.00,1.07450,1.08015,1.05835,2.86,1,0,0,0,1,0,0,1,0,0,0,0,0,0,0,0
USDCHF,2010-02-11,SHORT,3,loss,-1.00,1.07760,1.08015,1.06345,5.55,1,0,0,0,1,0,0,0,1,0,0,0,0,0,0,0
USDCHF,2010-02-12,SHORT,3,win,3.21,1.08125,1.08460,1.07050,3.21,1,0,0,0,1,0,0,0,1,0,0,0,0,0,0,0
USDJPY,2010-02-16,SHORT,5,loss,-1.00,90.25500,90.42000,89.82500,2.61,1,0,0,0,1,0,1,0,0,0,1,1,0,0,0,0
USDJPY,2010-02-17,SHORT,4,loss,-1.00,91.12500,91.27500,90.24000,5.90,1,0,0,0,1,0,0,0,0,0,1,0,0,0,1,0
USDJPY,2010-02-19,SHORT,2,win,2.60,91.74000,92.04000,90.96000,2.60,1,0,0,0,1,0,0,0,0,0,0,0,0,0,0,0
USDCAD,2010-02-23,SHORT,6,loss,-1.00,1.04950,1.05295,1.03820,3.28,1,0,0,0,1,0,1,0,0,0,1,1,0,0,1,0
AUDUSD,2010-02-23,LONG,4,loss,-1.00,0.89061,0.88776,0.90631,5.51,1,0,0,0,1,1,0,0,0,0,0,1,0,0,0,0
NZDUSD,2010-02-23,LONG,3,loss,-1.00,0.69235,0.68985,0.70455,4.88,1,0,0,0,1,1,0,0,0,0,0,0,0,0,0,0
USDCHF,2010-03-03,LONG,5,win,2.86,1.06850,1.06465,1.07950,2.86,0,1,0,0,1,1,0,0,0,0,1,1,0,0,0,0
USDCHF,2010-03-03,LONG,4,win,3.71,1.06780,1.06465,1.07950,3.71,0,1,0,0,1,1,0,0,0,0,1,0,0,0,0,0
NZDUSD,2010-03-04,LONG,6,loss,-1.00,0.68690,0.68465,0.69360,2.98,1,1,1,0,1,0,0,0,1,1,0,0,0,0,0,0
GBPUSD,2010-03-05,SHORT,5,loss,-1.00,1.51005,1.51355,1.49255,5.00,1,0,1,0,1,0,0,0,0,0,1,1,0,0,0,0
USDJPY,2010-03-08,SHORT,6,loss,-1.00,90.31000,90.67500,89.33000,2.68,1,0,0,0,1,0,1,0,0,0,1,1,0,0,1,0
EURUSD,2010-03-10,SHORT,4,loss,-1.00,1.36633,1.37038,1.35565,2.64,0,0,0,0,1,0,0,0,1,0,1,1,0,0,0,0
USDCHF,2010-03-10,LONG,5,loss,-1.00,1.06975,1.06755,1.07875,4.09,0,0,0,0,1,1,0,0,1,0,1,1,0,0,0,0
USDCHF,2010-03-10,LONG,5,loss,-1.00,1.07050,1.06755,1.07875,2.80,0,0,0,0,1,1,0,0,1,0,1,1,0,0,0,0
USDJPY,2010-03-10,SHORT,7,loss,-1.00,90.51500,90.67500,89.99000,3.28,1,0,0,0,1,1,1,0,0,0,1,1,0,0,1,0
USDCHF,2010-03-11,LONG,5,loss,-1.00,1.06985,1.06755,1.07875,3.87,0,0,0,0,1,1,0,0,1,0,1,1,0,0,0,0
USDJPY,2010-03-11,SHORT,6,loss,-1.00,90.67000,90.82000,89.99000,4.53,1,0,0,0,1,1,0,0,0,0,1,0,0,1,1,0
EURUSD,2010-03-11,SHORT,5,loss,-1.00,1.36730,1.37038,1.35566,3.78,0,0,0,0,1,1,0,0,1,0,1,1,0,0,0,0
EURUSD,2010-03-11,SHORT,6,loss,-1.00,1.36705,1.37038,1.35566,3.42,0,0,0,0,1,1,0,0,1,0,1,1,1,0,0,0
GBPUSD,2010-03-12,SHORT,6,loss,-1.00,1.51605,1.51960,1.49835,4.99,1,0,1,0,1,1,0,0,0,0,1,1,0,0,0,0
EURUSD,2010-03-12,SHORT,4,win,3.42,1.37747,1.38385,1.35566,3.42,0,0,0,0,1,0,1,0,1,0,1,0,0,0,0,0
USDCHF,2010-03-16,LONG,5,loss,-1.00,1.05865,1.05685,1.06790,5.14,0,1,1,0,1,0,1,0,0,0,1,0,0,0,0,0
EURUSD,2010-03-16,SHORT,5,loss,-1.00,1.37756,1.37981,1.36616,5.07,0,0,0,0,1,1,1,0,0,0,1,1,0,0,0,0
GBPUSD,2010-03-16,SHORT,3,loss,-1.00,1.52545,1.53165,1.50040,4.04,1,0,0,0,1,0,0,0,0,0,1,0,0,0,0,0
EURUSD,2010-03-17,SHORT,6,win,4.37,1.37727,1.37981,1.36616,4.37,0,0,0,0,1,1,1,0,0,0,1,1,0,0,0,1
NZDUSD,2010-03-22,LONG,7,timeout,1.37,0.70020,0.69630,0.71525,3.86,1,0,1,0,1,1,0,1,0,0,1,0,0,0,1,0
USDCHF,2010-03-24,SHORT,4,loss,-1.00,1.06975,1.07305,1.05705,3.85,1,0,0,0,0,1,0,0,0,0,1,0,0,1,0,0
NZDUSD,2010-03-24,LONG,7,win,2.54,0.70210,0.70005,0.70730,2.54,1,0,1,0,1,1,1,0,0,0,1,1,0,0,0,0
USDCHF,2010-03-24,SHORT,5,loss,-1.00,1.06920,1.07305,1.05915,2.61,1,0,0,0,0,1,0,0,0,0,1,1,1,0,0,0
USDJPY,2010-03-24,SHORT,3,loss,-1.00,91.89500,92.14500,90.47000,5.70,1,0,0,0,1,0,0,0,0,0,0,0,0,0,1,0
NZDUSD,2010-03-24,LONG,8,win,3.26,0.70175,0.70005,0.70730,3.26,1,0,1,0,1,1,1,0,0,0,1,1,0,0,1,0
AUDUSD,2010-03-24,LONG,6,loss,-1.00,0.90806,0.90548,0.91665,3.33,1,0,0,0,1,1,1,0,0,0,1,1,0,0,0,0
EURUSD,2010-03-31,SHORT,4,loss,-1.00,1.35242,1.35679,1.33958,2.94,0,0,0,0,1,1,0,0,0,0,1,1,0,0,0,0
USDJPY,2010-04-01,SHORT,2,loss,-1.00,93.71000,94.07500,92.79000,2.52,1,0,0,0,1,0,0,0,0,0,0,0,0,0,0,0
NZDUSD,2010-04-01,LONG,7,loss,-1.00,0.70425,0.70150,0.71215,2.87,1,0,0,0,1,1,1,0,1,0,1,1,0,0,0,0
USDJPY,2010-04-01,SHORT,3,loss,-1.00,93.83000,94.07500,92.79000,4.24,1,0,0,0,1,0,0,0,0,0,0,0,0,0,1,0
USDJPY,2010-04-01,SHORT,3,loss,-1.00,93.88000,94.07500,92.79000,5.59,1,0,0,0,1,0,0,0,0,0,0,0,0,0,1,0
USDJPY,2010-04-02,SHORT,3,win,3.06,94.50500,95.06500,92.79000,3.06,1,0,0,0,1,0,0,0,0,0,0,0,0,0,1,0
USDJPY,2010-04-02,SHORT,3,win,3.38,94.54500,95.06500,92.79000,3.38,1,0,0,0,1,0,0,0,0,0,0,0,0,0,1,0
GBPUSD,2010-04-05,SHORT,6,loss,-1.00,1.52515,1.52980,1.50685,3.94,1,0,0,0,1,1,1,0,0,0,1,1,0,0,0,0
NZDUSD,2010-04-05,LONG,5,loss,-1.00,0.70263,0.70150,0.70555,2.58,1,0,0,0,1,0,1,0,0,0,1,1,0,0,0,0
GBPUSD,2010-04-06,SHORT,6,win,2.55,1.52775,1.53190,1.51715,2.55,1,0,0,0,1,0,1,0,0,0,1,1,0,1,0,0
USDCHF,2010-04-07,SHORT,4,loss,-1.00,1.07280,1.07505,1.06255,4.56,1,0,1,0,0,1,0,0,0,0,1,0,0,0,0,0
USDCHF,2010-04-07,SHORT,5,loss,-1.00,1.07165,1.07505,1.06255,2.68,1,0,1,0,0,1,0,0,0,0,1,1,0,0,0,0
USDCHF,2010-04-13,LONG,5,loss,-1.00,1.05760,1.05220,1.07200,2.67,0,1,0,0,1,0,1,0,0,0,1,1,0,0,0,0
EURUSD,2010-04-14,SHORT,4,win,3.06,1.36647,1.36905,1.35857,3.06,0,0,0,0,1,1,1,0,0,0,1,0,0,0,0,0
USDCHF,2010-04-15,SHORT,8,loss,-1.00,1.05945,1.06165,1.05120,3.75,1,1,0,0,0,1,1,0,1,1,1,1,0,0,0,0
USDCHF,2010-04-15,SHORT,8,loss,-1.00,1.05950,1.06165,1.05120,3.86,1,1,0,0,0,1,1,0,1,1,1,1,0,0,0,0
AUDUSD,2010-04-16,LONG,5,loss,-1.00,0.92496,0.92229,0.93356,3.22,1,0,0,0,1,1,0,0,0,0,1,1,0,0,0,0
AUDUSD,2010-04-19,LONG,6,win,7.12,0.91836,0.91647,0.93181,7.12,1,0,0,0,1,1,1,0,0,0,1,0,1,0,0,0
AUDUSD,2010-04-19,LONG,5,win,2.54,0.91834,0.91303,0.93181,2.54,1,0,0,0,1,1,1,0,0,0,1,0,0,0,0,0
GBPUSD,2010-04-21,SHORT,5,loss,-1.00,1.53835,1.54320,1.52360,3.04,1,0,0,0,1,0,1,0,1,0,0,1,0,0,0,0
GBPUSD,2010-04-21,SHORT,5,loss,-1.00,1.53955,1.54320,1.52360,4.37,1,0,0,0,1,0,1,0,1,0,0,1,0,0,0,0
GBPUSD,2010-04-22,SHORT,6,loss,-1.00,1.53915,1.54320,1.52360,3.84,1,0,0,0,1,0,1,0,1,0,0,1,0,0,0,1
NZDUSD,2010-04-22,LONG,7,win,2.97,0.70905,0.70750,0.71365,2.97,1,0,0,0,1,0,1,1,0,1,1,1,0,0,0,0
GBPUSD,2010-04-22,SHORT,5,loss,-1.00,1.53850,1.54320,1.52360,3.17,1,0,0,0,1,0,1,0,1,0,0,1,0,0,0,0
EURUSD,2010-04-26,SHORT,3,loss,-1.00,1.33675,1.33995,1.32242,4.48,0,0,0,0,1,0,0,0,0,0,1,1,0,0,0,0
AUDUSD,2010-04-27,LONG,6,win,3.07,0.91676,0.91303,0.92822,3.07,1,0,0,0,1,1,1,0,1,0,1,0,0,0,0,0
USDJPY,2010-04-27,LONG,7,win,3.91,93.01000,92.74000,94.06500,3.91,0,1,0,0,1,1,0,0,1,0,1,1,0,0,1,0
USDCAD,2010-04-27,SHORT,6,loss,-1.00,1.01685,1.02150,0.99740,4.18,1,0,0,0,1,1,1,0,1,0,1,0,0,0,0,0
USDCAD,2010-04-27,SHORT,6,win,3.80,1.01755,1.02150,1.00255,3.80,1,0,0,0,1,1,1,0,1,0,1,0,0,0,0,0
AUDUSD,2010-05-04,LONG,5,loss,-1.00,0.91665,0.91351,0.93154,4.74,1,0,0,0,1,0,1,0,1,0,1,0,0,0,0,0
USDCAD,2010-05-04,SHORT,4,loss,-1.00,1.01815,1.02150,1.00385,4.27,1,0,0,0,1,0,1,0,0,0,1,0,0,0,0,0
USDJPY,2010-05-06,LONG,3,loss,-1.00,92.22000,91.59500,94.80000,4.13,0,0,0,0,1,1,0,0,0,0,1,0,0,0,0,0
NZDUSD,2010-05-06,LONG,5,loss,-1.00,0.71410,0.70980,0.72915,3.50,1,0,0,0,1,1,1,0,0,0,1,0,0,0,0,0
USDJPY,2010-05-06,LONG,3,loss,-1.00,90.24000,89.75000,93.89500,7.46,0,0,0,0,1,1,0,0,0,0,1,0,0,0,0,0
AUDUSD,2010-05-06,LONG,3,win,3.45,0.88542,0.88003,0.90404,3.45,1,0,0,0,1,0,0,0,1,0,0,0,0,0,0,0
USDCAD,2010-05-06,SHORT,3,win,3.61,1.05195,1.05725,1.03280,3.61,1,0,0,0,1,0,0,0,0,0,0,0,0,0,1,0
NZDUSD,2010-05-06,LONG,5,loss,-1.00,0.71045,0.70690,0.72545,4.23,1,0,0,0,1,1,1,0,0,0,1,0,0,0,0,0
AUDUSD,2010-05-18,LONG,2,loss,-1.00,0.86521,0.86121,0.87666,2.86,1,0,0,0,1,0,0,0,0,0,0,0,0,0,0,0
NZDUSD,2010-05-19,LONG,3,loss,-1.00,0.67585,0.66850,0.69760,2.96,1,0,0,0,1,0,0,0,0,1,0,0,0,0,0,0
NZDUSD,2010-05-19,LONG,3,win,4.45,0.67030,0.66650,0.68720,4.45,1,0,0,0,1,0,0,0,0,1,0,0,0,0,0,0
EURUSD,2010-05-19,SHORT,2,loss,-1.00,1.23836,1.24436,1.21945,3.15,0,0,0,0,1,0,0,0,0,0,1,0,0,0,0,0
NZDUSD,2010-05-20,LONG,3,loss,-1.00,0.67030,0.66430,0.68720,2.82,1,0,0,0,1,0,0,0,0,1,0,0,0,0,0,0
AUDUSD,2010-05-20,LONG,2,loss,-1.00,0.82636,0.81747,0.85612,3.35,1,0,0,0,1,0,0,0,0,0,0,0,0,0,0,0
NZDUSD,2010-05-20,LONG,3,loss,-1.00,0.66965,0.66430,0.68395,2.67,1,0,0,0,1,0,0,0,0,1,0,0,0,0,0,0
AUDUSD,2010-05-20,LONG,2,loss,-1.00,0.82102,0.81251,0.84281,2.56,1,0,0,0,1,0,0,0,0,0,0,0,0,0,0,0
USDCAD,2010-05-20,SHORT,3,loss,-1.00,1.06760,1.07400,1.04515,3.51,1,1,0,0,1,0,0,0,0,0,0,0,0,0,0,0
USDCAD,2010-05-21,SHORT,3,loss,-1.00,1.07120,1.07730,1.04515,4.27,1,0,0,0,1,0,0,1,0,0,0,0,0,0,0,0
GBPUSD,2010-05-21,SHORT,4,loss,-1.00,1.44630,1.45185,1.42640,3.59,1,0,0,0,1,0,0,0,0,0,1,1,0,0,0,0
AUDUSD,2010-05-26,SHORT,2,loss,-1.00,0.83078,0.83577,0.81212,3.74,0,0,0,0,1,0,0,0,0,0,1,0,0,0,0,0
NZDUSD,2010-06-01,SHORT,4,loss,-1.00,0.68100,0.68460,0.67060,2.89,0,0,0,0,1,0,0,1,0,0,1,1,0,0,0,0
USDCHF,2010-06-09,LONG,2,loss,-1.00,1.14615,1.14230,1.16215,4.16,0,0,0,0,1,0,0,0,0,0,1,0,0,0,0,0
AUDUSD,2010-06-10,SHORT,3,loss,-1.00,0.84676,0.85226,0.82773,3.46,0,0,0,0,1,1,0,0,0,0,1,0,0,0,0,0
GBPUSD,2010-06-10,SHORT,5,loss,-1.00,1.46720,1.47425,1.44605,3.00,1,0,0,0,1,1,0,0,1,0,1,0,0,0,0,0
AUDUSD,2010-06-10,SHORT,4,loss,-1.00,0.85051,0.85511,0.83631,3.09,0,0,0,0,1,1,0,0,0,0,1,0,0,0,1,0
USDCHF,2010-06-11,LONG,4,win,2.90,1.14325,1.13975,1.15340,2.90,0,0,0,0,1,0,0,0,0,0,1,1,0,0,0,1
GBPUSD,2010-06-14,SHORT,4,loss,-1.00,1.47335,1.47700,1.46025,3.59,1,0,0,0,1,0,1,0,0,0,1,0,0,0,0,0
USDCHF,2010-06-15,LONG,4,loss,-1.00,1.13105,1.12670,1.14465,3.13,0,0,0,0,1,0,1,0,0,0,1,0,0,1,0,0
NZDUSD,2010-06-15,SHORT,3,loss,-1.00,0.69900,0.70190,0.69140,2.62,0,0,0,0,1,0,0,0,0,0,1,0,0,0,1,0
NZDUSD,2010-06-17,SHORT,3,loss,-1.00,0.70180,0.70390,0.69455,3.45,0,0,0,0,1,0,0,0,0,0,1,0,0,0,1,0
GBPUSD,2010-06-18,SHORT,6,loss,-1.00,1.48215,1.48550,1.47310,2.70,1,0,0,0,1,1,1,1,0,0,0,1,0,0,0,0
USDCAD,2010-06-22,SHORT,4,loss,-1.00,1.02900,1.03375,1.01710,2.51,1,0,0,0,1,0,0,0,0,0,1,1,0,0,0,0
USDCAD,2010-06-23,SHORT,5,loss,-1.00,1.03275,1.03610,1.02010,3.78,1,0,0,0,1,0,1,0,0,0,1,1,0,0,0,0
GBPUSD,2010-06-23,SHORT,2,loss,-1.00,1.49020,1.49360,1.48085,2.75,1,0,0,0,1,0,0,0,0,0,0,0,0,0,0,0
AUDUSD,2010-06-29,LONG,3,loss,-1.00,0.85607,0.85052,0.87094,2.68,1,0,0,0,0,0,0,0,0,1,1,0,0,0,0,0
AUDUSD,2010-06-30,LONG,3,loss,-1.00,0.84783,0.84252,0.86693,3.60,1,0,0,0,0,0,0,0,0,1,1,0,0,0,0,0
USDCAD,2010-06-30,SHORT,2,win,4.44,1.06450,1.06790,1.04940,4.44,1,0,0,0,1,0,0,0,0,0,0,0,0,0,0,0
USDCAD,2010-07-02,SHORT,2,win,4.31,1.06470,1.06790,1.05090,4.31,1,0,0,0,1,0,0,0,0,0,0,0,0,0,0,0
USDCAD,2010-07-05,SHORT,3,win,5.18,1.06515,1.06790,1.05090,5.18,1,0,0,0,1,1,0,0,0,0,0,0,0,0,0,0
GBPUSD,2010-07-05,SHORT,4,loss,-1.00,1.51355,1.52290,1.48990,2.53,1,0,0,0,1,1,0,0,0,0,0,1,0,0,0,0
EURUSD,2010-07-06,SHORT,2,loss,-1.00,1.26444,1.26704,1.25061,5.32,1,0,0,0,1,0,0,0,0,0,0,0,0,0,0,0
GBPUSD,2010-07-13,SHORT,4,loss,-1.00,1.51720,1.52045,1.49945,5.46,1,0,0,0,1,1,0,0,0,0,0,1,0,0,0,0
GBPUSD,2010-07-13,SHORT,4,loss,-1.00,1.51625,1.52045,1.49945,4.00,1,0,0,0,1,1,0,0,0,0,0,1,0,0,0,0
EURUSD,2010-07-14,SHORT,2,loss,-1.00,1.27013,1.27373,1.25330,4.67,1,0,0,0,1,0,0,0,0,0,0,0,0,0,0,0
USDCAD,2010-07-14,SHORT,6,loss,-1.00,1.03575,1.03860,1.02825,2.63,1,0,0,0,1,0,1,0,0,1,1,1,0,0,0,0
GBPUSD,2010-07-15,SHORT,2,loss,-1.00,1.53440,1.53905,1.51625,3.90,1,0,0,0,1,0,0,0,0,0,0,0,0,0,0,0
GBPUSD,2010-07-15,SHORT,3,win,3.05,1.54445,1.54975,1.52830,3.05,1,1,0,0,1,0,0,0,0,0,0,0,0,0,0,0
EURUSD,2010-07-16,SHORT,3,win,2.59,1.29935,1.30918,1.27388,2.59,1,0,0,0,1,0,0,0,0,0,0,0,0,0,1,0
USDCHF,2010-07-19,SHORT,6,loss,-1.00,1.05125,1.05420,1.04080,3.54,1,0,0,0,0,1,0,0,1,0,1,1,0,0,1,0
GBPUSD,2010-07-23,SHORT,5,loss,-1.00,1.54110,1.54710,1.51690,4.03,1,1,0,0,1,1,0,0,1,0,0,0,0,0,0,0
USDCHF,2010-07-23,SHORT,4,loss,-1.00,1.05295,1.05605,1.04030,4.08,1,0,0,0,0,1,0,0,0,0,1,1,0,0,0,0
GBPUSD,2010-07-23,SHORT,5,loss,-1.00,1.54185,1.54710,1.52840,2.56,1,1,0,0,1,1,0,0,1,0,0,0,0,0,0,0
GBPUSD,2010-07-23,SHORT,5,loss,-1.00,1.54220,1.54710,1.52840,2.82,1,1,0,0,1,1,0,0,1,0,0,0,0,0,0,0
USDCHF,2010-07-23,SHORT,4,loss,-1.00,1.05350,1.05605,1.04360,3.88,1,0,0,0,0,1,0,0,0,0,1,1,0,0,0,0
USDJPY,2010-07-23,SHORT,6,loss,-1.00,87.36000,87.56500,86.83000,2.59,1,0,0,0,1,1,0,0,0,0,1,1,0,0,1,0
EURUSD,2010-07-26,SHORT,5,loss,-1.00,1.29332,1.29649,1.27687,5.19,1,0,0,0,1,1,0,0,1,0,0,1,0,0,0,0
GBPUSD,2010-07-26,SHORT,5,loss,-1.00,1.55090,1.55750,1.52840,3.41,1,1,0,0,1,0,0,0,1,0,0,0,0,0,1,0
EURUSD,2010-07-26,SHORT,5,loss,-1.00,1.29817,1.30272,1.27687,4.68,1,0,0,0,1,1,0,0,1,0,0,0,0,0,1,0
AUDUSD,2010-07-28,LONG,4,win,2.96,0.89272,0.88957,0.90204,2.96,1,0,0,0,0,1,0,0,0,0,1,1,0,0,0,0
AUDUSD,2010-07-28,LONG,4,win,3.76,0.89219,0.88957,0.90204,3.76,1,0,0,0,0,1,0,0,0,0,1,1,0,0,0,0
USDCAD,2010-08-09,SHORT,5,loss,-1.00,1.02845,1.03065,1.01550,5.89,1,0,0,0,1,0,0,0,0,0,1,1,0,1,0,0
USDCAD,2010-08-09,SHORT,5,loss,-1.00,1.02660,1.03065,1.01550,2.74,1,0,0,0,1,0,0,0,0,0,1,1,0,0,0,1
USDCHF,2010-08-09,SHORT,7,loss,-1.00,1.04865,1.05080,1.03990,4.07,1,0,0,0,1,0,0,0,0,1,1,1,0,1,1,0
USDCAD,2010-08-09,SHORT,4,loss,-1.00,1.02670,1.03065,1.01550,2.84,1,0,0,0,1,0,0,0,0,0,1,1,0,0,0,0
AUDUSD,2010-08-10,LONG,4,loss,-1.00,0.90893,0.90700,0.91658,3.96,1,0,0,0,1,0,0,0,0,0,1,1,0,0,0,0
USDCHF,2010-08-10,SHORT,9,loss,-1.00,1.04855,1.05080,1.03990,3.84,1,0,0,0,1,1,0,1,0,1,1,1,0,0,1,1
USDCAD,2010-08-11,SHORT,4,loss,-1.00,1.03760,1.03955,1.03075,3.51,1,0,0,0,1,0,1,0,0,0,1,0,0,0,0,0
USDCHF,2010-08-11,SHORT,5,loss,-1.00,1.05840,1.06175,1.04865,2.91,1,0,0,0,1,1,0,0,0,1,1,0,0,0,0,0
USDCAD,2010-08-11,SHORT,3,win,3.00,1.04545,1.05035,1.03075,3.00,1,0,0,0,1,0,0,0,0,0,1,0,0,0,0,0
AUDUSD,2010-08-11,LONG,5,loss,-1.00,0.90042,0.89651,0.91172,2.89,1,0,0,0,1,1,0,0,0,0,1,0,0,0,1,0
USDCHF,2010-08-11,SHORT,6,loss,-1.00,1.05835,1.06175,1.04865,2.85,1,0,0,0,1,1,0,0,0,1,1,0,1,0,0,0
AUDUSD,2010-08-12,LONG,4,loss,-1.00,0.89362,0.89047,0.91172,5.75,1,0,0,0,1,1,0,0,0,0,1,0,0,0,0,0
GBPUSD,2010-08-13,LONG,2,loss,-1.00,1.55905,1.55510,1.57030,2.85,0,0,0,0,1,0,0,0,0,0,1,0,0,0,0,0
AUDUSD,2010-08-13,LONG,4,loss,-1.00,0.89680,0.89138,0.91172,2.75,1,0,0,0,1,1,0,0,0,0,1,0,0,0,0,0
NZDUSD,2010-08-13,LONG,3,loss,-1.00,0.70520,0.70287,0.71495,4.18,1,0,0,0,1,0,0,0,0,0,1,0,0,0,0,0
AUDUSD,2010-08-13,LONG,4,loss,-1.00,0.89254,0.88957,0.90111,2.89,1,0,0,0,1,1,0,0,0,0,1,0,0,0,0,0
USDCAD,2010-08-20,SHORT,6,loss,-1.00,1.04975,1.05860,1.02610,2.67,1,1,0,0,1,1,0,0,1,0,0,0,0,0,1,0
USDCAD,2010-08-25,SHORT,3,win,3.36,1.06525,1.06790,1.05635,3.36,1,0,0,0,1,0,0,1,0,0,0,0,0,0,0,0
EURUSD,2010-08-27,SHORT,4,loss,-1.00,1.27314,1.27630,1.26462,2.70,1,0,0,0,1,0,0,0,0,0,1,1,0,0,0,0
GBPUSD,2010-08-30,LONG,6,loss,-1.00,1.54710,1.54415,1.55720,3.42,0,1,0,0,1,0,1,0,1,0,1,1,0,0,0,0
USDCAD,2010-08-30,SHORT,3,loss,-1.00,1.06035,1.06480,1.04850,2.66,1,0,0,0,1,0,0,0,0,0,0,0,0,1,0,0
USDCAD,2010-08-31,SHORT,3,loss,-1.00,1.06190,1.06480,1.04940,4.31,1,0,0,0,1,0,0,0,0,0,0,0,0,1,0,0
USDCAD,2010-08-31,SHORT,2,loss,-1.00,1.06395,1.06675,1.04940,5.20,1,0,0,0,1,0,0,0,0,0,0,0,0,0,0,0
NZDUSD,2010-08-31,LONG,4,win,2.62,0.69710,0.69485,0.70300,2.62,1,1,0,0,1,0,0,0,1,0,0,0,0,0,0,0
EURUSD,2010-09-02,SHORT,5,loss,-1.00,1.28254,1.28542,1.27008,4.33,1,0,0,0,1,0,1,0,0,0,1,1,0,0,0,0
EURUSD,2010-09-03,SHORT,4,win,2.57,1.28824,1.29203,1.27849,2.57,1,0,0,0,1,1,0,0,0,0,1,0,0,0,0,0
GBPUSD,2010-09-08,SHORT,6,loss,-1.00,1.54525,1.54885,1.53515,2.81,1,1,0,0,0,1,1,0,0,0,1,1,0,0,0,0
EURUSD,2010-09-13,SHORT,4,loss,-1.00,1.28881,1.29176,1.26801,7.05,1,0,0,0,1,0,0,0,1,0,1,0,0,0,0,0
GBPUSD,2010-09-14,SHORT,4,loss,-1.00,1.55565,1.55970,1.53560,4.95,1,1,0,0,0,1,0,0,0,0,1,0,0,0,0,0
GBPUSD,2010-09-14,SHORT,5,loss,-1.00,1.55555,1.55970,1.53955,3.86,1,1,0,0,0,1,0,0,0,0,1,0,1,0,0,0
GBPUSD,2010-09-15,SHORT,4,loss,-1.00,1.55585,1.55970,1.53955,4.23,1,1,0,0,0,0,0,0,0,0,1,1,0,0,0,0
USDJPY,2010-09-15,SHORT,7,loss,-1.00,85.30500,85.90000,83.08000,3.74,1,0,0,0,1,1,1,0,0,1,1,0,0,0,1,0
GBPUSD,2010-09-15,SHORT,2,loss,-1.00,1.56385,1.56870,1.53955,5.01,1,0,0,0,0,0,0,0,0,0,1,0,0,0,0,0
USDJPY,2010-09-15,SHORT,7,loss,-1.00,85.63000,85.90000,83.08000,9.44,1,0,0,0,1,1,1,0,0,1,1,0,0,0,1,0
USDCAD,2010-09-17,SHORT,4,win,2.63,1.03315,1.03735,1.02210,2.63,1,0,0,0,1,0,0,0,0,0,1,1,0,0,0,0
AUDUSD,2010-09-17,LONG,5,win,3.33,0.93610,0.93300,0.94642,3.33,1,0,0,0,1,0,0,0,0,0,1,1,0,1,0,0
USDCAD,2010-09-21,SHORT,4,win,3.30,1.03200,1.03500,1.02210,3.30,1,0,0,0,1,0,0,0,0,0,1,1,0,0,0,0
USDCAD,2010-09-21,SHORT,4,win,2.63,1.03145,1.03500,1.02210,2.63,1,0,0,0,1,0,0,0,0,0,1,1,0,0,0,0
EURUSD,2010-09-22,SHORT,2,loss,-1.00,1.33697,1.34131,1.31347,5.41,1,0,0,0,1,0,0,0,0,0,0,0,0,0,0,0
EURUSD,2010-09-24,SHORT,2,loss,-1.00,1.34745,1.35222,1.33107,3.43,1,0,0,0,1,0,0,0,0,0,0,0,0,0,0,0
EURUSD,2010-09-24,SHORT,3,loss,-1.00,1.34902,1.35222,1.33124,5.56,1,0,0,0,1,0,0,0,0,0,0,0,0,0,1,0
EURUSD,2010-09-27,SHORT,3,loss,-1.00,1.34712,1.35222,1.33124,3.11,1,0,0,0,1,0,0,1,0,0,0,0,0,0,0,0
EURUSD,2010-09-27,SHORT,3,loss,-1.00,1.34728,1.35222,1.33124,3.25,1,0,0,0,1,0,0,1,0,0,0,0,0,0,0,0
EURUSD,2010-09-27,SHORT,5,loss,-1.00,1.34696,1.35222,1.33124,2.99,1,0,0,0,1,0,0,1,0,0,0,0,1,0,0,1
EURUSD,2010-09-28,SHORT,2,loss,-1.00,1.34562,1.35061,1.33124,2.88,1,0,0,0,1,0,0,0,0,0,0,0,0,0,0,0
EURUSD,2010-09-28,SHORT,2,loss,-1.00,1.35804,1.36794,1.33124,2.71,1,0,0,0,1,0,0,0,0,0,0,0,0,0,0,0
EURUSD,2010-09-29,SHORT,2,loss,-1.00,1.36105,1.36794,1.34036,3.00,1,0,0,0,1,0,0,0,0,0,0,0,0,0,0,0
EURUSD,2010-09-29,SHORT,2,loss,-1.00,1.36352,1.36794,1.34036,5.24,1,0,0,0,1,0,0,0,0,0,0,0,0,0,0,0
EURUSD,2010-09-29,SHORT,2,loss,-1.00,1.36291,1.36794,1.34036,4.48,1,0,0,0,1,0,0,0,0,0,0,0,0,0,0,0
EURUSD,2010-09-30,SHORT,2,loss,-1.00,1.36247,1.36794,1.34036,4.04,1,0,0,0,1,0,0,0,0,0,0,0,0,0,0,0
EURUSD,2010-09-30,SHORT,2,loss,-1.00,1.36310,1.36794,1.34036,4.70,1,0,0,0,1,0,0,0,0,0,0,0,0,0,0,0
EURUSD,2010-10-01,SHORT,2,win,3.01,1.37774,1.38171,1.36580,3.01,1,0,0,0,1,0,0,0,0,0,0,0,0,0,0,0
USDCAD,2010-10-08,SHORT,4,win,2.81,1.02225,1.02725,1.00820,2.81,1,0,0,0,1,0,0,0,0,0,1,1,0,0,0,0
EURUSD,2010-10-11,LONG,3,loss,-1.00,1.38745,1.38332,1.39873,2.73,0,0,0,0,1,0,0,0,0,0,1,1,0,0,0,0
EURUSD,2010-10-19,LONG,4,loss,-1.00,1.38710,1.38278,1.40934,5.15,0,0,0,0,1,0,0,0,1,0,1,1,0,0,0,0
GBPUSD,2010-10-19,LONG,4,loss,-1.00,1.57525,1.56690,1.59925,2.87,0,0,0,0,1,0,1,0,1,0,1,0,0,0,0,0
USDCAD,2010-10-19,SHORT,5,loss,-1.00,1.02450,1.02725,1.01395,3.84,1,0,0,0,1,1,1,0,0,0,1,0,0,0,0,0
EURUSD,2010-10-19,LONG,4,loss,-1.00,1.38264,1.37727,1.40934,4.97,0,0,0,0,1,0,0,0,1,0,1,1,0,0,0,0
USDCAD,2010-10-19,SHORT,5,loss,-1.00,1.02980,1.03445,1.01395,3.41,1,0,0,0,1,1,1,0,0,0,1,0,0,0,0,0
AUDUSD,2010-10-19,LONG,4,loss,-1.00,0.97561,0.97085,0.98777,2.55,1,0,1,0,1,0,0,0,0,0,1,0,0,0,0,0
USDCAD,2010-10-19,SHORT,4,loss,-1.00,1.03175,1.03445,1.01395,6.59,1,0,0,0,1,1,0,0,0,0,1,0,0,0,0,0
EURUSD,2010-10-19,LONG,3,timeout,2.69,1.37285,1.36343,1.40934,3.87,0,0,0,0,1,0,0,0,1,0,1,0,0,0,0,0
GBPUSD,2010-10-21,LONG,4,win,3.17,1.56975,1.56500,1.58480,3.17,0,0,0,0,1,0,1,0,1,0,1,0,0,0,0,0
NZDUSD,2010-10-22,LONG,5,win,4.40,0.74475,0.74260,0.75420,4.40,1,0,1,0,1,0,0,0,0,0,1,0,0,1,0,0
AUDUSD,2010-10-27,LONG,6,loss,-1.00,0.97062,0.96615,0.98486,3.19,1,0,0,0,1,1,0,0,1,0,1,0,1,0,0,0
AUDUSD,2010-10-27,LONG,5,loss,-1.00,0.96975,0.96615,0.98486,4.20,1,0,0,0,1,1,0,0,1,0,1,0,0,0,0,0
EURUSD,2010-10-27,LONG,5,win,2.55,1.37668,1.36961,1.39471,2.55,0,0,0,0,1,1,0,1,1,0,1,0,0,0,0,0
AUDUSD,2010-10-27,LONG,7,win,2.70,0.97121,0.96615,0.98486,2.70,1,0,0,0,1,1,0,0,1,0,1,0,1,0,0,1
USDJPY,2010-11-05,SHORT,6,win,3.28,81.35500,81.57600,80.63100,3.28,1,0,0,0,1,0,0,0,1,0,1,1,0,0,1,0
EURUSD,2010-11-08,LONG,3,loss,-1.00,1.39004,1.38620,1.40734,4.51,0,0,0,0,1,1,0,0,0,0,1,0,0,0,0,0
USDJPY,2010-11-10,SHORT,4,loss,-1.00,82.21300,82.56000,80.79500,4.09,1,0,0,0,1,0,1,0,0,0,1,0,0,0,0,0
AUDUSD,2010-11-10,LONG,5,loss,-1.00,0.99935,0.99349,1.01632,2.90,1,0,0,0,1,0,0,0,0,0,1,1,0,0,1,0
EURUSD,2010-11-10,LONG,4,loss,-1.00,1.36986,1.36343,1.39101,3.29,0,0,0,0,1,1,1,0,0,0,1,0,0,0,0,0
EURUSD,2010-11-10,LONG,5,loss,-1.00,1.37760,1.37324,1.39101,3.08,0,0,0,0,1,1,1,0,0,0,1,0,0,0,0,1
EURUSD,2010-11-11,LONG,3,loss,-1.00,1.37097,1.36343,1.39101,2.66,0,0,0,0,1,0,1,0,0,0,1,0,0,0,0,0
EURUSD,2010-11-15,LONG,3,loss,-1.00,1.36191,1.35714,1.37756,3.28,0,0,1,0,1,0,0,0,0,0,1,0,0,0,0,0
GBPUSD,2010-11-16,LONG,5,loss,-1.00,1.59877,1.59515,1.61261,3.82,0,0,0,0,1,0,0,0,1,0,1,1,0,0,1,0
USDCAD,2010-11-23,SHORT,7,loss,-1.00,1.02094,1.02328,1.01432,2.83,1,0,0,0,1,1,1,1,0,0,1,1,0,0,0,0
GBPUSD,2010-11-23,LONG,5,loss,-1.00,1.58745,1.58384,1.60393,4.57,0,0,0,0,1,0,1,0,1,0,1,1,0,0,0,0
GBPUSD,2010-11-23,LONG,3,loss,-1.00,1.57797,1.57300,1.59366,3.16,0,0,0,0,1,0,0,0,1,0,1,0,0,0,0,0
AUDUSD,2010-11-23,LONG,5,win,2.83,0.97149,0.96781,0.98191,2.83,1,0,0,0,1,1,0,0,1,0,1,0,0,0,0,0
USDCAD,2010-11-23,SHORT,5,win,4.77,1.02395,1.02597,1.01432,4.77,1,0,0,0,1,1,0,1,0,0,0,1,0,0,0,0
USDCHF,2010-11-24,SHORT,5,loss,-1.00,0.99719,0.99966,0.98946,3.13,1,0,0,0,1,1,0,0,1,1,0,0,0,0,0,0
GBPUSD,2010-11-24,LONG,3,loss,-1.00,1.57652,1.57300,1.59323,4.75,0,0,0,0,1,0,0,0,1,0,1,0,0,0,0,0
USDCHF,2010-11-24,SHORT,5,loss,-1.00,0.99735,0.99966,0.98901,3.61,1,0,0,0,1,1,0,0,1,1,0,0,0,0,0,0
USDJPY,2010-11-24,SHORT,4,loss,-1.00,83.62500,83.84200,83.03700,2.71,1,0,0,0,1,0,0,0,0,0,0,1,0,0,1,0
USDCAD,2010-11-26,SHORT,5,loss,-1.00,1.02234,1.02631,1.00872,3.43,1,0,0,0,1,1,0,0,0,0,1,1,0,0,0,0
AUDUSD,2010-11-29,LONG,2,loss,-1.00,0.95766,0.95412,0.96957,3.36,1,0,0,0,1,0,0,0,0,0,0,0,0,0,0,0
NZDUSD,2010-11-29,LONG,2,loss,-1.00,0.74375,0.74045,0.75333,2.90,1,0,0,0,1,0,0,0,0,0,0,0,0,0,0,0
USDCAD,2010-11-29,SHORT,7,win,3.00,1.02403,1.02631,1.01718,3.00,1,0,0,0,1,1,0,1,1,0,0,1,0,1,0,0
USDJPY,2010-12-01,SHORT,4,win,2.53,84.23400,84.39800,83.81900,2.53,1,0,0,0,1,1,0,0,0,0,0,1,0,0,0,0
USDJPY,2010-12-01,SHORT,6,win,3.05,84.19200,84.39800,83.56400,3.05,1,0,0,0,1,1,0,0,0,0,0,1,1,0,1,0
USDJPY,2010-12-02,SHORT,6,win,3.05,84.18400,84.38700,83.56400,3.05,1,0,0,0,1,1,0,0,0,0,0,1,0,1,1,0
EURUSD,2010-12-03,SHORT,3,loss,-1.00,1.32512,1.32999,1.31129,2.84,1,0,0,0,0,0,0,0,0,0,1,1,0,0,0,0
GBPUSD,2010-12-08,SHORT,5,loss,-1.00,1.57802,1.58215,1.56070,4.19,1,0,0,0,0,0,1,0,0,0,1,1,0,1,0,0
USDCHF,2010-12-09,SHORT,8,win,3.17,0.98811,0.99149,0.97738,3.17,1,0,0,0,1,1,1,1,1,0,0,1,0,1,0,0
USDCAD,2010-12-09,SHORT,6,win,3.76,1.01156,1.01402,1.00230,3.76,1,0,0,0,1,0,1,1,0,0,1,1,0,0,0,0
EURUSD,2010-12-13,SHORT,5,loss,-1.00,1.33857,1.34376,1.32403,2.80,1,1,1,0,0,0,0,0,1,0,1,0,0,0,0,0
EURUSD,2010-12-13,SHORT,6,loss,-1.00,1.34013,1.34376,1.32403,4.44,1,1,1,0,0,0,1,0,1,0,1,0,0,0,0,0
EURUSD,2010-12-14,SHORT,8,loss,-1.00,1.33838,1.34376,1.32403,2.67,1,1,1,0,0,0,0,1,1,0,1,1,0,0,0,1
EURUSD,2010-12-14,SHORT,7,win,2.74,1.33848,1.34376,1.32403,2.74,1,1,1,0,0,0,0,1,1,0,1,1,0,0,0,0
NZDUSD,2010-12-15,LONG,3,loss,-1.00,0.73853,0.73565,0.74851,3.47,1,0,0,0,1,0,0,0,1,0,0,0,0,0,0,0
USDCAD,2010-12-17,SHORT,6,loss,-1.00,1.01049,1.01250,1.00428,3.09,1,0,0,0,1,0,1,0,0,0,1,1,1,0,0,0
GBPUSD,2011-01-04,SHORT,4,win,3.80,1.56078,1.56458,1.54635,3.80,1,1,0,0,0,0,1,0,0,0,1,0,0,0,0,0
USDCHF,2011-01-04,SHORT,6,loss,-1.00,0.94939,0.95321,0.93524,3.70,1,0,0,0,1,1,0,0,0,0,1,1,0,0,1,0
USDJPY,2011-01-05,SHORT,7,loss,-1.00,82.12000,82.27700,81.66800,2.88,1,0,0,0,1,1,0,0,0,1,1,1,0,0,1,0
USDCHF,2011-01-05,SHORT,5,loss,-1.00,0.96581,0.97202,0.94723,2.99,1,0,0,0,1,1,1,0,0,0,1,0,0,0,0,0
USDCHF,2011-01-05,SHORT,5,loss,-1.00,0.96698,0.97202,0.95109,3.15,1,0,0,0,1,1,1,0,0,0,1,0,0,0,0,0
USDCHF,2011-01-06,SHORT,6,loss,-1.00,0.96745,0.97202,0.95109,3.58,1,0,0,0,1,1,1,0,0,0,1,0,1,0,0,0
USDJPY,2011-01-07,SHORT,8,loss,-1.00,83.02400,83.38800,81.94900,2.95,1,0,0,0,1,1,1,0,0,1,1,1,0,0,1,0
NZDUSD,2011-01-10,LONG,6,win,3.02,0.75773,0.75498,0.76604,3.02,1,0,0,0,1,1,1,0,0,0,1,1,0,0,0,0
AUDUSD,2011-01-11,LONG,5,loss,-1.00,0.98652,0.98400,0.99571,3.65,1,0,0,0,1,0,0,1,0,0,1,0,0,0,0,1
USDJPY,2011-01-11,SHORT,7,win,3.09,83.43900,83.67400,82.71300,3.09,1,0,1,0,1,1,0,0,0,0,1,1,0,0,1,0
AUDUSD,2011-01-11,LONG,5,loss,-1.00,0.98668,0.98400,0.99571,3.37,1,0,0,0,1,0,0,1,0,0,1,0,0,0,0,1
EURUSD,2011-01-13,SHORT,6,loss,-1.00,1.33339,1.34298,1.29698,3.80,1,1,0,0,1,1,0,0,1,0,1,0,0,0,0,0
GBPUSD,2011-01-13,SHORT,3,loss,-1.00,1.58533,1.59103,1.56016,4.42,1,0,0,0,0,0,0,0,1,0,1,0,0,0,0,0
EURUSD,2011-01-13,SHORT,6,loss,-1.00,1.33481,1.34298,1.31307,2.66,1,1,0,0,1,1,0,0,1,0,1,0,0,0,0,0
USDCAD,2011-01-19,SHORT,5,loss,-1.00,0.99613,0.99833,0.98939,3.06,1,0,0,0,1,1,0,0,0,0,1,1,0,0,0,0
EURUSD,2011-01-20,SHORT,3,loss,-1.00,1.34948,1.35379,1.33776,2.72,1,0,0,0,1,0,0,0,0,0,0,0,0,0,1,0
USDCAD,2011-01-20,SHORT,8,loss,-1.00,0.99960,1.00335,0.98996,2.57,1,0,0,0,1,1,1,1,0,0,1,1,0,0,1,0
USDCAD,2011-01-20,SHORT,6,loss,-1.00,1.00206,1.00555,0.98996,3.47,1,0,0,0,1,1,1,1,0,0,1,0,0,0,0,0
AUDUSD,2011-01-20,LONG,7,win,5.54,0.98381,0.98034,1.00302,5.54,1,0,1,0,1,1,0,0,1,1,1,0,0,0,0,0
USDJPY,2011-01-21,SHORT,6,win,2.87,82.83300,83.06000,82.18200,2.87,1,0,0,0,1,0,1,0,0,0,1,1,0,0,1,0
USDCHF,2011-01-21,SHORT,6,win,3.22,0.96448,0.96759,0.95446,3.22,1,0,0,0,1,0,1,0,1,0,1,1,0,0,0,0
USDJPY,2011-01-27,SHORT,8,win,3.71,82.91700,83.12100,82.16000,3.71,1,0,0,0,1,1,1,0,1,0,1,1,0,0,1,0
USDJPY,2011-01-27,SHORT,9,win,3.37,82.90100,83.12100,82.16000,3.37,1,0,0,0,1,1,1,0,1,0,1,1,1,0,1,0
USDCAD,2011-01-28,SHORT,7,loss,-1.00,0.99829,1.00035,0.99212,3.00,1,0,0,0,1,0,1,0,1,0,1,1,0,0,1,0
USDCAD,2011-01-31,SHORT,8,loss,-1.00,1.00070,1.00301,0.99474,2.58,1,0,0,0,1,0,1,1,1,0,1,1,0,0,1,0
USDCAD,2011-01-31,SHORT,8,win,3.33,1.00110,1.00301,0.99474,3.33,1,0,0,0,1,0,1,1,1,0,1,1,0,0,1,0
EURUSD,2011-02-03,LONG,4,loss,-1.00,1.36307,1.35699,1.38120,2.98,0,0,1,0,1,0,0,0,0,0,1,1,0,0,0,0
NZDUSD,2011-02-03,LONG,6,loss,-1.00,0.77108,0.76837,0.77855,2.76,1,0,0,0,1,1,0,0,0,1,1,1,0,0,0,0
EURUSD,2011-02-03,LONG,5,loss,-1.00,1.36339,1.35699,1.38120,2.78,0,0,1,0,1,0,0,0,0,0,1,1,1,0,0,0
EURUSD,2011-02-04,LONG,5,loss,-1.00,1.36261,1.35699,1.38120,3.31,0,0,1,0,1,1,0,0,0,0,1,1,0,0,0,0
NZDUSD,2011-02-04,LONG,6,loss,-1.00,0.77068,0.76894,0.77855,4.52,1,0,0,0,1,1,0,0,0,1,1,1,0,0,0,0
NZDUSD,2011-02-04,LONG,6,win,2.58,0.76834,0.76438,0.77855,2.58,1,0,0,0,1,1,0,0,0,1,1,1,0,0,0,0
USDCHF,2011-02-09,SHORT,4,loss,-1.00,0.96509,0.96863,0.95374,3.21,1,0,0,0,1,1,0,0,0,0,1,0,0,0,0,0
GBPUSD,2011-02-10,LONG,6,loss,-1.00,1.60509,1.60272,1.61229,3.04,0,0,0,1,1,1,0,0,0,0,1,1,0,1,0,0
NZDUSD,2011-02-10,LONG,6,loss,-1.00,0.76614,0.76438,0.77120,2.87,1,0,0,0,1,0,1,0,0,1,1,1,0,0,0,0
USDCAD,2011-02-10,SHORT,7,loss,-1.00,0.99556,0.99769,0.98949,2.85,1,0,1,0,1,0,1,0,1,0,1,1,0,0,0,0
USDJPY,2011-02-10,SHORT,4,loss,-1.00,83.31800,83.48700,82.61300,4.17,1,0,0,0,1,0,0,0,0,0,1,0,0,0,1,0
USDCAD,2011-02-10,SHORT,8,loss,-1.00,0.99554,0.99769,0.98949,2.81,1,0,1,0,1,0,1,0,1,0,1,1,1,0,0,0
USDJPY,2011-02-11,SHORT,5,loss,-1.00,83.56700,83.90000,82.61300,2.86,1,0,0,0,1,0,0,1,0,0,1,0,0,0,1,0
NZDUSD,2011-02-11,LONG,5,loss,-1.00,0.75620,0.75247,0.76678,2.84,1,0,0,0,1,1,0,0,0,1,1,0,0,0,0,0
USDCHF,2011-02-11,SHORT,2,loss,-1.00,0.97388,0.97634,0.96296,4.44,1,0,0,0,1,0,0,0,0,0,0,0,0,0,0,0
USDCAD,2011-02-11,SHORT,6,win,5.46,0.99724,0.99866,0.98949,5.46,1,0,1,0,1,0,1,0,0,0,1,1,0,0,0,0
USDJPY,2011-02-11,SHORT,6,loss,-1.00,83.37700,83.67400,82.61300,2.57,1,0,0,0,1,0,0,1,0,0,1,0,0,0,1,1
USDJPY,2011-02-11,SHORT,4,loss,-1.00,83.49000,83.67400,82.61300,4.77,1,0,0,0,1,0,0,1,0,0,0,0,0,0,1,0
USDJPY,2011-02-14,SHORT,5,loss,-1.00,83.41000,83.66700,82.61300,3.10,1,0,1,0,1,1,0,0,0,0,0,0,0,0,1,0
NZDUSD,2011-02-22,LONG,3,loss,-1.00,0.74929,0.74542,0.76352,3.68,1,0,0,0,1,0,0,0,0,0,0,0,0,0,1,0
AUDUSD,2011-02-22,LONG,8,win,3.92,0.99738,0.99433,1.00934,3.92,1,0,1,0,1,1,1,1,1,0,1,0,0,0,0,0
GBPUSD,2011-02-24,LONG,5,loss,-1.00,1.61386,1.61005,1.62428,2.73,0,0,0,1,1,1,0,0,0,0,1,1,0,0,0,0
NZDUSD,2011-03-04,LONG,3,loss,-1.00,0.73627,0.73439,0.74617,5.27,1,1,0,0,1,0,0,0,0,0,0,0,0,0,0,0
NZDUSD,2011-03-04,LONG,4,loss,-1.00,0.73684,0.73439,0.74617,3.81,1,1,0,0,1,0,0,0,0,0,0,0,1,0,0,0
NZDUSD,2011-03-04,LONG,3,loss,-1.00,0.73729,0.73439,0.74617,3.06,1,1,0,0,1,0,0,0,0,0,0,0,0,0,0,0
AUDUSD,2011-03-08,LONG,5,loss,-1.00,1.01027,1.00763,1.01765,2.80,1,0,0,0,1,0,1,0,0,0,1,1,0,0,0,0
AUDUSD,2011-03-08,LONG,5,loss,-1.00,1.01044,1.00763,1.01780,2.62,1,0,0,0,1,0,0,0,0,0,1,1,0,0,0,1
GBPUSD,2011-03-10,LONG,4,loss,-1.00,1.60449,1.59860,1.62008,2.65,0,0,0,0,1,1,1,0,0,0,1,0,0,0,0,0
AUDUSD,2011-03-10,LONG,5,win,3.96,0.99948,0.99662,1.01081,3.96,1,0,0,0,1,1,0,0,0,0,1,0,0,0,1,0
GBPUSD,2011-03-11,LONG,6,win,2.61,1.59931,1.59628,1.60721,2.61,0,0,0,0,1,1,1,1,0,0,1,0,0,0,1,0
AUDUSD,2011-03-15,LONG,3,loss,-1.00,0.98824,0.98317,1.01036,4.36,1,0,0,0,1,0,0,0,0,0,1,0,0,0,0,0
GBPUSD,2011-03-15,LONG,5,win,3.93,1.60158,1.59766,1.61700,3.93,0,0,0,0,1,0,1,0,0,0,1,1,0,0,1,0
USDCAD,2011-03-15,SHORT,5,loss,-1.00,0.99112,0.99589,0.97233,3.94,1,0,0,0,1,1,0,0,0,1,1,0,0,0,0,0
NZDUSD,2011-03-15,LONG,3,loss,-1.00,0.72949,0.72630,0.74076,3.53,1,0,0,0,1,0,0,1,0,0,0,0,0,0,0,0
NZDUSD,2011-03-16,LONG,2,loss,-1.00,0.72924,0.72656,0.74076,4.30,1,0,0,0,1,0,0,0,0,0,0,0,0,0,0,0
GBPUSD,2011-03-16,LONG,5,win,2.85,1.60274,1.59774,1.61700,2.85,0,0,0,0,1,0,1,0,0,0,1,1,0,1,0,0
AUDUSD,2011-03-16,LONG,2,loss,-1.00,0.98411,0.98034,0.99649,3.28,1,0,0,0,1,0,0,0,0,0,0,0,0,0,0,0
EURUSD,2011-03-16,LONG,3,win,3.26,1.38889,1.38553,1.39983,3.26,0,0,0,0,1,0,0,0,0,0,1,1,0,0,0,0
NZDUSD,2011-03-17,LONG,2,win,2.88,0.72082,0.71595,0.73486,2.88,1,0,0,0,1,0,0,0,0,0,0,0,0,0,0,0
NZDUSD,2011-03-17,LONG,2,win,3.03,0.72064,0.71595,0.73486,3.03,1,0,0,0,1,0,0,0,0,0,0,0,0,0,0,0
USDJPY,2011-03-21,SHORT,4,loss,-1.00,81.24700,81.98600,78.88600,3.19,1,0,0,0,1,0,0,0,0,0,1,1,0,0,0,0
USDJPY,2011-03-21,SHORT,6,loss,-1.00,81.10700,81.98600,78.88600,2.53,1,0,0,0,1,0,0,0,0,0,1,1,0,0,1,1
USDJPY,2011-03-22,SHORT,6,loss,-1.00,80.92700,81.31300,78.88600,5.29,1,0,0,0,1,0,0,0,0,0,1,1,0,0,1,1
USDJPY,2011-03-22,SHORT,5,loss,-1.00,80.99900,81.31300,78.88600,6.73,1,0,0,0,1,0,0,0,0,0,1,1,0,0,1,0
USDJPY,2011-03-22,SHORT,6,loss,-1.00,80.89900,81.31300,78.88600,4.86,1,0,0,0,1,0,0,0,0,0,1,1,0,0,1,1
GBPUSD,2011-03-24,LONG,4,loss,-1.00,1.61043,1.60600,1.63684,5.96,0,0,0,0,1,0,1,0,0,0,1,1,0,0,0,0
USDJPY,2011-03-25,SHORT,4,loss,-1.00,81.20700,81.31300,80.72700,4.53,1,0,0,0,1,0,0,0,0,0,1,1,0,0,0,0
USDCAD,2011-03-25,SHORT,8,win,2.63,0.98178,0.98429,0.97519,2.63,1,0,0,0,1,1,1,0,1,1,1,1,0,0,0,0
GBPUSD,2011-03-25,LONG,4,loss,-1.00,1.60176,1.59810,1.61811,4.47,0,0,0,0,1,1,0,0,0,0,1,0,0,0,1,0
GBPUSD,2011-03-28,LONG,4,loss,-1.00,1.59916,1.59628,1.61027,3.86,0,0,0,0,1,1,0,0,0,0,1,0,0,0,1,0
USDCHF,2011-03-29,SHORT,4,loss,-1.00,0.92069,0.92341,0.91316,2.77,1,0,0,0,1,1,0,0,0,0,1,0,0,0,0,0
USDJPY,2011-03-30,SHORT,5,loss,-1.00,83.13300,83.29200,82.43200,4.41,1,0,0,0,1,1,0,0,0,0,1,0,0,0,1,0
USDCHF,2011-04-01,SHORT,4,loss,-1.00,0.92433,0.92750,0.91571,2.72,1,0,0,0,1,1,0,0,0,0,1,0,0,0,0,0
USDCHF,2011-04-01,SHORT,5,loss,-1.00,0.92486,0.92750,0.91571,3.47,1,0,0,0,1,1,1,0,0,0,1,0,0,0,0,0
GBPUSD,2011-04-04,SHORT,6,loss,-1.00,1.61244,1.61504,1.60326,3.53,1,0,0,0,0,0,1,1,0,0,1,1,1,0,0,0
EURUSD,2011-04-18,LONG,4,loss,-1.00,1.42759,1.42441,1.44984,7.00,1,0,0,0,1,1,0,0,0,0,1,0,0,0,0,0
USDCAD,2011-04-18,SHORT,5,loss,-1.00,0.96500,0.96685,0.95861,3.45,1,0,0,0,1,1,0,0,0,0,1,1,0,0,0,0
GBPUSD,2011-04-18,LONG,6,loss,-1.00,1.62704,1.62366,1.63570,2.56,0,0,0,0,1,1,0,0,0,1,1,1,1,0,0,0
EURUSD,2011-04-18,LONG,4,win,2.94,1.42101,1.41514,1.43826,2.94,1,0,0,0,1,1,0,0,0,0,1,0,0,0,0,0
GBPUSD,2011-04-18,LONG,5,loss,-1.00,1.62633,1.62366,1.63570,3.51,0,0,0,0,1,1,0,0,0,1,1,1,0,0,0,0
GBPUSD,2011-05-03,LONG,5,loss,-1.00,1.64811,1.64311,1.66882,4.14,0,0,0,0,1,1,0,0,0,0,1,1,0,0,1,0
NZDUSD,2011-05-03,LONG,5,loss,-1.00,0.79952,0.79700,0.80855,3.58,1,0,0,0,1,0,0,0,0,0,1,1,0,0,1,0
GBPUSD,2011-05-03,LONG,4,loss,-1.00,1.64718,1.64311,1.66176,3.58,0,0,0,0,1,1,0,0,0,0,1,1,0,0,0,0
NZDUSD,2011-05-05,LONG,4,loss,-1.00,0.78640,0.78218,0.79966,3.14,1,0,0,0,1,1,0,0,0,0,1,0,0,0,0,0
EURUSD,2011-05-05,LONG,4,loss,-1.00,1.45816,1.44930,1.48702,3.26,1,0,0,0,1,1,0,0,0,0,1,0,0,0,0,0
USDCAD,2011-05-05,SHORT,6,win,2.70,0.96817,0.97209,0.95760,2.70,1,0,0,0,1,1,1,0,1,0,1,0,0,0,0,0
EURUSD,2011-05-06,LONG,4,loss,-1.00,1.43525,1.41606,1.48428,2.55,1,0,0,0,1,0,1,0,0,0,1,0,0,0,0,0
USDCHF,2011-05-06,SHORT,4,loss,-1.00,0.87673,0.88337,0.85827,2.78,1,0,0,0,1,0,0,0,0,0,1,1,0,0,0,0
USDCHF,2011-05-10,SHORT,3,loss,-1.00,0.88046,0.88337,0.87147,3.09,1,0,0,0,1,0,0,0,0,0,1,0,0,0,0,0
USDJPY,2011-05-10,SHORT,5,loss,-1.00,80.74700,80.93600,80.17000,3.05,1,0,0,0,1,1,0,0,0,0,1,1,0,0,0,0
EURUSD,2011-05-11,LONG,4,loss,-1.00,1.42017,1.41606,1.43830,4.41,1,0,0,0,1,1,0,0,0,0,1,0,0,0,0,0
USDCAD,2011-05-12,SHORT,7,loss,-1.00,0.96605,0.96953,0.95323,3.68,1,0,0,0,1,1,1,0,1,0,1,1,0,0,0,0
AUDUSD,2011-05-12,LONG,5,loss,-1.00,1.06029,1.05368,1.08361,3.53,1,0,0,0,1,0,1,0,1,0,1,0,0,0,0,0
USDCAD,2011-05-12,SHORT,8,loss,-1.00,0.96564,0.96953,0.95323,3.19,1,0,0,0,1,1,1,0,1,0,1,1,1,0,0,0
NZDUSD,2011-05-13,LONG,7,loss,-1.00,0.78512,0.78155,0.79656,3.20,1,0,0,0,1,0,1,0,1,1,1,0,0,1,0,0
EURUSD,2011-05-13,LONG,2,loss,-1.00,1.41416,1.40618,1.43624,2.77,1,0,0,0,1,0,0,0,0,0,0,0,0,0,0,0
EURUSD,2011-05-13,LONG,2,loss,-1.00,1.41053,1.40618,1.43022,4.53,1,0,0,0,1,0,0,0,0,0,0,0,0,0,0,0
USDCAD,2011-05-13,SHORT,5,loss,-1.00,0.96856,0.97123,0.96114,2.78,1,0,0,0,1,1,0,0,1,0,1,0,0,0,0,0
NZDUSD,2011-05-16,LONG,5,win,4.34,0.77822,0.77459,0.79397,4.34,1,0,0,0,1,0,0,0,1,1,1,0,0,0,0,0
EURUSD,2011-05-16,LONG,2,win,2.78,1.41254,1.40618,1.43022,2.78,1,0,0,0,1,0,0,0,0,0,0,0,0,0,0,0
NZDUSD,2011-05-17,LONG,4,win,2.68,0.77801,0.77551,0.78472,2.68,1,0,0,0,1,0,0,0,0,1,1,0,0,0,0,0
EURUSD,2011-05-20,LONG,4,loss,-1.00,1.41714,1.41230,1.43381,3.44,1,0,0,0,1,0,0,0,1,0,0,1,0,0,0,0
AUDUSD,2011-05-23,LONG,4,loss,-1.00,1.04955,1.04431,1.06381,2.72,1,0,0,0,1,0,0,0,0,0,1,0,0,0,1,0
USDJPY,2011-05-23,SHORT,6,win,2.52,82.00000,82.22700,81.42900,2.52,1,0,0,0,1,0,1,0,0,0,1,1,0,0,1,0
GBPUSD,2011-05-25,SHORT,4,loss,-1.00,1.62762,1.63047,1.61617,4.02,1,0,0,0,0,0,1,0,0,0,1,1,0,0,0,0
AUDUSD,2011-06-08,LONG,5,loss,-1.00,1.06192,1.05964,1.07084,3.91,1,0,0,0,1,0,1,0,0,0,1,1,0,0,0,0
EURUSD,2011-06-08,LONG,4,loss,-1.00,1.45867,1.45573,1.46640,2.63,1,0,0,0,1,0,0,0,0,0,1,1,0,0,0,0
AUDUSD,2011-06-08,LONG,5,loss,-1.00,1.06151,1.05872,1.07084,3.34,1,0,0,0,1,0,1,0,0,0,1,1,0,0,0,0
USDCAD,2011-06-08,SHORT,4,win,2.53,0.97962,0.98167,0.97443,2.53,1,0,1,0,1,0,0,0,0,0,0,1,0,0,0,0
GBPUSD,2011-06-09,LONG,6,loss,-1.00,1.63710,1.63477,1.64510,3.43,0,0,0,0,1,1,1,0,1,0,1,1,0,0,0,0
EURUSD,2011-06-10,LONG,5,loss,-1.00,1.43642,1.43077,1.45367,3.05,1,0,0,0,1,1,1,0,0,0,1,0,0,0,0,0
USDCAD,2011-06-15,SHORT,4,loss,-1.00,0.97883,0.98205,0.96731,3.58,1,0,0,0,1,1,0,0,0,0,0,1,0,0,0,0
AUDUSD,2011-06-15,LONG,7,loss,-1.00,1.05615,1.05225,1.06980,3.50,1,0,1,0,1,1,1,0,0,0,1,1,0,0,0,0
AUDUSD,2011-06-16,LONG,5,loss,-1.00,1.04986,1.04409,1.06773,3.10,1,0,1,0,1,1,0,0,0,0,0,0,0,0,1,0
AUDUSD,2011-06-23,LONG,7,loss,-1.00,1.05133,1.04774,1.06311,3.28,1,0,0,0,1,1,0,0,1,1,0,1,0,0,1,0
EURUSD,2011-06-23,LONG,5,loss,-1.00,1.42229,1.41912,1.43304,3.39,1,0,0,0,1,1,0,0,1,0,0,1,0,0,0,0
AUDUSD,2011-06-23,LONG,6,loss,-1.00,1.04824,1.04409,1.06311,3.58,1,0,0,0,1,1,0,0,1,1,0,0,0,0,1,0
AUDUSD,2011-06-23,LONG,6,loss,-1.00,1.05273,1.04960,1.06311,3.32,1,0,0,0,1,1,0,0,1,1,0,1,0,0,0,0
AUDUSD,2011-06-24,LONG,7,loss,-1.00,1.04989,1.04547,1.06311,2.99,1,0,0,0,1,1,0,0,1,1,0,1,0,0,1,0
USDCAD,2011-06-24,SHORT,4,loss,-1.00,0.98694,0.98975,0.97801,3.18,1,0,0,0,1,0,0,0,1,1,0,0,0,0,0,0
USDJPY,2011-06-27,SHORT,7,loss,-1.00,80.88700,81.05500,80.32600,3.34,1,0,0,0,1,1,1,0,0,0,1,1,0,0,1,0
USDJPY,2011-06-27,SHORT,8,loss,-1.00,80.87600,81.05500,80.32600,3.07,1,0,0,0,1,1,1,0,0,0,1,1,1,0,1,0
NZDUSD,2011-06-28,LONG,4,win,4.60,0.80293,0.80079,0.81278,4.60,1,0,0,0,1,0,1,0,0,0,1,0,0,0,0,0
USDJPY,2011-06-28,SHORT,6,loss,-1.00,80.85800,80.97900,80.32600,4.40,1,0,0,0,1,0,1,0,0,0,1,1,0,0,1,0
USDJPY,2011-06-28,SHORT,7,loss,-1.00,80.85000,80.97900,80.32600,4.06,1,0,0,0,1,0,1,0,0,0,1,1,1,0,1,0
USDCHF,2011-06-30,SHORT,5,loss,-1.00,0.84134,0.84379,0.83090,4.26,1,0,0,0,1,1,0,0,0,0,1,1,0,0,0,0
USDCHF,2011-06-30,SHORT,5,loss,-1.00,0.84073,0.84379,0.83090,3.21,1,0,0,0,1,1,0,0,0,0,1,1,0,0,0,0
GBPUSD,2011-07-04,SHORT,3,win,2.67,1.60901,1.61178,1.60161,2.67,1,0,0,0,0,0,0,0,0,0,1,1,0,0,0,0
USDJPY,2011-07-05,SHORT,10,win,2.86,81.14000,81.26400,80.78500,2.86,1,0,1,0,1,1,1,0,1,1,1,1,0,0,1,0
USDJPY,2011-07-05,SHORT,11,win,2.50,81.04300,81.14600,80.78500,2.50,1,0,1,0,1,1,1,0,1,1,1,1,0,0,1,1
AUDUSD,2011-07-05,LONG,5,loss,-1.00,1.06910,1.06733,1.07409,2.82,1,0,0,0,1,1,0,0,0,0,1,1,0,0,0,0
USDJPY,2011-07-06,SHORT,10,win,2.61,81.07200,81.18200,80.78500,2.61,1,0,1,0,1,1,1,0,1,1,1,1,0,0,1,0
USDCHF,2011-07-08,SHORT,7,loss,-1.00,0.84795,0.85067,0.83847,3.49,1,0,0,0,1,1,0,0,1,1,1,1,0,0,0,0
AUDUSD,2011-07-11,LONG,5,loss,-1.00,1.06739,1.06548,1.07729,5.18,1,0,0,0,1,0,1,0,0,0,1,1,0,0,0,0
EURUSD,2011-07-11,LONG,2,loss,-1.00,1.40601,1.40129,1.42121,3.22,1,0,0,0,1,0,0,0,0,0,0,0,0,0,0,0
EURUSD,2011-07-11,LONG,2,loss,-1.00,1.40326,1.39694,1.41939,2.55,1,0,0,0,1,0,0,0,0,0,0,0,0,0,0,0
EURUSD,2011-07-11,LONG,3,loss,-1.00,1.40116,1.39694,1.41939,4.32,1,0,0,0,1,0,0,0,0,0,0,0,0,0,1,0
GBPUSD,2011-07-13,SHORT,5,loss,-1.00,1.61028,1.61397,1.59533,4.05,1,0,0,0,0,0,1,0,1,0,1,1,0,0,0,0
GBPUSD,2011-07-20,SHORT,5,loss,-1.00,1.61361,1.61778,1.60217,2.74,1,0,0,0,0,0,1,0,1,0,1,1,0,0,0,0
GBPUSD,2011-07-20,SHORT,5,loss,-1.00,1.61596,1.61928,1.60722,2.63,1,0,0,0,0,0,1,0,1,0,1,1,0,0,0,0
EURUSD,2011-07-27,LONG,7,loss,-1.00,1.43723,1.43249,1.45013,2.72,1,0,1,0,1,1,1,0,0,0,1,1,0,0,0,0
EURUSD,2011-07-29,LONG,6,loss,-1.00,1.43654,1.43249,1.44800,2.83,1,0,1,0,1,0,1,0,0,0,1,1,0,0,0,0
USDCAD,2011-08-01,SHORT,5,loss,-1.00,0.95931,0.96347,0.94740,2.86,1,0,0,0,1,1,1,0,0,0,1,0,0,0,0,0
EURUSD,2011-08-01,LONG,3,loss,-1.00,1.42014,1.41390,1.44800,4.46,1,0,0,0,1,0,0,0,0,0,1,0,0,0,0,0
GBPUSD,2011-08-01,LONG,4,loss,-1.00,1.62963,1.62607,1.64412,4.07,0,0,0,0,1,1,0,0,0,0,1,1,0,0,0,0
AUDUSD,2011-08-02,LONG,5,loss,-1.00,1.08464,1.07951,1.09922,2.84,1,0,0,0,1,1,0,0,0,0,1,1,0,0,0,0
GBPUSD,2011-08-02,LONG,6,loss,-1.00,1.62848,1.62370,1.64412,3.27,0,0,0,0,1,1,1,0,0,0,1,1,1,0,0,0
AUDUSD,2011-08-02,LONG,5,loss,-1.00,1.08387,1.07951,1.09922,3.52,1,0,0,0,1,1,0,0,0,0,1,1,0,0,0,0
AUDUSD,2011-08-04,LONG,3,loss,-1.00,1.05758,1.05254,1.07533,3.52,1,0,0,0,1,0,0,0,0,0,1,0,0,0,0,0
NZDUSD,2011-08-04,LONG,3,loss,-1.00,0.84466,0.83798,0.86484,3.02,1,0,0,0,1,0,0,0,0,0,1,0,0,0,0,0
USDJPY,2011-08-04,SHORT,7,loss,-1.00,79.00900,79.31500,77.13000,6.14,1,0,0,0,1,1,1,1,0,0,1,0,0,0,1,0
GBPUSD,2011-08-04,LONG,5,win,3.83,1.62678,1.62240,1.64355,3.83,0,0,0,0,1,1,1,0,0,0,1,1,0,0,0,0
USDJPY,2011-08-04,SHORT,7,win,3.76,79.08000,79.59800,77.13000,3.76,1,0,0,0,1,1,1,1,0,0,1,0,0,0,1,0
AUDUSD,2011-08-04,LONG,3,loss,-1.00,1.04772,1.03900,1.06996,2.55,1,0,0,0,1,0,0,0,0,0,1,0,0,0,0,0
AUDUSD,2011-08-05,LONG,3,loss,-1.00,1.04684,1.03900,1.06996,2.95,1,0,0,0,1,0,0,0,0,0,1,0,0,0,0,0
AUDUSD,2011-08-05,LONG,3,loss,-1.00,1.03779,1.02879,1.06996,3.57,1,0,0,0,1,0,0,0,0,0,1,0,0,0,0,0
EURUSD,2011-08-10,LONG,5,loss,-1.00,1.41915,1.41302,1.43567,2.69,1,0,0,0,1,1,0,0,1,0,0,1,0,0,0,0
GBPUSD,2011-08-10,LONG,5,win,3.09,1.61256,1.60684,1.63022,3.09,0,1,0,0,1,1,0,0,1,0,1,0,0,0,0,0
EURUSD,2011-08-10,LONG,5,loss,-1.00,1.41815,1.41302,1.43567,3.42,1,0,0,0,1,1,0,0,1,0,0,1,0,0,0,0
USDCHF,2011-08-12,SHORT,4,loss,-1.00,0.77086,0.78009,0.72661,4.79,1,0,0,0,1,1,0,0,0,0,1,0,0,0,0,0
USDCHF,2011-08-12,SHORT,4,loss,-1.00,0.77138,0.78009,0.72661,5.14,1,0,0,0,1,1,0,0,0,0,1,0,0,0,0,0
EURUSD,2011-08-18,LONG,5,loss,-1.00,1.43714,1.43280,1.44890,2.71,1,0,0,0,1,0,1,0,0,0,1,1,0,0,0,0
GBPUSD,2011-08-22,LONG,4,win,3.42,1.64497,1.64201,1.65510,3.42,0,0,0,0,1,0,0,1,0,0,1,1,0,0,0,0
GBPUSD,2011-08-24,LONG,4,loss,-1.00,1.64679,1.64354,1.65510,2.56,0,0,0,0,1,0,0,0,0,0,1,1,0,1,0,0
GBPUSD,2011-08-25,LONG,4,loss,-1.00,1.62864,1.62553,1.64758,6.09,0,0,0,0,1,1,1,0,0,0,1,0,0,0,0,0
USDCHF,2011-08-30,SHORT,3,win,3.12,0.82064,0.82403,0.81005,3.12,1,0,0,0,1,0,0,1,0,0,0,0,0,0,0,0
GBPUSD,2011-08-31,LONG,5,loss,-1.00,1.62321,1.62074,1.63165,3.42,0,0,0,0,1,0,1,0,0,0,1,1,0,1,0,0
EURUSD,2011-08-31,LONG,5,loss,-1.00,1.43649,1.43303,1.44644,2.88,1,0,0,0,1,0,1,0,0,0,1,1,0,0,0,0
EURUSD,2011-09-05,LONG,2,loss,-1.00,1.41206,1.40555,1.43661,3.77,1,0,0,0,1,0,0,0,0,0,0,0,0,0,0,0
EURUSD,2011-09-05,LONG,2,loss,-1.00,1.41034,1.40555,1.43661,5.48,1,0,0,0,1,0,0,0,0,0,0,0,0,0,0,0
EURUSD,2011-09-05,LONG,2,loss,-1.00,1.40927,1.40555,1.43661,7.35,1,0,0,0,1,0,0,0,0,0,0,0,0,0,0,0
USDCAD,2011-09-05,SHORT,4,loss,-1.00,0.99063,0.99234,0.98623,2.57,1,1,0,0,1,0,0,0,1,0,0,0,0,0,0,0
EURUSD,2011-09-06,LONG,2,loss,-1.00,1.41107,1.40555,1.43661,4.63,1,0,0,0,1,0,0,0,0,0,0,0,0,0,0,0
NZDUSD,2011-09-06,LONG,4,loss,-1.00,0.83009,0.82570,0.84493,3.38,1,0,0,0,1,1,0,0,0,0,1,0,0,0,0,0
USDJPY,2011-09-06,SHORT,6,loss,-1.00,77.48000,77.69000,76.75100,3.47,1,0,0,0,1,1,1,0,0,0,1,0,0,0,1,0
NZDUSD,2011-09-06,LONG,4,loss,-1.00,0.82280,0.81610,0.84493,3.30,1,0,0,0,1,1,0,0,0,0,1,0,0,0,0,0
EURUSD,2011-09-08,LONG,2,loss,-1.00,1.38892,1.38371,1.40612,3.30,1,0,0,0,1,0,0,0,0,0,0,0,0,0,0,0
AUDUSD,2011-09-09,LONG,5,loss,-1.00,1.05223,1.04820,1.06307,2.69,1,0,0,0,1,1,0,0,0,0,1,1,0,0,0,0
USDCAD,2011-09-09,SHORT,4,loss,-1.00,0.99330,0.99630,0.98566,2.55,1,1,0,0,1,0,0,0,0,0,0,1,0,0,0,0
NZDUSD,2011-09-09,LONG,3,loss,-1.00,0.82112,0.81610,0.83542,2.85,1,0,0,0,1,1,0,0,0,0,0,0,0,0,0,0
NZDUSD,2011-09-09,LONG,3,loss,-1.00,0.82093,0.81610,0.83338,2.58,1,0,0,0,1,1,0,0,0,0,0,0,0,0,0,0
AUDUSD,2011-09-09,LONG,5,loss,-1.00,1.04550,1.04175,1.06027,3.94,1,0,0,0,1,1,0,0,0,0,1,0,1,0,0,0
USDCAD,2011-09-13,LONG,8,loss,-1.00,0.98517,0.98295,0.99543,4.62,0,1,0,1,1,1,1,0,0,1,1,1,0,0,0,0
NZDUSD,2011-09-21,LONG,4,loss,-1.00,0.81452,0.81183,0.82343,3.31,1,0,0,0,1,0,0,0,1,1,0,0,0,0,0,0
NZDUSD,2011-09-21,LONG,5,loss,-1.00,0.80015,0.79632,0.82275,5.90,1,0,0,0,1,0,0,0,1,1,0,0,0,0,1,0
AUDUSD,2011-09-22,LONG,2,loss,-1.00,0.97623,0.97053,1.00164,4.46,1,0,0,0,1,0,0,0,0,0,0,0,0,0,0,0
NZDUSD,2011-09-22,LONG,4,loss,-1.00,0.77877,0.77459,0.79737,4.45,1,0,0,0,1,0,0,0,1,1,0,0,0,0,0,0
AUDUSD,2011-09-22,LONG,2,loss,-1.00,0.97610,0.97053,0.99573,3.52,1,0,0,0,1,0,0,0,0,0,0,0,0,0,0,0
NZDUSD,2011-09-23,LONG,3,loss,-1.00,0.77339,0.76688,0.79107,2.72,1,0,0,0,1,0,0,0,0,1,0,0,0,0,0,0
AUDUSD,2011-09-26,SHORT,3,loss,-1.00,0.98097,0.98662,0.96601,2.65,0,0,0,0,1,1,0,0,0,0,1,0,0,0,0,0
USDJPY,2011-09-30,SHORT,8,win,2.75,77.13000,77.32400,76.59600,2.75,1,0,0,0,1,1,1,0,0,1,1,1,0,0,1,0
USDCHF,2011-10-03,SHORT,3,loss,-1.00,0.91511,0.91819,0.90488,3.32,1,0,0,0,1,0,0,0,1,0,0,0,0,0,0,0
GBPUSD,2011-10-06,SHORT,5,loss,-1.00,1.54527,1.54944,1.53017,3.62,1,0,0,0,1,0,0,0,1,0,1,1,0,0,0,0
AUDUSD,2011-10-10,SHORT,2,loss,-1.00,0.99313,0.99850,0.97857,2.71,0,0,0,0,1,0,0,0,0,0,1,0,0,0,0,0
USDCAD,2011-10-10,LONG,4,loss,-1.00,1.02662,1.02342,1.03588,2.89,0,0,0,1,1,1,0,0,0,0,1,0,0,0,0,0
GBPUSD,2011-10-10,SHORT,4,win,3.78,1.56806,1.57152,1.55499,3.78,1,0,0,0,1,0,0,0,1,0,1,0,0,0,0,0
USDCAD,2011-10-10,LONG,4,loss,-1.00,1.02624,1.02342,1.03588,3.42,0,0,0,1,1,1,0,0,0,0,1,0,0,0,0,0
EURUSD,2011-10-10,SHORT,3,loss,-1.00,1.36504,1.36881,1.35321,3.14,0,0,0,0,1,1,0,0,0,0,1,0,0,0,0,0
EURUSD,2011-10-11,SHORT,4,loss,-1.00,1.36561,1.36973,1.35321,3.01,0,0,0,0,1,1,0,1,0,0,1,0,0,0,0,0
AUDUSD,2011-10-11,SHORT,2,win,2.68,0.99767,1.00141,0.98764,2.68,0,0,0,0,1,0,0,0,0,0,1,0,0,0,0,0
USDCAD,2011-10-11,LONG,5,loss,-1.00,1.02795,1.02508,1.03588,2.76,0,0,0,1,1,1,0,0,0,0,1,1,0,0,0,0
USDCAD,2011-10-12,LONG,3,loss,-1.00,1.01732,1.01435,1.03588,6.25,0,0,0,1,1,0,0,0,0,0,1,0,0,0,0,0
NZDUSD,2011-10-12,SHORT,3,loss,-1.00,0.79235,0.79578,0.77726,4.40,0,1,0,0,1,0,0,0,0,0,1,0,0,0,0,0
USDCHF,2011-10-12,LONG,4,loss,-1.00,0.89446,0.89178,0.91068,6.05,0,1,0,0,1,1,0,0,0,0,1,0,0,0,0,0
USDCAD,2011-10-12,LONG,4,loss,-1.00,1.01724,1.01435,1.02835,3.84,0,0,0,1,1,0,0,0,0,0,1,0,1,0,0,0
USDCHF,2011-10-12,LONG,5,loss,-1.00,0.89518,0.89178,0.90703,3.49,0,1,0,0,1,1,0,0,0,0,1,0,1,0,0,0
NZDUSD,2011-10-13,SHORT,3,loss,-1.00,0.79514,0.79954,0.78371,2.60,0,0,0,0,1,0,0,1,0,0,1,0,0,0,0,0
GBPUSD,2011-10-13,SHORT,6,loss,-1.00,1.57735,1.58406,1.55661,3.09,1,0,0,0,1,1,1,1,0,0,1,0,0,0,0,0
GBPUSD,2011-10-14,SHORT,4,loss,-1.00,1.58065,1.58406,1.56912,3.38,1,0,0,0,1,0,1,0,0,0,1,0,0,0,0,0
GBPUSD,2011-10-14,SHORT,4,loss,-1.00,1.58072,1.58406,1.56912,3.47,1,0,0,0,1,0,1,0,0,0,1,0,0,0,0,0
NZDUSD,2011-10-21,SHORT,3,loss,-1.00,0.80262,0.80673,0.79202,2.58,0,0,0,0,1,0,1,0,0,0,1,0,0,0,0,0
GBPUSD,2011-10-25,SHORT,5,loss,-1.00,1.60089,1.60825,1.57815,3.09,1,1,0,0,1,0,0,0,1,0,0,0,0,0,1,0
GBPUSD,2011-10-31,SHORT,3,win,3.04,1.61394,1.61950,1.59703,3.04,1,0,0,0,1,1,0,0,0,0,0,0,0,0,0,0
EURUSD,2011-10-31,LONG,4,loss,-1.00,1.38343,1.37996,1.40437,6.03,1,0,0,0,0,1,1,0,0,0,1,0,0,0,0,0
USDCAD,2011-11-01,SHORT,3,loss,-1.00,1.01995,1.02456,0.99988,4.35,1,0,0,0,0,1,0,0,0,0,1,0,0,0,0,0
USDCAD,2011-11-01,SHORT,3,loss,-1.00,1.01881,1.02456,1.00392,2.59,1,0,0,0,0,1,0,0,0,0,1,0,0,0,0,0
EURUSD,2011-11-01,LONG,4,loss,-1.00,1.36940,1.36528,1.38443,3.65,1,0,0,0,0,1,0,0,0,0,1,0,0,0,0,1
NZDUSD,2011-11-01,LONG,6,loss,-1.00,0.79420,0.79136,0.80798,4.85,1,1,0,0,1,1,0,0,0,0,1,0,1,0,0,0
NZDUSD,2011-11-02,LONG,3,loss,-1.00,0.79277,0.78719,0.80798,2.73,1,1,0,0,0,0,0,0,0,0,1,0,0,0,0,0
NZDUSD,2011-11-02,LONG,3,loss,-1.00,0.79221,0.78719,0.80798,3.14,1,1,0,0,0,0,0,0,0,0,1,0,0,0,0,0
NZDUSD,2011-11-02,LONG,3,loss,-1.00,0.78982,0.78601,0.80798,4.77,1,1,0,0,0,0,0,0,0,0,1,0,0,0,0,0
NZDUSD,2011-11-03,LONG,4,loss,-1.00,0.79489,0.79136,0.80798,3.71,1,0,0,0,0,0,0,0,0,0,1,1,0,0,0,1
USDCAD,2011-11-04,SHORT,3,loss,-1.00,1.01866,1.02223,1.00800,2.99,1,0,0,0,0,1,0,0,0,0,1,0,0,0,0,0
EURUSD,2011-11-09,LONG,4,loss,-1.00,1.36343,1.35655,1.38332,2.89,1,0,1,0,0,0,0,0,1,0,1,0,0,0,0,0
AUDUSD,2011-11-09,LONG,3,loss,-1.00,1.01807,1.01467,1.03554,5.14,1,1,0,0,0,0,0,0,0,0,1,0,0,0,0,0
AUDUSD,2011-11-09,LONG,2,loss,-1.00,1.01427,1.01035,1.03554,5.43,1,0,0,0,0,0,0,0,0,0,1,0,0,0,0,0
AUDUSD,2011-11-10,LONG,5,loss,-1.00,1.01552,1.01176,1.03554,5.32,1,1,0,0,0,0,0,1,0,0,1,0,0,0,0,1
GBPUSD,2011-11-11,SHORT,3,win,3.79,1.60773,1.61293,1.58802,3.79,1,0,0,0,1,0,0,0,0,0,0,1,0,0,0,0
USDJPY,2011-11-25,SHORT,6,loss,-1.00,77.47200,77.57900,77.13500,3.15,1,0,0,0,1,1,1,0,0,0,0,1,0,0,1,0
USDJPY,2011-11-25,SHORT,5,loss,-1.00,77.67100,77.88100,77.13500,2.55,1,0,0,0,1,1,0,0,0,0,0,1,0,0,1,0
USDJPY,2011-11-25,SHORT,4,loss,-1.00,77.73800,77.88100,77.33300,2.83,1,0,0,0,1,1,0,0,0,0,0,1,0,0,0,0
USDCHF,2011-11-28,LONG,4,loss,-1.00,0.92017,0.91534,0.93283,2.62,0,0,0,0,1,1,0,0,0,0,1,1,0,0,0,0
USDJPY,2011-11-28,SHORT,4,loss,-1.00,78.10100,78.26300,77.33300,4.74,1,0,0,0,1,1,0,0,0,0,0,0,0,0,1,0
USDCHF,2011-11-29,LONG,5,loss,-1.00,0.91875,0.91534,0.92911,3.04,0,0,0,0,1,1,0,0,0,0,1,1,0,1,0,0
USDCHF,2011-11-29,LONG,5,loss,-1.00,0.92066,0.91753,0.92911,2.70,0,0,0,0,1,1,0,0,0,0,1,1,0,1,0,0
USDCHF,2011-11-29,LONG,5,loss,-1.00,0.92023,0.91753,0.92911,3.29,0,0,0,0,1,1,0,0,0,0,1,1,0,1,0,0
AUDUSD,2011-11-30,SHORT,2,loss,-1.00,1.00461,1.01068,0.98402,3.39,0,0,0,0,1,0,0,0,0,0,1,0,0,0,0,0
AUDUSD,2011-11-30,SHORT,2,loss,-1.00,1.02718,1.03480,0.99581,4.12,0,0,0,0,1,0,0,0,0,0,1,0,0,0,0,0
AUDUSD,2011-11-30,SHORT,2,loss,-1.00,1.02616,1.03480,0.99581,3.51,0,0,0,0,1,0,0,0,0,0,1,0,0,0,0,0
NZDUSD,2011-12-01,SHORT,3,loss,-1.00,0.77822,0.78221,0.75838,4.97,0,0,0,0,1,0,1,0,0,0,1,0,0,0,0,0
AUDUSD,2011-12-01,SHORT,3,loss,-1.00,1.02264,1.02991,0.99581,3.69,0,1,0,0,1,0,0,0,0,0,1,0,0,0,0,0
USDCHF,2011-12-01,LONG,3,win,3.75,0.91011,0.90654,0.92350,3.75,0,0,0,0,1,0,0,1,0,0,1,0,0,0,0,0
EURUSD,2011-12-01,SHORT,5,loss,-1.00,1.34813,1.35300,1.32698,4.34,0,0,0,0,1,1,0,0,0,0,1,1,0,0,1,0
EURUSD,2011-12-01,SHORT,5,loss,-1.00,1.34711,1.35300,1.32698,3.42,0,0,0,0,1,1,0,0,0,0,1,1,1,0,0,0
NZDUSD,2011-12-01,SHORT,3,loss,-1.00,0.77604,0.78221,0.75838,2.86,0,0,0,0,1,0,1,0,0,0,1,0,0,0,0,0
AUDUSD,2011-12-01,SHORT,4,loss,-1.00,1.02216,1.02991,0.99581,3.40,0,1,0,0,1,0,0,0,0,0,1,0,1,0,0,0
USDCAD,2011-12-01,LONG,3,loss,-1.00,1.01729,1.01231,1.03510,3.58,0,0,0,0,1,0,1,0,0,0,1,0,0,0,0,0
EURUSD,2011-12-01,SHORT,4,loss,-1.00,1.34570,1.35300,1.32698,2.56,0,0,0,0,1,1,0,0,0,0,1,1,0,0,0,0
AUDUSD,2011-12-01,SHORT,2,loss,-1.00,1.02385,1.02991,0.99581,4.63,0,0,0,0,1,0,0,0,0,0,1,0,0,0,0,0
USDCAD,2011-12-01,LONG,2,loss,-1.00,1.01456,1.00766,1.03510,2.98,0,0,0,0,1,0,0,0,0,0,1,0,0,0,0,0
EURUSD,2011-12-02,SHORT,5,loss,-1.00,1.34989,1.35300,1.32698,7.37,0,0,0,0,1,1,0,0,0,0,1,1,0,0,1,0
USDCAD,2011-12-02,LONG,3,loss,-1.00,1.00918,1.00541,1.03510,6.88,0,0,0,0,1,1,0,0,0,0,1,0,0,0,0,0
USDCAD,2011-12-02,LONG,3,loss,-1.00,1.01538,1.01231,1.03510,6.42,0,0,0,0,1,1,0,0,0,0,1,0,0,0,0,0
USDCAD,2011-12-02,LONG,4,loss,-1.00,1.01782,1.01231,1.03510,3.14,0,0,0,0,1,1,1,0,0,0,1,0,0,0,0,0
AUDUSD,2011-12-05,SHORT,6,win,2.95,1.02902,1.03144,1.02188,2.95,0,0,1,0,1,1,0,1,0,0,1,0,0,1,0,0
USDCAD,2011-12-05,LONG,5,loss,-1.00,1.01303,1.00791,1.03510,4.31,0,0,1,0,1,1,0,0,0,0,1,0,0,1,0,0
GBPUSD,2011-12-07,SHORT,6,loss,-1.00,1.56951,1.57253,1.56044,3.00,1,0,0,0,1,0,1,0,1,0,1,1,0,0,0,0
GBPUSD,2011-12-08,SHORT,6,loss,-1.00,1.57014,1.57253,1.56044,4.06,1,0,0,0,1,0,1,0,1,0,1,1,0,0,0,0
USDCAD,2011-12-09,SHORT,5,loss,-1.00,1.01827,1.02069,1.00852,4.03,1,0,0,0,0,0,1,0,0,0,1,1,0,0,0,1
AUDUSD,2011-12-13,LONG,3,loss,-1.00,1.00819,1.00479,1.01731,2.68,1,0,0,0,0,0,0,0,0,0,1,1,0,0,0,0
USDJPY,2011-12-13,SHORT,4,loss,-1.00,77.98000,78.10500,77.61200,2.94,1,0,0,0,1,0,0,0,0,0,0,1,0,0,1,0
USDJPY,2011-12-14,SHORT,4,loss,-1.00,78.02100,78.10500,77.77500,2.93,1,0,0,0,1,0,0,0,0,0,0,1,0,0,1,0
USDJPY,2011-12-14,SHORT,4,win,3.68,78.07300,78.15400,77.77500,3.68,1,0,0,0,1,0,0,0,0,0,0,1,0,0,1,0
NZDUSD,2011-12-16,SHORT,4,loss,-1.00,0.76395,0.76743,0.75297,3.16,0,0,0,0,1,1,0,0,0,0,1,1,0,0,0,0
GBPUSD,2011-12-19,SHORT,5,loss,-1.00,1.55316,1.55571,1.54109,4.73,1,0,0,0,1,1,0,0,0,0,1,1,0,0,0,0
GBPUSD,2011-12-19,SHORT,6,loss,-1.00,1.55180,1.55571,1.54109,2.74,1,0,0,0,1,1,0,0,0,0,1,1,0,0,1,0
NZDUSD,2011-12-20,SHORT,3,loss,-1.00,0.76255,0.76450,0.75297,4.91,0,0,0,0,1,0,0,0,0,0,1,1,0,0,0,0
USDJPY,2011-12-21,SHORT,5,loss,-1.00,78.07600,78.16200,77.75700,3.71,1,0,1,0,1,0,0,0,0,0,0,1,0,0,1,0
USDJPY,2011-12-22,SHORT,5,loss,-1.00,78.09000,78.16200,77.83400,3.56,1,0,1,0,1,0,0,0,0,0,0,1,0,0,1,0
USDJPY,2011-12-22,SHORT,6,loss,-1.00,78.08000,78.16200,77.83400,3.00,1,0,1,0,1,0,0,0,0,0,0,1,1,0,1,0
USDJPY,2011-12-22,SHORT,5,win,2.83,78.16500,78.28200,77.83400,2.83,1,0,1,0,1,0,0,0,0,0,0,1,0,0,1,0
GBPUSD,2011-12-23,SHORT,6,win,2.68,1.56778,1.57280,1.55433,2.68,1,0,0,0,1,0,1,0,0,0,1,1,0,0,0,1
USDJPY,2011-12-23,SHORT,6,win,3.90,78.09500,78.16200,77.83400,3.90,1,0,1,0,1,0,0,1,0,0,0,1,0,0,1,0
NZDUSD,2011-12-26,SHORT,7,loss,-1.00,0.77353,0.77566,0.76785,2.67,0,0,0,0,1,0,1,1,0,0,1,1,0,1,0,1
USDCAD,2011-12-26,LONG,5,loss,-1.00,1.01826,1.01653,1.02691,5.00,0,0,0,0,1,1,0,0,0,0,1,1,0,1,0,0
NZDUSD,2011-12-26,SHORT,6,loss,-1.00,0.77400,0.77566,0.76785,3.70,0,0,0,0,1,0,1,1,0,0,1,1,0,1,0,0
USDCAD,2011-12-26,LONG,6,loss,-1.00,1.01864,1.01653,1.02691,3.92,0,0,0,0,1,1,1,0,0,0,1,1,0,1,0,0
USDCAD,2011-12-26,LONG,6,loss,-1.00,1.02023,1.01807,1.02691,3.09,0,0,0,0,1,1,1,0,0,0,1,1,0,1,0,0
NZDUSD,2011-12-26,SHORT,6,loss,-1.00,0.77389,0.77566,0.76785,3.41,0,0,0,0,1,0,1,1,0,0,1,1,0,1,0,0
USDCAD,2011-12-27,LONG,5,loss,-1.00,1.01905,1.01758,1.02691,5.35,0,0,0,0,1,1,1,0,0,0,1,1,0,0,0,0
NZDUSD,2011-12-27,SHORT,6,loss,-1.00,0.77410,0.77566,0.76785,4.01,0,0,0,0,1,1,1,0,1,0,1,1,0,0,0,0
USDCAD,2011-12-29,SHORT,6,win,2.84,1.02132,1.02320,1.01598,2.84,1,0,1,0,0,0,1,0,0,0,1,1,1,0,0,0
USDCHF,2011-12-30,LONG,4,loss,-1.00,0.93500,0.93200,0.94351,2.84,0,0,0,0,1,0,0,0,1,0,1,1,0,0,0,0
USDCHF,2012-01-03,LONG,4,loss,-1.00,0.93313,0.93062,0.94006,2.76,0,0,0,0,1,0,0,0,0,0,1,1,0,1,0,0
EURUSD,2012-01-03,SHORT,4,win,3.23,1.30454,1.30792,1.29363,3.23,0,0,0,0,1,1,0,0,0,0,1,1,0,0,0,0
EURUSD,2012-01-03,SHORT,4,win,3.08,1.30530,1.30792,1.29723,3.08,0,0,0,0,1,1,0,0,0,0,1,1,0,0,0,0
EURUSD,2012-01-03,SHORT,4,win,3.63,1.30561,1.30792,1.29723,3.63,0,0,0,0,1,1,0,0,0,0,1,1,0,0,0,0
GBPUSD,2012-01-03,SHORT,7,win,3.18,1.56496,1.56915,1.55163,3.18,1,0,0,0,1,1,1,0,0,1,1,1,0,0,0,0
USDCAD,2012-01-05,SHORT,4,loss,-1.00,1.01850,1.02102,1.00901,3.77,1,0,0,0,0,0,1,0,0,0,1,1,0,0,0,0
USDCAD,2012-01-06,SHORT,5,loss,-1.00,1.02402,1.02682,1.01227,4.20,1,0,0,0,0,1,1,0,0,0,1,1,0,0,0,0
USDCHF,2012-01-12,LONG,6,loss,-1.00,0.94873,0.94647,0.95510,2.82,0,0,0,0,1,0,0,0,1,0,1,1,0,1,1,0
AUDUSD,2012-01-13,LONG,5,loss,-1.00,1.02856,1.02622,1.03628,3.30,1,0,0,0,0,0,0,1,1,0,1,1,0,0,0,0
USDJPY,2012-01-13,SHORT,8,loss,-1.00,76.95300,77.04100,76.68700,3.02,1,0,0,0,1,1,1,0,1,0,1,1,0,0,1,0
USDCHF,2012-01-18,LONG,3,loss,-1.00,0.94311,0.94065,0.95033,2.93,0,0,0,0,1,0,0,0,0,0,1,1,0,0,0,0
USDCHF,2012-01-18,LONG,4,loss,-1.00,0.94338,0.94065,0.95033,2.55,0,0,0,0,1,0,0,0,0,0,1,1,1,0,0,0
EURUSD,2012-01-18,SHORT,4,loss,-1.00,1.28361,1.28778,1.27222,2.73,1,0,0,0,1,0,0,0,0,0,1,1,0,0,0,0
GBPUSD,2012-01-19,SHORT,6,loss,-1.00,1.54704,1.55002,1.53204,5.03,1,0,0,0,1,1,1,0,0,0,1,1,0,0,0,0
EURUSD,2012-01-23,SHORT,5,loss,-1.00,1.30468,1.30758,1.28913,5.36,1,0,0,0,1,1,1,0,0,0,1,0,0,0,0,0
USDCHF,2012-01-23,LONG,2,loss,-1.00,0.92593,0.92422,0.93678,6.35,0,0,0,0,1,0,0,0,0,0,1,0,0,0,0,0
USDCHF,2012-01-23,LONG,2,loss,-1.00,0.92765,0.92422,0.93646,2.57,0,0,0,0,1,0,0,0,0,0,1,0,0,0,0,0
USDJPY,2012-01-25,SHORT,5,win,3.50,78.14900,78.28200,77.68300,3.50,1,0,1,0,1,0,0,0,0,0,1,0,0,0,1,0
EURUSD,2012-01-25,SHORT,4,loss,-1.00,1.30844,1.31189,1.29803,3.02,1,0,0,0,1,0,1,0,0,0,1,0,0,0,0,0
GBPUSD,2012-01-25,SHORT,4,loss,-1.00,1.56452,1.56694,1.55607,3.49,1,0,0,0,1,1,0,0,0,0,1,0,0,0,0,0
EURUSD,2012-01-26,SHORT,4,loss,-1.00,1.31485,1.31893,1.29803,4.12,1,0,0,0,1,0,0,1,0,0,1,0,0,0,0,0
GBPUSD,2012-01-26,SHORT,2,loss,-1.00,1.56965,1.57280,1.55727,3.93,1,0,0,0,1,0,0,0,0,0,0,0,0,0,0,0
GBPUSD,2012-01-26,SHORT,3,loss,-1.00,1.56952,1.57280,1.55727,3.73,1,0,0,0,1,0,0,0,0,0,0,0,1,0,0,0
EURUSD,2012-01-27,SHORT,3,loss,-1.00,1.31367,1.31795,1.29803,3.65,1,0,0,0,1,0,0,0,0,0,1,0,0,0,0,0
GBPUSD,2012-01-27,SHORT,2,loss,-1.00,1.57046,1.57280,1.55727,5.64,1,0,0,0,1,0,0,0,0,0,0,0,0,0,0,0
GBPUSD,2012-01-27,SHORT,2,loss,-1.00,1.57221,1.57737,1.55727,2.90,1,0,0,0,1,0,0,0,0,0,0,0,0,0,0,0
GBPUSD,2012-02-01,SHORT,3,win,4.20,1.58577,1.58876,1.57321,4.20,1,1,0,0,1,0,0,0,0,0,0,0,0,0,0,0
EURUSD,2012-02-01,SHORT,4,win,4.62,1.31982,1.32304,1.30493,4.62,1,0,0,0,1,1,0,0,0,0,0,0,0,1,0,0
EURUSD,2012-02-02,SHORT,5,win,2.60,1.31707,1.32174,1.30493,2.60,1,0,0,0,1,1,0,0,1,0,0,1,0,0,0,0
EURUSD,2012-02-09,SHORT,3,loss,-1.00,1.32531,1.32859,1.31182,4.11,1,0,0,0,1,0,0,0,0,0,0,1,0,0,0,0
USDJPY,2012-02-13,SHORT,5,loss,-1.00,77.68000,77.80500,77.12600,4.43,1,0,0,0,1,0,0,0,0,0,0,1,1,0,1,0
USDJPY,2012-02-13,SHORT,4,loss,-1.00,77.61800,77.80500,77.12600,2.63,1,0,0,0,1,0,0,0,0,0,0,1,0,0,1,0
USDCHF,2012-02-15,SHORT,6,loss,-1.00,0.92351,0.92625,0.91532,2.99,1,0,0,0,0,1,1,0,1,0,1,1,0,0,0,0
USDCHF,2012-02-15,SHORT,6,loss,-1.00,0.92383,0.92625,0.91731,2.69,1,0,0,0,0,1,1,0,1,0,1,1,0,0,0,0
USDCAD,2012-02-16,SHORT,6,win,3.68,1.00311,1.00531,0.99502,3.68,1,1,0,0,0,1,1,0,0,0,1,1,0,0,0,0
GBPUSD,2012-02-16,SHORT,5,loss,-1.00,1.58009,1.58268,1.56798,4.68,1,1,0,0,1,0,0,0,1,0,0,1,0,0,0,0
GBPUSD,2012-02-17,SHORT,5,win,2.67,1.58290,1.58849,1.56798,2.67,1,1,0,0,1,0,0,0,1,0,0,1,0,0,0,0
USDJPY,2012-02-17,SHORT,4,loss,-1.00,79.35900,79.52600,78.83200,3.16,1,1,0,0,1,0,0,0,0,0,0,0,0,0,1,0
GBPUSD,2012-02-17,SHORT,5,win,3.70,1.58413,1.58849,1.56798,3.70,1,1,0,0,1,0,0,0,1,0,0,1,0,0,0,0
GBPUSD,2012-02-20,SHORT,4,win,3.67,1.58410,1.58849,1.56798,3.67,1,1,0,0,1,0,0,0,0,0,0,1,0,0,0,0
NZDUSD,2012-02-21,LONG,5,loss,-1.00,0.83431,0.83163,0.84148,2.68,1,0,0,0,1,1,0,0,0,0,1,1,0,0,0,0
AUDUSD,2012-02-21,LONG,6,loss,-1.00,1.06662,1.06289,1.07634,2.61,1,0,0,0,1,1,0,0,1,0,1,1,0,0,0,0
EURUSD,2012-02-24,SHORT,2,loss,-1.00,1.34631,1.34856,1.33682,4.22,1,0,0,0,1,0,0,0,0,0,0,0,0,0,0,0
GBPUSD,2012-02-24,SHORT,5,loss,-1.00,1.58560,1.58798,1.57289,5.34,1,1,0,0,1,1,0,0,0,0,0,1,0,0,0,0
GBPUSD,2012-02-24,SHORT,5,loss,-1.00,1.58854,1.59281,1.57289,3.67,1,1,0,0,1,1,0,0,0,0,0,1,0,0,0,0
EURUSD,2012-02-24,SHORT,3,win,3.05,1.34581,1.34856,1.33743,3.05,1,0,0,0,1,0,0,0,0,0,0,0,1,0,0,0
USDCAD,2012-02-27,SHORT,8,win,2.95,1.00345,1.00509,0.99861,2.95,1,1,0,0,1,1,1,0,1,0,1,1,0,0,0,0
AUDUSD,2012-03-02,LONG,5,loss,-1.00,1.07386,1.07153,1.08095,3.04,1,0,0,0,1,0,0,0,1,0,1,1,0,0,0,0
NZDUSD,2012-03-02,LONG,5,loss,-1.00,0.82922,0.82632,0.83857,3.22,1,0,0,0,1,1,0,0,0,0,1,0,0,1,0,0
AUDUSD,2012-03-05,LONG,5,loss,-1.00,1.06745,1.06499,1.08095,5.49,1,0,0,0,1,1,0,0,0,0,1,1,0,0,0,0
AUDUSD,2012-03-06,LONG,4,loss,-1.00,1.05928,1.05690,1.06740,3.41,1,0,0,0,1,0,1,0,0,0,1,0,0,0,0,0
AUDUSD,2012-03-06,LONG,4,loss,-1.00,1.05529,1.05260,1.06740,4.50,1,0,0,0,1,0,1,0,0,0,1,0,0,0,0,0
USDCAD,2012-03-06,SHORT,7,win,2.62,1.00236,1.00492,0.99566,2.62,1,1,0,0,1,1,1,0,1,0,1,0,0,0,0,0
USDCHF,2012-03-12,SHORT,6,loss,-1.00,0.91773,0.92014,0.91149,2.59,1,0,1,0,0,1,1,0,0,0,1,1,0,0,0,0
USDCHF,2012-03-13,SHORT,6,loss,-1.00,0.92000,0.92183,0.91149,4.65,1,0,1,0,0,0,1,0,0,0,1,1,0,1,0,0
USDCHF,2012-03-13,SHORT,6,loss,-1.00,0.91979,0.92183,0.91436,2.66,1,0,1,0,0,0,1,0,0,0,1,1,1,0,0,0
NZDUSD,2012-03-14,LONG,3,loss,-1.00,0.81298,0.80999,0.82163,2.89,1,0,0,0,1,0,0,0,1,0,0,0,0,0,0,0
AUDUSD,2012-03-14,LONG,2,loss,-1.00,1.04758,1.04442,1.05603,2.67,1,0,0,0,1,0,0,0,0,0,0,0,0,0,0,0
AUDUSD,2012-03-14,LONG,3,loss,-1.00,1.04503,1.04281,1.05182,3.06,1,0,0,0,1,0,0,0,0,0,0,0,1,0,0,0
USDCHF,2012-03-16,LONG,4,loss,-1.00,0.91604,0.91398,0.93159,7.55,0,0,0,0,1,0,1,0,0,0,1,1,0,0,0,0
GBPUSD,2012-03-16,SHORT,6,loss,-1.00,1.58440,1.58815,1.56682,4.69,1,1,0,0,1,1,0,0,0,0,1,1,0,0,0,0
USDCHF,2012-03-16,LONG,5,loss,-1.00,0.91634,0.91398,0.92329,2.94,0,0,0,0,1,0,1,0,0,0,1,1,1,0,0,0
EURUSD,2012-03-16,SHORT,7,loss,-1.00,1.31648,1.31902,1.30739,3.58,1,0,0,0,1,1,1,0,0,0,1,1,1,0,0,0
EURUSD,2012-03-19,SHORT,6,loss,-1.00,1.31581,1.31869,1.30739,2.92,1,0,0,0,1,0,1,0,0,0,1,1,1,0,0,0
USDCHF,2012-03-19,LONG,3,loss,-1.00,0.91091,0.90709,0.92329,3.24,0,1,0,0,1,0,0,0,0,0,1,0,0,0,0,0
EURUSD,2012-03-19,SHORT,5,loss,-1.00,1.32412,1.32910,1.30739,3.36,1,0,0,0,1,0,1,0,0,0,1,1,0,0,0,0
GBPUSD,2012-03-20,SHORT,5,loss,-1.00,1.58384,1.58607,1.57225,5.20,1,1,0,0,1,1,0,0,0,0,0,1,0,0,0,0
USDCAD,2012-03-20,SHORT,5,win,3.53,0.99327,0.99486,0.98766,3.53,1,0,0,0,1,0,1,0,0,0,1,1,0,0,0,0
USDCAD,2012-03-20,SHORT,5,win,3.34,0.99177,0.99300,0.98766,3.34,1,0,0,0,1,0,0,0,0,0,1,1,0,0,0,1
AUDUSD,2012-03-21,LONG,3,loss,-1.00,1.04385,1.03830,1.05787,2.53,1,0,0,0,1,0,0,0,1,0,0,0,0,0,0,0
USDCHF,2012-03-22,SHORT,6,win,3.31,0.91599,0.91776,0.91014,3.31,1,0,0,0,0,0,1,0,1,1,1,1,0,0,0,0
NZDUSD,2012-03-22,LONG,4,win,3.08,0.80795,0.80409,0.81985,3.08,1,0,0,0,1,1,0,0,1,0,0,0,0,0,0,0
USDCAD,2012-03-22,SHORT,7,loss,-1.00,1.00016,1.00279,0.99300,2.72,1,1,0,0,1,1,1,0,0,0,1,0,0,0,1,0
NZDUSD,2012-03-22,LONG,5,win,3.05,0.80798,0.80409,0.81985,3.05,1,0,0,0,1,1,0,0,1,0,0,0,1,0,0,0
NZDUSD,2012-03-22,LONG,5,win,5.44,0.80821,0.80607,0.81985,5.44,1,0,0,0,1,1,0,0,1,0,0,0,1,0,0,0
USDCAD,2012-03-23,SHORT,5,win,4.87,1.00291,1.00492,0.99313,4.87,1,1,0,0,1,1,0,0,0,0,1,0,0,0,0,0
EURUSD,2012-03-23,SHORT,5,loss,-1.00,1.32625,1.32910,1.31594,3.62,1,0,0,0,1,1,0,0,0,0,0,1,0,1,0,0
GBPUSD,2012-03-26,SHORT,3,loss,-1.00,1.59698,1.59916,1.58433,5.80,1,0,0,0,1,0,0,0,0,0,0,0,0,1,0,0
GBPUSD,2012-03-27,SHORT,4,win,4.46,1.59703,1.59916,1.58753,4.46,1,0,0,0,1,0,0,1,0,0,0,1,0,0,0,0
USDCAD,2012-03-28,SHORT,7,loss,-1.00,0.99825,0.99988,0.99285,3.31,1,1,0,0,1,0,1,0,0,0,1,1,0,0,1,0
USDCAD,2012-03-28,SHORT,7,loss,-1.00,0.99798,0.99988,0.99285,2.70,1,1,0,0,1,0,1,0,0,0,1,1,1,0,0,0
USDJPY,2012-04-02,LONG,6,loss,-1.00,82.16000,81.83000,83.12700,2.93,0,0,0,1,1,1,0,0,0,0,1,1,0,0,1,0
USDJPY,2012-04-02,LONG,6,loss,-1.00,82.06100,81.83000,83.12700,4.61,0,0,0,1,1,1,0,0,0,0,1,1,0,0,1,0
AUDUSD,2012-04-03,LONG,4,loss,-1.00,1.03703,1.03448,1.04388,2.69,1,1,0,0,1,0,0,0,0,0,0,1,0,0,0,0
USDJPY,2012-04-03,LONG,6,loss,-1.00,82.17600,81.83000,83.12700,2.75,0,0,0,1,1,1,0,0,0,0,1,1,0,0,1,0
AUDUSD,2012-04-03,LONG,3,loss,-1.00,1.03292,1.03043,1.04388,4.40,1,1,0,0,1,0,0,0,0,0,0,0,0,0,0,0
GBPUSD,2012-04-04,LONG,7,loss,-1.00,1.58668,1.58420,1.59643,3.93,0,1,0,0,1,1,1,1,0,0,1,1,0,0,0,0
NZDUSD,2012-04-04,LONG,4,win,2.64,0.81481,0.81158,0.82334,2.64,1,0,0,0,1,0,0,1,0,0,0,1,0,0,0,0
USDCHF,2012-04-04,SHORT,4,loss,-1.00,0.91533,0.91782,0.90243,5.18,1,0,0,0,0,1,1,0,0,0,1,0,0,0,0,0
GBPUSD,2012-04-04,LONG,8,loss,-1.00,1.58765,1.58420,1.59643,2.54,0,1,0,0,1,1,1,1,0,0,1,1,1,0,0,0
NZDUSD,2012-04-04,LONG,4,win,4.68,0.81365,0.81158,0.82334,4.68,1,0,0,0,1,0,0,1,0,0,0,1,0,0,0,0
NZDUSD,2012-04-04,LONG,4,win,3.45,0.81422,0.81158,0.82334,3.45,1,0,0,0,1,0,0,1,0,0,0,1,0,0,0,0
USDCAD,2012-04-05,SHORT,9,win,4.86,0.99775,0.99900,0.99168,4.86,1,1,1,0,1,1,1,0,0,1,1,1,0,0,0,0
AUDUSD,2012-04-10,LONG,3,loss,-1.00,1.02603,1.02433,1.03172,3.35,1,0,0,0,1,0,0,0,0,0,0,1,0,0,0,0
USDCAD,2012-04-10,SHORT,5,loss,-1.00,1.00276,1.00492,0.99637,2.96,1,1,0,0,1,0,0,0,0,1,0,1,0,0,0,0
GBPUSD,2012-04-10,LONG,6,win,3.16,1.58345,1.58050,1.59278,3.16,0,1,0,0,1,1,1,0,0,0,1,1,0,0,0,0
USDCAD,2012-04-10,SHORT,4,win,5.40,1.00416,1.00531,0.99795,5.40,1,1,0,0,1,0,0,0,0,1,0,0,0,0,0,0
NZDUSD,2012-04-10,LONG,4,win,2.58,0.81422,0.81242,0.81886,2.58,1,0,0,0,1,1,0,0,0,0,0,1,0,0,0,0
GBPUSD,2012-04-13,LONG,7,win,2.79,1.58439,1.58084,1.59431,2.79,0,1,0,0,1,1,1,0,1,0,1,1,0,0,0,0
GBPUSD,2012-04-16,LONG,8,win,5.80,1.58282,1.58084,1.59431,5.80,0,1,0,0,1,1,1,0,1,0,1,1,1,0,0,0
NZDUSD,2012-04-18,LONG,7,loss,-1.00,0.81703,0.81497,0.82358,3.18,1,0,0,0,1,1,1,0,1,0,1,1,0,0,0,0
NZDUSD,2012-04-18,LONG,5,loss,-1.00,0.81468,0.81200,0.82196,2.72,1,0,0,0,1,1,0,0,1,0,0,1,0,0,0,0
USDJPY,2012-04-19,SHORT,4,win,5.57,81.71400,81.86200,80.88900,5.57,1,0,0,0,0,1,0,0,0,0,1,1,0,0,0,0
EURUSD,2012-04-19,SHORT,6,loss,-1.00,1.31317,1.31692,1.30190,3.01,1,0,0,0,1,0,1,0,1,0,1,1,0,0,0,0
USDCHF,2012-04-19,LONG,7,loss,-1.00,0.91543,0.91246,0.92345,2.70,0,1,0,0,1,1,1,0,1,0,1,1,0,0,0,0
USDCHF,2012-04-19,LONG,7,loss,-1.00,0.91515,0.91246,0.92345,3.09,0,1,0,0,1,1,1,0,1,0,1,1,0,0,0,0
EURUSD,2012-04-19,SHORT,6,loss,-1.00,1.31347,1.31692,1.30190,3.35,1,0,0,0,1,0,1,0,1,0,1,1,0,0,0,0
USDCHF,2012-04-24,LONG,5,loss,-1.00,0.90988,0.90823,0.91454,2.82,0,1,0,0,1,0,1,0,0,0,1,1,0,0,0,0
EURUSD,2012-04-24,SHORT,5,loss,-1.00,1.32060,1.32263,1.31417,3.17,1,0,0,0,1,0,1,0,0,0,1,1,0,0,0,0
EURUSD,2012-04-25,SHORT,6,loss,-1.00,1.32032,1.32263,1.31417,2.66,1,0,0,0,1,0,1,0,0,0,1,1,1,0,0,0
EURUSD,2012-04-25,SHORT,5,loss,-1.00,1.32087,1.32263,1.31288,4.54,1,0,0,0,1,0,1,0,0,0,1,1,0,0,0,0
AUDUSD,2012-05-02,LONG,7,loss,-1.00,1.03259,1.03046,1.04226,4.54,1,1,0,0,1,0,0,0,1,1,0,1,0,1,0,0
USDCAD,2012-05-02,SHORT,5,loss,-1.00,0.98762,0.98973,0.98125,3.02,1,0,0,0,1,0,0,0,0,1,1,1,0,0,0,0
GBPUSD,2012-05-02,LONG,4,loss,-1.00,1.61700,1.61527,1.62830,6.53,0,0,0,0,1,1,0,0,0,0,1,1,0,0,0,0
NZDUSD,2012-05-02,LONG,6,loss,-1.00,0.81240,0.81056,0.81820,3.15,1,0,0,0,1,0,0,0,1,1,0,1,0,1,0,0
USDCHF,2012-05-02,SHORT,6,loss,-1.00,0.91481,0.91719,0.90760,3.03,1,1,0,0,0,1,1,0,0,0,1,1,0,0,0,0
AUDUSD,2012-05-02,LONG,7,loss,-1.00,1.03304,1.03046,1.04226,3.57,1,1,0,0,1,0,0,0,1,1,0,1,0,1,0,0
USDCHF,2012-05-03,SHORT,7,loss,-1.00,0.91506,0.91719,0.90824,3.20,1,1,0,0,0,1,1,1,0,0,1,1,0,0,0,0
GBPUSD,2012-05-03,LONG,4,loss,-1.00,1.61750,1.61527,1.62830,4.84,0,0,0,0,1,1,0,0,0,0,1,1,0,0,0,0
AUDUSD,2012-05-03,LONG,7,loss,-1.00,1.02876,1.02467,1.04226,3.30,1,1,0,0,1,1,0,0,1,1,0,1,0,0,0,0
USDJPY,2012-05-03,SHORT,6,win,3.12,80.39600,80.61000,79.72800,3.12,1,0,0,0,0,1,0,1,0,0,1,1,0,0,1,0
NZDUSD,2012-05-03,LONG,5,loss,-1.00,0.80263,0.79953,0.81063,2.58,1,1,0,0,1,0,0,0,1,1,0,0,0,0,0,0
AUDUSD,2012-05-03,LONG,5,loss,-1.00,1.02586,1.02257,1.04226,4.98,1,0,0,0,1,1,0,0,1,1,0,0,0,0,0,0
GBPUSD,2012-05-03,LONG,6,loss,-1.00,1.61830,1.61527,1.62830,3.30,0,0,0,0,1,1,0,0,0,0,1,1,1,0,0,1
USDJPY,2012-05-03,SHORT,7,win,2.53,80.36000,80.61000,79.72800,2.53,1,0,0,0,0,1,0,1,0,0,1,1,1,0,1,0
GBPUSD,2012-05-03,LONG,4,loss,-1.00,1.61804,1.61527,1.62830,3.70,0,0,0,0,1,1,0,0,0,0,1,1,0,0,0,0
USDCAD,2012-05-03,SHORT,5,loss,-1.00,0.98874,0.99024,0.98331,3.62,1,0,0,0,1,0,1,0,0,0,1,1,0,0,0,0
AUDUSD,2012-05-04,LONG,3,loss,-1.00,1.02421,1.02257,1.02973,3.37,1,0,0,0,1,0,0,0,0,1,0,0,0,0,0,0
USDCAD,2012-05-04,SHORT,5,loss,-1.00,0.99545,0.99784,0.98333,5.07,1,0,0,0,1,1,1,0,0,0,1,0,0,0,0,0
USDCAD,2012-05-04,SHORT,7,loss,-1.00,0.99538,0.99784,0.98821,2.91,1,0,0,0,1,1,1,0,0,0,1,1,1,0,0,0
USDJPY,2012-05-10,SHORT,6,loss,-1.00,79.91600,80.07600,79.50700,2.56,1,1,0,0,0,1,0,0,0,0,1,1,0,0,1,0
USDJPY,2012-05-10,SHORT,6,loss,-1.00,79.95100,80.07600,79.50700,3.55,1,1,0,0,0,1,0,0,0,0,1,1,0,0,1,0
USDJPY,2012-05-11,SHORT,6,loss,-1.00,79.94400,80.07600,79.50700,3.31,1,1,0,0,0,1,0,0,0,0,1,1,0,0,1,0
USDJPY,2012-05-15,SHORT,5,loss,-1.00,80.08800,80.18200,79.81200,2.94,1,1,0,0,0,0,0,0,0,0,1,1,0,0,1,0
USDJPY,2012-05-16,SHORT,5,loss,-1.00,80.44100,80.54900,79.91900,4.83,1,0,0,0,0,0,1,0,0,0,1,1,0,0,1,0
GBPUSD,2012-05-16,LONG,3,loss,-1.00,1.59317,1.58945,1.60487,3.15,0,1,0,0,1,0,0,0,0,0,1,0,0,0,0,0
USDCAD,2012-05-16,SHORT,2,loss,-1.00,1.01266,1.01476,1.00701,2.69,1,0,0,0,1,0,0,0,0,0,0,0,0,0,0,0
USDJPY,2012-05-16,SHORT,5,loss,-1.00,80.29600,80.39000,79.91900,4.01,1,1,0,0,0,0,1,0,0,0,1,1,0,0,0,0
GBPUSD,2012-05-17,LONG,3,loss,-1.00,1.58433,1.58187,1.59390,3.89,0,1,0,0,1,0,0,0,0,0,1,0,0,0,0,0
AUDUSD,2012-06-06,SHORT,4,loss,-1.00,0.98613,0.98972,0.97410,3.35,0,0,0,0,1,1,0,0,1,0,1,0,0,0,0,0
AUDUSD,2012-06-06,SHORT,4,loss,-1.00,0.99037,0.99342,0.97410,5.33,0,0,0,0,1,1,0,0,1,0,1,0,0,0,0,0
EURUSD,2012-06-06,SHORT,5,loss,-1.00,1.25763,1.26240,1.24532,2.58,1,0,0,0,1,1,0,0,0,0,1,1,0,0,0,0
EURUSD,2012-06-07,SHORT,5,loss,-1.00,1.25896,1.26240,1.24914,2.86,1,0,0,0,1,1,0,0,0,0,1,1,0,0,0,0
USDCAD,2012-06-07,LONG,6,win,2.87,1.02387,1.02067,1.03306,2.87,0,0,0,0,1,1,0,1,1,0,1,1,0,0,0,0
AUDUSD,2012-06-07,SHORT,6,win,4.45,0.99866,1.00147,0.98615,4.45,0,0,0,0,1,1,1,0,1,0,1,0,0,0,1,0
USDJPY,2012-06-07,SHORT,6,win,2.62,79.67100,79.82000,79.28000,2.62,1,1,0,0,0,1,1,0,0,0,1,0,0,0,1,0
NZDUSD,2012-06-11,SHORT,4,loss,-1.00,0.77297,0.77532,0.76430,3.69,0,0,0,0,1,1,0,0,0,0,1,0,1,0,0,0
GBPUSD,2012-06-13,SHORT,7,loss,-1.00,1.55674,1.56000,1.54678,3.06,1,0,0,0,1,0,0,0,1,0,1,1,1,1,0,0
AUDUSD,2012-06-13,SHORT,5,loss,-1.00,0.99804,1.00068,0.99063,2.81,0,0,0,0,1,1,1,0,0,0,1,0,0,0,1,0
GBPUSD,2012-06-13,SHORT,5,loss,-1.00,1.55548,1.55817,1.54678,3.23,1,0,0,0,1,0,0,0,1,0,1,1,0,0,0,0
AUDUSD,2012-06-14,SHORT,5,loss,-1.00,0.99883,1.00147,0.99063,3.11,0,0,0,0,1,0,1,0,0,0,1,0,0,1,1,0
USDCAD,2012-06-19,LONG,4,loss,-1.00,1.02090,1.01918,1.02643,3.22,0,0,0,0,1,0,1,0,0,0,1,1,0,0,0,0
USDCAD,2012-06-19,LONG,4,win,3.45,1.01770,1.01517,1.02643,3.45,0,0,0,0,1,0,1,0,0,0,1,1,0,0,0,0
USDCAD,2012-06-20,LONG,4,win,4.55,1.01661,1.01517,1.02316,4.55,0,0,0,0,1,0,1,0,0,0,1,1,0,0,0,0
GBPUSD,2012-06-20,SHORT,5,win,3.28,1.57740,1.58477,1.55324,3.28,1,1,0,0,1,0,1,0,0,0,1,0,0,0,0,0
EURUSD,2012-06-20,SHORT,6,win,3.71,1.27150,1.27474,1.25947,3.71,1,0,0,0,1,0,1,1,1,0,1,0,0,0,0,0
USDCHF,2012-06-20,LONG,5,win,4.06,0.94437,0.94214,0.95342,4.06,0,0,0,0,1,0,1,1,1,0,1,0,0,0,0,0
USDJPY,2012-06-20,SHORT,7,loss,-1.00,79.53900,79.74200,78.66500,4.31,1,1,0,0,0,1,1,0,0,0,1,1,0,0,1,0
GBPUSD,2012-06-20,SHORT,5,win,4.49,1.57030,1.57410,1.55324,4.49,1,0,0,0,1,0,1,0,0,0,1,1,0,0,0,0
AUDUSD,2012-06-21,LONG,3,loss,-1.00,1.00939,1.00562,1.01937,2.65,1,0,0,0,0,0,0,0,0,0,1,1,0,0,0,0
USDJPY,2012-06-21,SHORT,2,loss,-1.00,80.29100,80.55100,79.59300,2.68,1,0,0,0,0,0,0,0,0,0,1,0,0,0,0,0
NZDUSD,2012-06-28,LONG,5,loss,-1.00,0.78607,0.78435,0.79532,5.38,1,0,0,0,0,1,1,0,0,0,1,1,0,0,0,0
EURUSD,2012-06-29,SHORT,5,win,2.67,1.26672,1.27408,1.24707,2.67,1,0,0,0,1,1,1,0,0,0,1,0,0,0,0,0
USDCAD,2012-06-29,LONG,6,loss,-1.00,1.01802,1.01592,1.02599,3.80,0,0,0,0,1,0,1,0,1,1,1,1,0,0,0,0
USDCAD,2012-07-06,SHORT,6,loss,-1.00,1.01850,1.02009,1.01438,2.59,1,0,0,0,0,1,1,0,1,0,1,1,0,0,0,0
USDCAD,2012-07-10,SHORT,4,loss,-1.00,1.02021,1.02204,1.01438,3.19,1,0,0,0,0,0,1,0,0,0,1,1,0,0,0,0
AUDUSD,2012-07-10,LONG,5,win,2.76,1.01854,1.01543,1.02713,2.76,1,1,1,0,0,0,0,0,0,0,1,1,0,0,0,0
NZDUSD,2012-07-23,LONG,6,loss,-1.00,0.78894,0.78610,0.79638,2.62,1,0,0,0,0,1,1,0,1,1,1,0,0,0,0,0
NZDUSD,2012-07-24,LONG,4,loss,-1.00,0.78738,0.78395,0.79638,2.62,1,0,0,0,0,0,1,0,0,1,1,0,0,0,0,0
AUDUSD,2012-07-25,LONG,5,win,2.67,1.02737,1.02429,1.03558,2.67,1,1,0,0,0,1,0,0,0,0,1,1,0,0,0,0
NZDUSD,2012-07-25,LONG,3,win,2.53,0.78577,0.78395,0.79037,2.53,1,0,0,0,0,0,0,0,0,1,1,0,0,0,0,0
USDCHF,2012-07-26,LONG,5,loss,-1.00,0.97801,0.97467,0.98987,3.55,0,0,0,0,1,1,0,0,1,0,1,1,0,0,0,0
EURUSD,2012-07-26,SHORT,7,loss,-1.00,1.22790,1.23209,1.21309,3.53,1,0,0,0,1,1,0,0,1,0,1,1,0,1,0,0
GBPUSD,2012-07-26,SHORT,8,loss,-1.00,1.56808,1.57369,1.54733,3.70,1,0,0,0,1,1,1,0,1,1,1,1,0,0,0,0
USDJPY,2012-07-26,SHORT,5,loss,-1.00,78.20100,78.27600,78.01200,2.52,1,0,0,0,1,0,0,0,0,0,1,1,1,0,0,0
GBPUSD,2012-07-26,SHORT,8,loss,-1.00,1.56896,1.57369,1.54733,4.57,1,0,0,0,1,1,1,0,1,1,1,1,0,0,0,0
EURUSD,2012-07-26,SHORT,7,loss,-1.00,1.22866,1.23209,1.21309,4.54,1,0,0,0,1,1,0,0,1,0,1,1,0,1,0,0
USDCHF,2012-07-26,LONG,5,loss,-1.00,0.97733,0.97467,0.98987,4.71,0,0,0,0,1,1,0,0,1,0,1,1,0,0,0,0
EURUSD,2012-07-27,SHORT,6,loss,-1.00,1.22995,1.23284,1.21309,5.83,1,0,0,0,1,1,0,0,1,0,1,1,0,0,0,0
GBPUSD,2012-07-27,SHORT,7,loss,-1.00,1.57084,1.57369,1.54733,8.25,1,1,0,0,1,0,0,0,1,1,1,1,0,0,0,0
USDCHF,2012-07-27,LONG,5,loss,-1.00,0.97637,0.97410,0.98987,5.95,0,0,0,0,1,1,0,0,1,0,1,1,0,0,0,0
GBPUSD,2012-07-27,SHORT,6,timeout,2.82,1.57256,1.57770,1.54733,4.91,1,1,0,0,1,0,0,0,1,1,1,0,0,0,0,0
GBPUSD,2012-07-27,SHORT,7,timeout,2.31,1.57229,1.57770,1.54733,4.61,1,1,0,0,1,0,0,0,1,1,1,0,1,0,0,0
GBPUSD,2012-07-30,SHORT,7,timeout,0.50,1.57038,1.57671,1.54733,3.64,1,1,0,0,1,0,1,0,1,1,0,1,0,0,0,0
GBPUSD,2012-07-30,SHORT,6,timeout,0.42,1.56923,1.57671,1.54733,2.93,1,0,0,0,1,0,1,0,1,1,0,1,0,0,0,0
GBPUSD,2012-07-30,SHORT,7,timeout,0.30,1.57113,1.57671,1.54733,4.27,1,1,0,0,1,0,1,0,1,1,0,1,0,0,0,0
USDJPY,2012-08-03,SHORT,7,win,2.86,78.56600,78.67500,78.25400,2.86,1,0,0,0,1,1,0,0,1,0,1,1,0,0,1,0
GBPUSD,2012-08-03,SHORT,6,loss,-1.00,1.56432,1.56783,1.55256,3.35,1,0,0,0,1,0,1,0,1,0,1,1,0,0,0,0
GBPUSD,2012-08-13,SHORT,5,loss,-1.00,1.56945,1.57297,1.55816,3.21,1,1,0,0,1,0,1,0,0,0,0,1,0,0,0,0
NZDUSD,2012-08-13,LONG,5,loss,-1.00,0.80813,0.80679,0.81183,2.76,1,0,0,0,1,1,0,0,0,0,1,1,0,0,0,0
GBPUSD,2012-08-16,SHORT,4,loss,-1.00,1.57370,1.57671,1.56453,3.05,1,1,0,0,1,0,0,0,0,0,0,1,0,0,0,0
GBPUSD,2012-08-16,SHORT,5,loss,-1.00,1.57360,1.57671,1.56453,2.92,1,1,0,0,1,0,0,0,0,0,0,1,1,0,0,0
EURUSD,2012-08-16,SHORT,6,loss,-1.00,1.23550,1.23851,1.22661,2.95,1,0,0,0,1,0,1,0,0,0,1,1,1,0,0,0
USDCHF,2012-08-16,LONG,5,loss,-1.00,0.97200,0.96967,0.97906,3.03,0,0,0,0,1,0,1,0,0,0,1,1,1,0,0,0
GBPUSD,2012-08-21,SHORT,4,loss,-1.00,1.57597,1.57770,1.57089,2.94,1,1,0,0,1,0,0,0,0,0,0,1,0,0,0,0
USDCAD,2012-08-22,SHORT,6,loss,-1.00,0.99210,0.99349,0.98590,4.46,1,0,0,0,1,1,0,1,0,0,1,1,0,0,0,0
USDCAD,2012-08-22,SHORT,6,loss,-1.00,0.99275,0.99405,0.98590,5.27,1,0,0,0,1,1,0,1,0,0,1,1,0,0,0,0
USDCAD,2012-08-22,SHORT,7,loss,-1.00,0.99141,0.99349,0.98590,2.65,1,0,0,0,1,1,0,1,0,0,1,1,0,0,0,1
EURUSD,2012-08-23,SHORT,2,loss,-1.00,1.25822,1.26269,1.24526,2.90,1,0,0,0,1,0,0,0,0,0,0,0,0,0,0,0
AUDUSD,2012-08-23,LONG,6,loss,-1.00,1.04380,1.04127,1.05221,3.32,1,0,0,0,1,1,0,0,1,0,1,1,0,0,0,0
USDCAD,2012-08-24,SHORT,5,win,3.91,0.99345,0.99467,0.98868,3.91,1,0,0,0,1,1,0,0,0,0,1,1,0,0,0,0
NZDUSD,2012-08-27,LONG,5,loss,-1.00,0.81017,0.80806,0.81602,2.77,1,0,0,0,1,0,0,0,0,0,1,1,0,1,0,0
NZDUSD,2012-08-27,LONG,5,loss,-1.00,0.80962,0.80806,0.81602,4.10,1,0,0,0,1,0,0,0,0,0,1,1,0,1,0,0
NZDUSD,2012-08-27,LONG,5,loss,-1.00,0.80849,0.80602,0.81602,3.05,1,0,0,0,1,0,0,0,0,0,1,1,0,1,0,0
EURUSD,2012-08-28,SHORT,4,loss,-1.00,1.25635,1.25885,1.24805,3.32,1,0,0,0,1,1,0,0,0,0,0,1,0,0,0,0
EURUSD,2012-08-28,SHORT,4,loss,-1.00,1.25679,1.25885,1.24805,4.24,1,0,0,0,1,1,0,0,0,0,0,1,0,0,0,0
GBPUSD,2012-08-30,SHORT,6,loss,-1.00,1.58414,1.58547,1.57834,4.36,1,1,0,0,1,1,0,0,1,0,0,1,0,0,0,0
EURUSD,2012-08-31,SHORT,5,loss,-1.00,1.25910,1.26269,1.24805,3.08,1,0,0,0,1,1,0,0,1,0,0,1,0,0,0,0
GBPUSD,2012-09-03,SHORT,4,loss,-1.00,1.58770,1.58949,1.57827,5.27,1,0,0,0,1,0,0,0,1,0,0,1,0,0,0,0
GBPUSD,2012-09-03,SHORT,4,loss,-1.00,1.58875,1.59121,1.57827,4.26,1,0,0,0,1,0,0,0,1,0,0,1,0,0,0,0
GBPUSD,2012-09-03,SHORT,4,loss,-1.00,1.58884,1.59121,1.57827,4.46,1,0,0,0,1,0,0,0,1,0,0,1,0,0,0,0
GBPUSD,2012-09-04,SHORT,5,loss,-1.00,1.58814,1.59121,1.57827,3.21,1,0,0,0,1,1,0,0,0,0,0,1,0,0,0,1
GBPUSD,2012-09-04,SHORT,4,loss,-1.00,1.58877,1.59121,1.57827,4.30,1,0,0,0,1,1,0,0,0,0,0,1,0,0,0,0
GBPUSD,2012-09-04,SHORT,5,loss,-1.00,1.58731,1.58949,1.57827,4.15,1,0,0,0,1,1,0,0,0,0,0,1,0,0,0,1
GBPUSD,2012-09-05,SHORT,4,loss,-1.00,1.58927,1.59090,1.57827,6.75,1,0,0,0,1,1,0,0,0,0,0,1,0,0,0,0
USDJPY,2012-09-07,SHORT,8,win,3.58,78.90100,79.03300,78.42800,3.58,1,0,1,0,1,0,1,0,0,0,1,1,1,0,1,0
EURUSD,2012-09-07,SHORT,2,loss,-1.00,1.27949,1.28236,1.26341,5.60,1,0,0,0,1,0,0,0,0,0,0,0,0,0,0,0
EURUSD,2012-09-10,SHORT,2,loss,-1.00,1.27943,1.28171,1.26709,5.41,1,0,0,0,1,0,0,0,0,0,0,0,0,0,0,0
EURUSD,2012-09-11,SHORT,2,loss,-1.00,1.27763,1.28171,1.26709,2.58,1,0,0,0,1,0,0,0,0,0,0,0,0,0,0,0
EURUSD,2012-09-13,SHORT,4,loss,-1.00,1.29067,1.29361,1.27763,4.44,1,1,0,0,1,0,0,0,0,0,0,0,1,0,0,0
EURUSD,2012-09-13,SHORT,3,loss,-1.00,1.29106,1.29361,1.27763,5.27,1,1,0,0,1,0,0,0,0,0,0,0,0,0,0,0
EURUSD,2012-09-13,SHORT,4,loss,-1.00,1.29888,1.30652,1.27763,2.78,1,1,0,0,1,0,0,0,0,0,0,0,0,0,1,0
EURUSD,2012-09-14,SHORT,2,win,3.16,1.31409,1.31780,1.30235,3.16,1,0,0,0,1,0,0,0,0,0,0,0,0,0,0,0
USDJPY,2012-09-18,SHORT,8,loss,-1.00,78.82700,78.92400,78.58000,2.55,1,0,1,0,1,1,1,0,0,0,1,1,0,0,1,0
USDCAD,2012-09-24,SHORT,5,loss,-1.00,0.98039,0.98157,0.97450,4.99,1,0,0,0,1,1,0,0,0,0,1,1,0,0,0,0
AUDUSD,2012-09-25,LONG,6,loss,-1.00,1.03839,1.03671,1.04952,6.63,1,0,0,0,1,0,1,0,0,0,1,1,0,1,0,0
NZDUSD,2012-09-26,LONG,6,win,2.89,0.82057,0.81828,0.82719,2.89,1,0,0,0,1,1,0,0,0,0,1,1,1,0,0,0
AUDUSD,2012-09-26,LONG,6,win,2.53,1.03567,1.03225,1.04432,2.53,1,0,0,0,1,1,1,0,0,0,1,1,0,0,0,0
USDCHF,2012-09-28,SHORT,5,loss,-1.00,0.93999,0.94166,0.93487,3.07,1,1,0,0,0,1,0,0,0,0,1,1,0,0,0,0
USDCHF,2012-09-28,SHORT,5,loss,-1.00,0.94034,0.94166,0.93551,3.66,1,1,0,0,0,1,0,0,0,0,1,1,0,0,0,0
AUDUSD,2012-10-01,LONG,6,loss,-1.00,1.03614,1.03281,1.04537,2.77,1,0,0,0,1,1,1,0,0,0,1,1,0,0,0,0
USDJPY,2012-10-01,SHORT,8,loss,-1.00,77.96700,78.10500,77.57100,2.87,1,0,0,0,1,1,1,0,0,1,1,1,0,0,1,0
USDJPY,2012-10-01,SHORT,8,loss,-1.00,78.00000,78.10500,77.57100,4.09,1,0,0,0,1,1,1,0,0,1,1,1,0,0,1,0
USDJPY,2012-10-01,SHORT,8,loss,-1.00,78.01300,78.10500,77.57100,4.80,1,0,0,0,1,1,1,0,0,1,1,1,0,0,1,0
USDJPY,2012-10-02,SHORT,8,loss,-1.00,78.14600,78.36700,77.57100,2.60,1,0,0,0,1,1,1,0,0,1,1,1,0,0,1,0
USDJPY,2012-10-02,SHORT,9,loss,-1.00,78.00900,78.10500,77.57100,4.56,1,0,0,0,1,1,1,0,0,1,1,1,0,0,1,1
USDCAD,2012-10-02,SHORT,7,loss,-1.00,0.98424,0.98538,0.97900,4.60,1,0,0,0,1,1,1,0,1,0,1,1,0,0,0,0
GBPUSD,2012-10-02,LONG,3,loss,-1.00,1.61366,1.61084,1.62393,3.64,0,0,0,0,1,0,0,0,0,0,1,1,0,0,0,0
USDJPY,2012-10-03,SHORT,6,loss,-1.00,78.26900,78.36700,78.00700,2.67,1,0,0,0,1,0,1,0,0,1,1,1,0,0,0,0
NZDUSD,2012-10-03,LONG,7,loss,-1.00,0.82010,0.81840,0.82519,2.99,1,0,0,0,1,1,1,0,1,0,1,1,0,0,0,0
EURUSD,2012-10-04,SHORT,4,loss,-1.00,1.30188,1.30476,1.29466,2.51,1,0,0,0,1,0,0,0,0,0,0,1,0,0,1,0
AUDUSD,2012-10-08,LONG,2,win,4.06,1.01827,1.01664,1.02489,4.06,1,0,0,0,1,0,0,0,0,0,0,0,0,0,0,0
GBPUSD,2012-10-09,LONG,4,win,4.60,1.59855,1.59583,1.61106,4.60,0,0,0,0,1,0,1,0,0,0,1,0,0,0,1,0
USDCHF,2012-10-09,SHORT,6,win,2.69,0.94135,0.94374,0.93492,2.69,1,1,0,0,0,0,1,0,1,0,1,1,0,0,0,0
USDJPY,2012-10-11,SHORT,10,loss,-1.00,78.34100,78.43300,78.02600,3.42,1,0,0,0,1,1,1,0,1,1,1,1,0,0,1,1
EURUSD,2012-10-15,SHORT,6,loss,-1.00,1.29683,1.29906,1.29044,2.87,1,1,0,0,1,1,0,0,1,0,0,1,0,0,0,0
USDJPY,2012-10-15,SHORT,6,loss,-1.00,78.75300,78.87100,78.45600,2.52,1,0,0,0,1,0,1,0,1,1,0,1,0,0,0,0
NZDUSD,2012-10-16,LONG,6,loss,-1.00,0.81502,0.81290,0.82084,2.75,1,0,0,0,1,0,1,1,0,0,1,1,0,0,0,0
USDCAD,2012-10-16,SHORT,6,win,3.07,0.98664,0.98840,0.98123,3.07,1,0,0,0,1,1,1,0,0,0,1,1,0,0,0,0
USDJPY,2012-10-18,SHORT,4,loss,-1.00,79.29500,79.52400,78.65400,2.80,1,1,0,0,1,0,0,0,0,1,0,0,0,0,0,0
GBPUSD,2012-10-19,LONG,5,loss,-1.00,1.60440,1.60204,1.61392,4.03,0,0,0,0,1,0,1,0,1,0,1,1,0,0,0,0
USDCAD,2012-10-19,SHORT,5,loss,-1.00,0.98711,0.98840,0.97881,6.43,1,0,0,0,1,0,1,0,0,0,1,1,0,0,0,0
GBPUSD,2012-10-19,LONG,6,loss,-1.00,1.60016,1.59756,1.61392,5.29,0,0,0,0,1,0,1,0,1,0,1,1,0,0,1,0
USDCAD,2012-10-19,SHORT,3,loss,-1.00,0.99301,0.99480,0.97881,7.93,1,0,0,0,1,0,0,0,0,0,1,0,0,0,0,0
USDCAD,2012-10-19,SHORT,3,loss,-1.00,0.99311,0.99480,0.98634,4.01,1,0,0,0,1,0,0,0,0,0,1,0,0,0,0,0
USDJPY,2012-10-22,SHORT,4,loss,-1.00,79.83200,79.94400,79.25800,5.12,1,0,0,0,1,0,0,0,0,1,0,0,0,0,1,0
USDJPY,2012-10-22,SHORT,4,loss,-1.00,79.84000,79.94400,79.34500,4.76,1,0,0,0,1,0,0,0,0,1,0,0,0,0,1,0
USDCAD,2012-10-22,SHORT,4,loss,-1.00,0.99253,0.99480,0.98634,2.73,1,0,0,0,1,0,0,1,0,0,0,1,0,0,0,0
USDJPY,2012-10-22,SHORT,4,loss,-1.00,79.93100,80.09200,79.34500,3.64,1,0,0,0,1,0,0,0,0,1,0,0,0,0,1,0
GBPUSD,2012-10-22,LONG,5,loss,-1.00,1.60084,1.59899,1.60555,2.55,0,0,0,0,1,0,1,0,0,0,1,1,0,0,1,0
NZDUSD,2012-10-23,LONG,4,loss,-1.00,0.81259,0.81084,0.81807,3.13,1,0,0,0,1,0,0,0,1,0,0,1,0,0,0,0
USDJPY,2012-10-23,SHORT,4,loss,-1.00,79.79400,79.94400,79.34500,2.99,1,0,0,0,1,0,0,0,0,1,0,1,0,0,0,0
USDJPY,2012-10-23,SHORT,4,loss,-1.00,79.82700,80.00700,79.34500,2.68,1,0,0,0,1,0,0,0,0,1,0,0,0,0,1,0
USDJPY,2012-10-24,SHORT,5,loss,-1.00,79.82200,80.00700,79.34500,2.58,1,0,0,0,1,0,0,0,0,1,0,1,0,0,1,0
USDCAD,2012-10-24,SHORT,4,loss,-1.00,0.99450,0.99757,0.98634,2.66,1,1,0,0,1,0,0,0,0,0,0,1,0,0,0,0
GBPUSD,2012-10-24,SHORT,7,loss,-1.00,1.60292,1.60519,1.59421,3.84,1,0,0,0,0,1,1,0,1,1,1,1,0,0,0,0
USDJPY,2012-10-24,SHORT,5,loss,-1.00,79.82700,80.00700,79.34500,2.68,1,0,0,0,1,0,0,0,0,1,0,1,0,0,1,0
USDCHF,2012-10-25,SHORT,6,loss,-1.00,0.93445,0.93613,0.92979,2.77,1,1,0,0,1,0,1,0,0,0,1,1,0,0,0,0
EURUSD,2012-10-25,LONG,4,loss,-1.00,1.29449,1.29200,1.30114,2.67,0,1,0,0,1,0,0,0,0,0,1,1,0,0,0,0
USDCAD,2012-10-26,SHORT,4,loss,-1.00,0.99607,0.99757,0.99131,3.17,1,1,0,0,1,0,0,0,0,0,0,1,0,0,0,0
USDCHF,2012-10-26,SHORT,9,loss,-1.00,0.93478,0.93613,0.93103,2.78,1,1,0,0,1,1,1,1,0,0,1,1,0,0,0,1
EURUSD,2012-10-29,LONG,7,win,4.85,1.29051,1.28832,1.30114,4.85,0,1,0,0,1,1,1,0,0,0,1,1,0,1,0,0
USDCHF,2012-10-29,SHORT,7,win,2.74,0.93656,0.93858,0.93103,2.74,1,1,0,0,1,1,1,0,0,0,1,1,0,0,0,0
EURUSD,2012-10-29,LONG,7,win,6.04,1.29014,1.28832,1.30114,6.04,0,1,0,0,1,1,1,0,0,0,1,1,0,1,0,0
USDCHF,2012-10-29,SHORT,7,win,2.74,0.93656,0.93858,0.93103,2.74,1,1,0,0,1,1,1,0,0,0,1,1,0,0,0,0
USDCHF,2012-11-02,SHORT,8,loss,-1.00,0.93690,0.93858,0.93152,3.20,1,1,0,0,1,0,1,0,1,1,1,1,0,0,0,0
USDJPY,2012-11-02,SHORT,5,loss,-1.00,80.22900,80.37500,79.82800,2.75,1,0,0,0,1,0,0,0,1,0,0,1,0,0,0,1
EURUSD,2012-11-02,LONG,5,loss,-1.00,1.28461,1.28258,1.29642,5.82,0,0,0,0,1,1,1,0,1,0,1,0,0,0,0,0
EURUSD,2012-11-02,LONG,5,loss,-1.00,1.28304,1.28038,1.29036,2.75,0,0,0,0,1,1,1,0,1,0,1,0,0,0,0,0
EURUSD,2012-11-05,LONG,3,loss,-1.00,1.27896,1.27546,1.28839,2.69,0,0,0,0,1,0,0,0,1,0,1,0,0,0,0,0
EURUSD,2012-11-05,LONG,3,loss,-1.00,1.27822,1.27546,1.28839,3.68,0,0,0,0,1,0,0,0,1,0,1,0,0,0,0,0
USDCAD,2012-11-07,SHORT,6,loss,-1.00,0.99588,0.99766,0.98838,4.21,1,1,0,0,1,1,0,0,1,0,0,1,0,0,0,0
USDCAD,2012-11-07,SHORT,6,loss,-1.00,0.99667,0.99844,0.98838,4.68,1,1,0,0,1,1,0,0,1,0,0,1,0,0,0,0
USDCAD,2012-11-08,SHORT,6,loss,-1.00,0.99667,0.99844,0.98838,4.68,1,1,0,0,1,1,0,0,1,0,0,1,0,0,0,0
USDCHF,2012-11-08,SHORT,4,loss,-1.00,0.94611,0.94832,0.93902,3.21,1,0,0,0,1,0,0,0,0,1,0,1,0,0,0,0
USDCAD,2012-11-08,SHORT,7,loss,-1.00,0.99788,1.00138,0.98838,2.71,1,1,0,0,1,1,0,0,1,0,0,1,0,1,0,0
USDCAD,2012-11-08,SHORT,8,loss,-1.00,0.99961,1.00138,0.98838,6.34,1,1,0,0,1,1,0,0,1,0,0,1,0,1,1,0
USDCHF,2012-11-12,SHORT,5,loss,-1.00,0.94826,0.94983,0.94393,2.76,1,0,0,0,1,0,0,0,0,1,0,1,0,0,1,0
NZDUSD,2012-11-14,LONG,5,loss,-1.00,0.81451,0.81234,0.81995,2.51,1,0,0,0,1,1,1,0,0,0,0,1,0,0,0,0
NZDUSD,2012-11-14,LONG,3,loss,-1.00,0.80988,0.80795,0.81708,3.73,1,0,0,0,1,1,0,0,0,0,0,0,0,0,0,0
AUDUSD,2012-11-14,LONG,5,loss,-1.00,1.03811,1.03587,1.04500,3.08,1,0,0,0,1,0,1,0,0,0,1,1,0,0,0,0
NZDUSD,2012-11-14,LONG,3,loss,-1.00,0.81046,0.80795,0.81708,2.64,1,0,0,0,1,1,0,0,0,0,0,0,0,0,0,0
AUDUSD,2012-11-15,LONG,7,loss,-1.00,1.03258,1.03048,1.03836,2.75,1,1,0,0,1,1,1,0,0,0,1,1,0,0,0,0
NZDUSD,2012-11-15,LONG,3,loss,-1.00,0.81041,0.80868,0.81708,3.86,1,0,0,0,1,1,0,0,0,0,0,0,0,0,0,0
EURUSD,2012-11-23,SHORT,4,loss,-1.00,1.29581,1.29823,1.28739,3.48,1,1,0,0,0,1,0,0,0,0,1,0,0,0,0,0
GBPUSD,2012-11-23,SHORT,5,loss,-1.00,1.60097,1.60418,1.58990,3.45,1,0,0,0,0,0,1,0,0,0,1,1,0,0,1,0
GBPUSD,2012-11-26,SHORT,4,loss,-1.00,1.60230,1.60507,1.59318,3.29,1,0,0,0,0,0,1,0,0,0,1,1,0,0,0,0
GBPUSD,2012-11-26,SHORT,5,loss,-1.00,1.60192,1.60507,1.59318,2.77,1,0,0,0,0,0,1,0,0,0,1,1,0,0,1,0
GBPUSD,2012-11-27,SHORT,4,loss,-1.00,1.60286,1.60507,1.59318,4.38,1,0,0,0,0,0,1,0,0,0,1,1,0,0,0,0
GBPUSD,2012-11-27,SHORT,5,loss,-1.00,1.60277,1.60507,1.59318,4.17,1,0,0,0,0,0,1,0,0,0,1,1,1,0,0,0
GBPUSD,2012-11-27,SHORT,5,loss,-1.00,1.60169,1.60507,1.59318,2.52,1,0,0,0,0,0,1,0,0,0,1,1,0,0,1,0
AUDUSD,2012-11-29,LONG,4,loss,-1.00,1.04420,1.04269,1.04801,2.52,1,0,0,0,1,0,0,0,0,0,1,1,0,0,0,0
GBPUSD,2012-11-29,SHORT,4,loss,-1.00,1.60375,1.60558,1.59827,2.99,1,0,0,0,0,0,1,0,0,0,1,1,0,0,0,0
GBPUSD,2012-11-29,SHORT,5,loss,-1.00,1.60374,1.60558,1.59827,2.97,1,0,0,0,0,0,1,0,0,0,1,1,1,0,0,0
NZDUSD,2012-11-30,LONG,7,loss,-1.00,0.82106,0.81943,0.82526,2.58,1,0,0,0,1,1,1,0,0,1,1,1,0,0,0,0
USDJPY,2012-12-04,LONG,8,win,2.51,81.81700,81.68500,82.14800,2.51,0,0,1,0,1,1,0,1,1,0,1,1,0,0,1,0
GBPUSD,2012-12-07,LONG,5,win,2.72,1.60200,1.59885,1.61058,2.72,0,0,0,0,1,1,1,0,0,0,1,1,0,0,0,0
USDCAD,2012-12-21,SHORT,7,loss,-1.00,0.99467,0.99606,0.98763,5.06,1,1,0,0,1,1,1,0,0,0,1,1,0,0,0,0
USDCAD,2012-12-21,SHORT,7,win,3.08,0.99413,0.99538,0.99028,3.08,1,1,0,0,1,1,1,0,0,0,1,1,0,0,0,0
GBPUSD,2012-12-24,LONG,5,loss,-1.00,1.61209,1.60837,1.62360,3.09,0,0,0,0,1,1,1,0,0,0,1,1,0,0,0,0
AUDUSD,2012-12-25,LONG,5,loss,-1.00,1.03660,1.03543,1.04139,4.09,1,1,0,0,1,0,0,0,0,0,1,1,0,0,0,0
NZDUSD,2012-12-26,LONG,5,loss,-1.00,0.81818,0.81704,0.83031,10.64,1,0,1,0,1,1,0,0,0,0,1,0,0,0,0,0
AUDUSD,2012-12-26,LONG,5,win,2.85,1.03575,1.03377,1.04139,2.85,1,1,0,0,1,0,0,1,0,0,0,1,0,0,0,0
USDCAD,2012-12-26,SHORT,7,loss,-1.00,0.99402,0.99528,0.99028,2.97,1,1,0,0,1,1,1,0,0,0,1,1,0,0,0,0
AUDUSD,2012-12-26,LONG,6,loss,-1.00,1.03701,1.03543,1.04139,2.77,1,1,0,0,1,0,0,1,0,0,0,1,0,0,0,1
USDCAD,2012-12-26,SHORT,7,loss,-1.00,0.99428,0.99538,0.99028,3.64,1,1,0,0,1,1,1,0,0,0,1,1,0,0,0,0
NZDUSD,2012-12-26,LONG,6,win,3.20,0.81807,0.81704,0.82137,3.20,1,0,1,0,1,1,0,0,0,0,1,0,1,0,0,0
GBPUSD,2012-12-27,LONG,5,loss,-1.00,1.61249,1.61080,1.61810,3.32,0,0,0,0,1,1,1,0,0,0,1,1,0,0,0,0
AUDUSD,2012-12-27,LONG,4,win,3.24,1.03607,1.03443,1.04139,3.24,1,1,0,0,1,0,0,0,0,0,0,1,0,0,0,0
GBPUSD,2012-12-27,LONG,5,loss,-1.00,1.61071,1.60837,1.61752,2.91,0,0,0,0,1,1,1,0,0,0,1,1,0,0,0,0
GBPUSD,2013-01-03,LONG,5,loss,-1.00,1.61069,1.60663,1.62247,2.90,0,0,0,0,1,1,1,0,0,0,1,1,0,0,0,0
GBPUSD,2013-01-04,LONG,4,win,5.14,1.60164,1.59885,1.61599,5.14,0,0,0,0,1,1,0,0,0,0,1,0,0,0,1,0
AUDUSD,2013-01-04,LONG,6,win,3.06,1.04032,1.03643,1.05224,3.06,1,0,0,0,1,0,1,0,1,1,0,1,0,0,0,0
GBPUSD,2013-01-08,LONG,5,loss,-1.00,1.60376,1.60092,1.61599,4.31,0,0,0,0,1,1,1,0,0,0,1,1,0,0,0,0
GBPUSD,2013-01-09,LONG,4,loss,-1.00,1.60284,1.60092,1.60996,3.71,0,0,0,0,1,0,1,0,0,0,1,1,0,0,0,0
GBPUSD,2013-01-09,LONG,5,win,4.82,1.60076,1.59885,1.60996,4.82,0,1,0,0,1,0,0,0,0,0,1,1,0,0,1,0
USDCAD,2013-01-09,SHORT,5,win,2.91,0.98727,0.98822,0.98451,2.91,1,0,0,0,1,0,1,0,0,0,1,1,0,0,0,0
USDCHF,2013-01-15,SHORT,6,loss,-1.00,0.92580,0.92863,0.91694,3.13,1,0,0,0,1,0,1,0,1,0,1,1,0,0,0,0
USDCHF,2013-01-15,SHORT,5,loss,-1.00,0.92759,0.93028,0.91694,3.96,1,0,0,0,1,0,1,0,1,0,1,0,0,0,0,0
USDCHF,2013-01-15,SHORT,5,loss,-1.00,0.93192,0.93688,0.91694,3.02,1,1,0,0,1,0,0,0,1,0,1,0,0,0,0,0
NZDUSD,2013-01-18,LONG,4,loss,-1.00,0.83504,0.83345,0.84189,4.31,1,0,0,0,1,0,0,0,0,0,1,1,0,0,0,0
EURUSD,2013-01-18,LONG,4,win,3.05,1.32905,1.32565,1.33942,3.05,0,0,0,0,1,1,0,0,0,0,1,1,0,0,0,0
USDCAD,2013-01-21,SHORT,6,loss,-1.00,0.99308,0.99461,0.98742,3.70,1,1,0,0,1,0,1,0,0,0,1,1,0,0,0,0
USDCAD,2013-01-21,SHORT,7,loss,-1.00,0.99302,0.99461,0.98742,3.52,1,1,0,0,1,0,1,0,0,0,1,1,0,0,0,1
EURUSD,2013-01-22,LONG,4,win,3.54,1.32868,1.32565,1.33942,3.54,0,0,0,0,1,1,0,0,0,0,1,1,0,0,0,0
USDCAD,2013-01-22,SHORT,7,loss,-1.00,0.99337,0.99461,0.98742,4.80,1,1,0,0,1,0,1,1,0,0,1,1,0,0,0,0
EURUSD,2013-01-23,LONG,5,win,3.12,1.32816,1.32565,1.33600,3.12,0,0,0,0,1,1,0,1,0,0,1,1,0,0,0,0
USDCAD,2013-01-24,SHORT,2,loss,-1.00,1.00320,1.00565,0.99154,4.76,1,0,0,0,1,0,0,0,0,0,0,0,0,0,0,0
USDCAD,2013-01-25,SHORT,2,loss,-1.00,1.00431,1.00565,1.00027,3.01,1,0,0,0,1,0,0,0,0,0,0,0,0,0,0,0
AUDUSD,2013-01-25,LONG,3,loss,-1.00,1.04119,1.03944,1.04570,2.58,1,0,0,0,1,0,0,0,0,0,1,0,0,0,0,0
AUDUSD,2013-02-06,LONG,3,loss,-1.00,1.03149,1.02871,1.03895,2.68,1,1,0,0,1,0,0,0,0,0,0,0,0,0,0,0
AUDUSD,2013-02-06,LONG,3,loss,-1.00,1.03157,1.02871,1.03895,2.58,1,1,0,0,1,0,0,0,0,0,0,0,0,0,0,0
AUDUSD,2013-02-07,LONG,4,loss,-1.00,1.03128,1.02962,1.03895,4.62,1,1,0,0,1,0,0,0,0,0,0,1,0,0,0,0
NZDUSD,2013-02-07,LONG,6,win,3.38,0.83240,0.82942,0.84247,3.38,1,0,0,0,1,1,1,0,1,0,1,0,0,0,0,0
EURUSD,2013-02-08,LONG,3,loss,-1.00,1.34120,1.33706,1.35639,3.67,0,0,0,0,1,0,0,0,0,0,1,1,0,0,0,0
USDCAD,2013-02-08,SHORT,7,loss,-1.00,0.99782,0.99882,0.99463,3.19,1,1,0,0,1,1,1,0,0,0,0,1,1,0,0,0
USDCHF,2013-02-08,SHORT,6,loss,-1.00,0.91724,0.92007,0.90825,3.18,1,0,0,0,1,0,1,1,0,0,1,1,0,0,0,0
USDCHF,2013-02-08,SHORT,6,loss,-1.00,0.91711,0.92007,0.90825,2.99,1,0,0,0,1,0,0,1,0,0,1,1,1,0,0,0
USDCHF,2013-02-11,SHORT,5,loss,-1.00,0.91822,0.92007,0.90825,5.39,1,0,0,0,1,0,1,0,0,0,1,1,0,0,0,0
EURUSD,2013-02-11,LONG,4,loss,-1.00,1.33804,1.33531,1.35639,6.72,0,0,0,0,1,0,0,0,0,0,1,1,0,0,0,1
AUDUSD,2013-02-11,LONG,2,loss,-1.00,1.02719,1.02550,1.03188,2.78,1,0,0,0,1,0,0,0,0,0,0,0,0,0,0,0
AUDUSD,2013-02-11,LONG,4,loss,-1.00,1.02729,1.02550,1.03188,2.56,1,0,0,0,1,0,0,0,0,0,0,1,1,0,0,0
EURUSD,2013-02-11,LONG,4,loss,-1.00,1.33785,1.33531,1.35639,7.30,0,0,0,0,1,0,1,0,0,0,1,1,0,0,0,0
USDCHF,2013-02-11,SHORT,5,loss,-1.00,0.91858,0.92007,0.90825,6.93,1,0,0,0,1,0,1,0,0,0,1,1,0,0,0,0
EURUSD,2013-02-11,LONG,4,loss,-1.00,1.33886,1.33531,1.35639,4.94,0,0,0,0,1,0,0,0,0,0,1,1,0,0,0,1
USDCHF,2013-02-12,SHORT,6,loss,-1.00,0.91728,0.92007,0.90825,3.24,1,0,0,0,1,0,1,0,0,0,1,1,0,0,0,1
USDCHF,2013-02-15,SHORT,5,loss,-1.00,0.92314,0.92455,0.91697,4.38,1,0,0,0,1,0,1,0,0,0,1,1,0,0,0,0
AUDUSD,2013-02-20,LONG,4,loss,-1.00,1.02898,1.02747,1.03550,4.32,1,0,0,0,1,0,0,0,1,0,0,1,0,0,0,0
EURUSD,2013-02-20,LONG,4,loss,-1.00,1.32837,1.32655,1.34127,7.09,0,0,0,0,1,0,1,0,0,0,1,1,0,0,0,0
USDCHF,2013-02-20,SHORT,5,loss,-1.00,0.92781,0.92921,0.92261,3.71,1,1,0,0,1,1,0,0,0,0,0,1,0,0,0,0
AUDUSD,2013-02-20,LONG,4,loss,-1.00,1.02447,1.02266,1.03550,6.09,1,0,0,0,1,0,0,0,1,0,0,1,0,0,0,0
AUDUSD,2013-02-21,LONG,4,loss,-1.00,1.02517,1.02266,1.03205,2.74,1,0,0,0,1,0,0,0,1,0,0,1,0,0,0,0
AUDUSD,2013-02-21,LONG,4,win,2.56,1.02350,1.02016,1.03205,2.56,1,0,0,0,1,0,0,0,1,0,0,1,0,0,0,0
USDJPY,2013-02-27,LONG,3,win,2.67,91.65900,90.85800,93.79500,2.67,0,0,0,0,1,0,0,0,0,0,1,0,0,0,1,0
USDCHF,2013-02-28,SHORT,2,loss,-1.00,0.93684,0.93883,0.92593,5.48,1,0,0,0,1,0,0,0,0,0,0,0,0,0,0,0
NZDUSD,2013-03-01,LONG,3,loss,-1.00,0.82422,0.82235,0.82906,2.59,1,0,0,0,1,1,0,0,0,0,0,0,0,0,0,0
USDCHF,2013-03-01,SHORT,2,loss,-1.00,0.94364,0.94580,0.93591,3.58,1,0,0,0,1,0,0,0,0,0,0,0,0,0,0,0
USDCHF,2013-03-06,SHORT,2,loss,-1.00,0.94384,0.94626,0.93591,3.28,1,0,0,0,1,0,0,0,0,0,0,0,0,0,0,0
USDCHF,2013-03-06,SHORT,2,win,3.88,0.94758,0.94908,0.94176,3.88,1,0,0,0,1,0,0,0,0,0,0,0,0,0,0,0
NZDUSD,2013-03-11,LONG,7,loss,-1.00,0.82098,0.81866,0.82855,3.26,1,1,1,0,1,1,0,0,0,0,0,1,1,0,0,0
AUDUSD,2013-03-11,SHORT,4,loss,-1.00,1.02717,1.02892,1.02222,2.83,0,0,0,0,1,1,0,0,0,0,1,1,0,0,0,0
AUDUSD,2013-03-12,SHORT,6,loss,-1.00,1.03111,1.03400,1.02222,3.08,0,1,0,0,1,1,1,0,0,0,1,1,0,0,0,0
AUDUSD,2013-03-12,SHORT,6,loss,-1.00,1.03230,1.03400,1.02793,2.57,0,1,0,0,1,1,1,0,0,0,1,1,0,0,0,0
USDCHF,2013-03-13,SHORT,3,loss,-1.00,0.95259,0.95516,0.94355,3.52,1,0,0,0,1,1,0,0,0,0,0,0,0,0,0,0
AUDUSD,2013-03-14,SHORT,6,loss,-1.00,1.03482,1.03672,1.02986,2.61,0,1,0,0,1,0,1,1,0,0,1,1,0,0,0,0
NZDUSD,2013-03-14,LONG,5,win,2.76,0.82077,0.81866,0.82659,2.76,1,1,1,0,1,0,0,0,0,0,0,1,0,0,0,0
GBPUSD,2013-03-14,SHORT,4,loss,-1.00,1.50506,1.50822,1.49037,4.65,1,0,0,0,1,0,0,0,0,0,1,1,0,0,0,0
USDCHF,2013-03-15,LONG,3,loss,-1.00,0.94272,0.93930,0.95521,3.65,0,0,0,0,1,0,0,0,0,0,1,1,0,0,0,0
USDCAD,2013-03-15,LONG,3,win,2.62,1.01900,1.01588,1.02718,2.62,0,0,0,0,1,0,0,0,0,0,1,1,0,0,0,0
USDJPY,2013-03-21,LONG,6,loss,-1.00,95.05800,94.72000,95.95500,2.65,0,0,1,0,1,1,0,0,0,0,1,1,0,0,1,0
USDCHF,2013-03-22,LONG,4,loss,-1.00,0.94021,0.93789,0.94630,2.63,0,0,0,0,1,0,0,0,1,0,1,1,0,0,0,0
AUDUSD,2013-03-29,LONG,4,loss,-1.00,1.04134,1.03963,1.04690,3.25,1,0,0,0,0,0,1,0,0,0,1,1,0,0,0,0
AUDUSD,2013-03-29,LONG,4,loss,-1.00,1.04081,1.03963,1.04690,5.16,1,0,0,0,0,0,1,0,0,0,1,1,0,0,0,0
AUDUSD,2013-03-29,LONG,4,loss,-1.00,1.04080,1.03963,1.04690,5.21,1,0,0,0,0,0,1,0,0,0,1,1,0,0,0,0
USDJPY,2013-04-01,LONG,5,loss,-1.00,93.71800,93.52400,94.27200,2.86,0,0,0,0,1,0,1,0,1,0,1,1,0,0,0,0
GBPUSD,2013-04-01,SHORT,7,loss,-1.00,1.51923,1.52190,1.51218,2.64,1,0,0,0,1,1,0,0,1,0,1,1,0,1,0,0
AUDUSD,2013-04-01,LONG,4,win,3.52,1.04124,1.03963,1.04690,3.52,1,0,0,0,0,0,1,0,0,0,1,1,0,0,0,0
GBPUSD,2013-04-01,SHORT,8,win,3.76,1.52309,1.52599,1.51218,3.76,1,0,0,0,1,1,1,0,1,0,1,1,0,1,0,0
GBPUSD,2013-04-04,SHORT,5,loss,-1.00,1.51970,1.52583,1.50415,2.54,1,0,0,0,1,1,0,0,0,0,1,1,0,0,0,0
USDCHF,2013-04-04,LONG,4,loss,-1.00,0.94584,0.94416,0.95128,3.24,0,0,0,0,1,1,0,0,0,0,1,1,0,0,0,0
USDCHF,2013-04-04,LONG,4,loss,-1.00,0.93950,0.93509,0.95128,2.67,0,0,0,0,1,1,1,0,0,0,1,0,0,0,0,0
GBPUSD,2013-04-05,SHORT,5,loss,-1.00,1.52213,1.52583,1.51078,3.07,1,0,0,0,1,0,1,0,0,0,1,1,0,0,0,0
EURUSD,2013-04-05,SHORT,6,loss,-1.00,1.30271,1.31058,1.28020,2.86,1,1,0,0,1,1,1,0,0,0,1,0,0,0,0,0
EURUSD,2013-04-05,SHORT,7,loss,-1.00,1.30093,1.30479,1.29081,2.62,1,1,0,0,1,1,1,0,0,0,1,0,0,0,1,0
USDCHF,2013-04-08,LONG,3,loss,-1.00,0.93353,0.93126,0.94233,3.88,0,1,0,0,1,0,0,0,0,0,1,0,0,0,0,0
USDCHF,2013-04-09,LONG,3,loss,-1.00,0.93164,0.92794,0.94233,2.89,0,1,0,0,1,0,0,0,0,0,1,0,0,0,0,0
USDCHF,2013-04-09,LONG,3,loss,-1.00,0.93244,0.93126,0.93616,3.15,0,1,0,0,1,0,0,0,0,0,1,0,0,0,0,0
EURUSD,2013-04-09,SHORT,5,loss,-1.00,1.30820,1.31058,1.30180,2.69,1,1,0,0,1,0,1,0,0,0,1,0,0,0,0,0
USDCAD,2013-04-15,SHORT,5,loss,-1.00,1.02121,1.02355,1.01475,2.76,1,0,0,0,0,1,0,0,1,0,1,1,0,0,0,0
AUDUSD,2013-04-15,LONG,8,loss,-1.00,1.03915,1.03479,1.05090,2.69,1,1,0,0,1,1,1,0,1,0,1,1,0,0,0,0
NZDUSD,2013-04-15,LONG,5,win,4.38,0.83776,0.83509,0.84945,4.38,1,0,0,0,1,1,1,0,0,0,1,0,0,0,0,0
USDCAD,2013-04-15,SHORT,4,loss,-1.00,1.02536,1.02837,1.01475,3.52,1,0,0,0,0,1,0,0,1,0,1,0,0,0,0,0
AUDUSD,2013-04-17,LONG,5,loss,-1.00,1.03055,1.02817,1.03945,3.74,1,1,0,0,1,0,0,0,1,0,1,0,0,0,0,0
AUDUSD,2013-04-19,LONG,3,loss,-1.00,1.02872,1.02687,1.03525,3.53,1,0,0,0,1,0,0,0,0,0,0,0,0,1,0,0
EURUSD,2013-04-24,LONG,7,win,3.49,1.29959,1.29730,1.30759,3.49,0,1,0,0,1,1,1,0,0,0,1,1,0,0,1,0
USDJPY,2013-04-26,LONG,5,loss,-1.00,98.70700,98.48100,99.33600,2.78,1,0,0,0,1,1,0,0,0,0,1,1,0,0,0,0
GBPUSD,2013-04-26,SHORT,2,loss,-1.00,1.54765,1.55499,1.52905,2.53,1,0,0,0,1,0,0,0,0,0,0,0,0,0,0,0
GBPUSD,2013-04-26,SHORT,3,loss,-1.00,1.54844,1.55499,1.52905,2.96,1,0,0,0,1,0,0,0,0,0,0,0,0,0,1,0
AUDUSD,2013-04-29,SHORT,5,loss,-1.00,1.03442,1.03579,1.02808,4.63,0,1,0,0,1,0,1,0,0,0,1,1,0,0,0,0
USDCAD,2013-04-29,LONG,2,loss,-1.00,1.01147,1.00830,1.02003,2.70,0,0,0,0,1,0,0,0,0,0,1,0,0,0,0,0
AUDUSD,2013-04-30,SHORT,6,loss,-1.00,1.03373,1.03579,1.02808,2.74,0,1,0,0,1,0,1,0,0,0,1,1,0,0,0,1
GBPUSD,2013-04-30,SHORT,4,loss,-1.00,1.54824,1.55457,1.52905,3.03,1,0,0,0,1,0,0,0,0,0,0,1,0,0,1,0
AUDUSD,2013-04-30,SHORT,5,win,3.30,1.03689,1.03956,1.02808,3.30,0,1,0,0,1,0,1,0,0,0,1,1,0,0,0,0
USDCHF,2013-04-30,LONG,3,loss,-1.00,0.92979,0.92761,0.94159,5.41,0,1,0,0,1,0,0,0,0,0,1,0,0,0,0,0
USDCHF,2013-04-30,LONG,3,loss,-1.00,0.92973,0.92761,0.93714,3.50,0,1,0,0,1,0,0,0,0,0,1,0,0,0,0,0
NZDUSD,2013-05-01,LONG,7,loss,-1.00,0.84851,0.84690,0.85709,5.33,1,0,1,0,1,0,0,0,1,0,1,1,0,0,1,0
NZDUSD,2013-05-02,LONG,8,loss,-1.00,0.84872,0.84690,0.85709,4.60,1,0,1,0,1,1,0,0,1,0,1,1,0,0,1,0
NZDUSD,2013-05-02,LONG,9,loss,-1.00,0.84945,0.84690,0.85709,3.00,1,0,1,0,1,1,0,0,1,0,1,1,1,0,1,0
NZDUSD,2013-05-02,LONG,8,loss,-1.00,0.84920,0.84690,0.85709,3.43,1,0,1,0,1,1,0,0,1,0,1,1,0,0,1,0
USDCHF,2013-05-03,SHORT,6,loss,-1.00,0.93393,0.93623,0.92774,2.69,1,1,0,0,0,0,1,0,1,0,1,1,0,0,0,0
EURUSD,2013-05-06,LONG,5,win,4.12,1.30660,1.30351,1.31934,4.12,0,1,0,0,1,0,1,0,0,0,1,1,0,0,0,0
NZDUSD,2013-05-08,LONG,4,win,2.75,0.83853,0.83600,0.84550,2.75,1,0,0,0,1,1,0,0,0,0,1,0,0,0,0,0
GBPUSD,2013-05-09,SHORT,6,win,5.79,1.55747,1.55911,1.54798,5.79,1,0,0,0,1,1,0,0,1,0,0,1,0,1,0,0
USDCHF,2013-05-09,SHORT,3,loss,-1.00,0.94833,0.94985,0.93469,8.97,1,0,0,0,0,0,0,0,0,0,1,0,0,0,1,0
NZDUSD,2013-05-09,LONG,4,loss,-1.00,0.83747,0.83509,0.84550,3.37,1,0,0,0,1,1,0,0,0,0,1,0,0,0,0,0
EURUSD,2013-05-10,LONG,4,loss,-1.00,1.29837,1.29611,1.31167,5.88,0,1,0,0,1,0,0,0,0,0,1,0,0,0,1,0
USDCAD,2013-05-14,SHORT,4,loss,-1.00,1.01352,1.01522,1.00755,3.51,1,0,0,0,0,0,1,0,0,0,1,1,0,0,0,0
NZDUSD,2013-05-14,LONG,2,loss,-1.00,0.81890,0.81617,0.82872,3.60,1,0,0,0,1,0,0,0,0,0,0,0,0,0,0,0
NZDUSD,2013-05-16,LONG,2,loss,-1.00,0.81492,0.81117,0.82522,2.75,1,0,0,0,1,0,0,0,0,0,0,0,0,0,0,0
USDCAD,2013-05-17,SHORT,2,loss,-1.00,1.02643,1.02850,1.01860,3.78,1,0,0,0,0,0,0,0,0,0,1,0,0,0,0,0
USDCAD,2013-05-17,SHORT,2,loss,-1.00,1.02677,1.02850,1.02198,2.77,1,0,0,0,0,0,0,0,0,0,1,0,0,0,0,0
NZDUSD,2013-05-22,LONG,2,loss,-1.00,0.80821,0.80596,0.81695,3.88,1,0,0,0,1,0,0,0,0,0,0,0,0,0,0,0
NZDUSD,2013-05-22,LONG,2,loss,-1.00,0.80734,0.80520,0.81695,4.49,1,0,0,0,1,0,0,0,0,0,0,0,0,0,0,0
USDJPY,2013-05-23,LONG,5,loss,-1.00,101.62900,101.26000,103.18200,4.21,1,0,0,0,1,0,0,0,0,0,1,1,0,0,1,0
NZDUSD,2013-05-23,LONG,2,win,2.84,0.80882,0.80596,0.81695,2.84,1,0,0,0,1,0,0,0,0,0,0,0,0,0,0,0
USDCHF,2013-05-23,LONG,5,loss,-1.00,0.96809,0.96476,0.98027,3.66,0,0,0,0,1,1,0,0,0,1,1,1,0,0,0,0
USDJPY,2013-05-23,LONG,6,loss,-1.00,101.69300,101.26000,103.18200,3.44,1,0,0,0,1,0,0,0,0,0,1,1,1,0,1,0
USDJPY,2013-05-23,LONG,5,loss,-1.00,101.80300,101.26000,103.18200,2.54,1,0,0,0,1,0,0,0,0,0,1,1,0,0,1,0
USDCHF,2013-05-23,LONG,6,loss,-1.00,0.96807,0.96476,0.98027,3.69,0,0,0,0,1,1,0,0,0,1,1,1,1,0,0,0
USDCHF,2013-05-24,LONG,5,loss,-1.00,0.96220,0.95777,0.98027,4.08,0,0,0,0,1,0,0,0,0,1,1,1,0,1,0,0
USDJPY,2013-05-27,LONG,4,win,2.54,100.96000,100.66100,101.71949,2.54,1,0,0,0,1,0,0,0,0,0,1,0,0,0,1,0
EURUSD,2013-05-28,SHORT,6,win,4.33,1.29327,1.29485,1.28643,4.33,1,0,0,0,1,0,1,0,1,0,1,1,0,0,0,0
NZDUSD,2013-05-28,LONG,3,loss,-1.00,0.80883,0.80614,0.81599,2.66,1,0,0,0,1,0,0,0,0,0,0,1,0,0,0,0
USDJPY,2013-05-29,LONG,5,loss,-1.00,100.91000,100.66100,101.71949,3.25,1,0,0,0,1,1,0,0,0,0,1,0,0,0,1,0
USDCHF,2013-05-29,LONG,4,loss,-1.00,0.96132,0.95777,0.97709,4.44,0,0,0,0,1,1,0,0,0,0,1,1,0,0,0,0
USDJPY,2013-05-29,LONG,6,loss,-1.00,101.15300,100.66100,102.51700,2.77,1,0,0,0,1,1,0,0,0,0,1,1,0,0,1,0
USDCHF,2013-05-29,LONG,5,loss,-1.00,0.96152,0.95777,0.97205,2.81,0,0,0,0,1,1,0,0,0,0,1,1,1,0,0,0
USDCHF,2013-05-30,LONG,4,loss,-1.00,0.96235,0.95900,0.97205,2.90,0,0,0,0,1,1,0,0,0,0,1,1,0,0,0,0
USDJPY,2013-05-30,LONG,6,loss,-1.00,101.06900,100.66100,102.51700,3.55,1,0,0,0,1,1,0,0,0,0,1,1,0,0,1,0
USDCHF,2013-05-30,LONG,4,loss,-1.00,0.95578,0.95208,0.97205,4.40,0,0,0,0,1,1,1,0,0,0,1,0,0,0,0,0
USDCAD,2013-05-30,LONG,3,win,2.67,1.03099,1.02853,1.03757,2.67,0,0,0,0,1,0,0,0,0,0,1,1,0,0,0,0
USDCHF,2013-05-31,LONG,6,loss,-1.00,0.95495,0.95208,0.96236,2.58,0,0,0,0,1,1,1,1,0,0,1,0,0,0,0,1
GBPUSD,2013-06-03,SHORT,4,loss,-1.00,1.53476,1.53845,1.52061,3.83,1,0,0,0,1,1,0,0,0,0,1,0,0,0,0,0
EURUSD,2013-06-04,SHORT,6,loss,-1.00,1.30818,1.31074,1.29990,3.23,1,1,0,0,1,0,0,0,0,0,1,1,0,1,0,0
EURUSD,2013-06-04,SHORT,5,loss,-1.00,1.30807,1.31074,1.29990,3.06,1,1,0,0,1,0,0,0,0,0,0,1,0,1,0,0
GBPUSD,2013-06-05,SHORT,3,loss,-1.00,1.53589,1.53845,1.52538,4.11,1,0,0,0,1,0,0,0,0,0,1,0,0,0,0,0
USDJPY,2013-06-06,LONG,5,loss,-1.00,99.12800,98.86100,100.35900,4.61,1,0,0,0,1,0,1,0,0,0,1,0,0,0,1,0
USDJPY,2013-06-06,LONG,3,loss,-1.00,97.73800,97.02200,100.35900,3.66,1,0,0,0,1,0,0,0,0,0,1,0,0,0,0,0
USDCAD,2013-06-06,LONG,4,loss,-1.00,1.02380,1.02165,1.03528,5.34,0,0,0,0,1,1,1,0,0,0,1,0,0,0,0,0
GBPUSD,2013-06-07,SHORT,3,loss,-1.00,1.55691,1.56014,1.54394,4.02,1,1,0,0,1,0,0,0,0,0,0,0,0,0,0,0
USDCAD,2013-06-07,LONG,4,loss,-1.00,1.02363,1.02165,1.03528,5.88,0,0,0,0,1,0,1,0,0,0,1,1,0,0,0,0
USDCAD,2013-06-10,LONG,3,loss,-1.00,1.01920,1.01657,1.02761,3.20,0,0,0,0,1,0,1,0,0,0,1,0,0,0,0,0
USDCAD,2013-06-10,LONG,3,loss,-1.00,1.01902,1.01657,1.02761,3.51,0,0,0,0,1,0,1,0,0,0,1,0,0,0,0,0
USDCAD,2013-06-11,LONG,4,loss,-1.00,1.01906,1.01680,1.02761,3.78,0,0,0,0,1,0,1,0,0,0,1,1,0,0,0,0
GBPUSD,2013-06-11,SHORT,3,loss,-1.00,1.56467,1.56837,1.55385,2.92,1,1,0,0,1,0,0,0,0,0,0,0,0,0,0,0
GBPUSD,2013-06-12,SHORT,3,loss,-1.00,1.56447,1.56837,1.55443,2.57,1,1,0,0,1,0,0,0,0,0,0,0,0,0,0,0
AUDUSD,2013-06-13,SHORT,4,win,4.66,0.96339,0.96728,0.94525,4.66,0,0,0,1,1,0,0,0,1,0,1,0,0,0,0,0
NZDUSD,2013-06-13,SHORT,3,loss,-1.00,0.80789,0.81176,0.79158,4.21,0,0,0,0,1,1,0,0,0,0,1,0,0,0,0,0
GBPUSD,2013-06-14,SHORT,2,loss,-1.00,1.56846,1.57373,1.55443,2.66,1,0,0,0,1,0,0,0,0,0,0,0,0,0,0,0
GBPUSD,2013-06-14,SHORT,2,loss,-1.00,1.57061,1.57373,1.56257,2.58,1,0,0,0,1,0,0,0,0,0,0,0,0,0,0,0
GBPUSD,2013-06-17,SHORT,5,loss,-1.00,1.57081,1.57373,1.56259,2.82,1,0,0,0,1,0,0,0,0,0,0,1,1,0,0,1
USDCAD,2013-06-18,SHORT,4,loss,-1.00,1.02097,1.02255,1.01656,2.79,1,0,0,0,0,0,1,0,0,0,1,1,0,0,0,0
USDCAD,2013-06-20,SHORT,3,loss,-1.00,1.03831,1.04205,1.02813,2.72,1,0,0,0,0,1,0,0,0,0,1,0,0,0,0,0
EURUSD,2013-06-24,LONG,6,loss,-1.00,1.30905,1.30418,1.32241,2.74,0,1,0,0,1,1,1,1,0,0,1,0,0,0,0,0
USDCHF,2013-06-25,SHORT,6,loss,-1.00,0.93881,0.94182,0.92861,3.39,1,1,0,0,0,1,1,0,0,0,1,0,0,1,0,0
EURUSD,2013-06-25,LONG,5,loss,-1.00,1.30796,1.30418,1.32241,3.82,0,1,0,0,1,1,1,0,0,0,1,0,0,0,0,0
NZDUSD,2013-07-05,SHORT,7,win,2.66,0.78369,0.78586,0.77792,2.66,0,0,1,0,1,1,0,0,1,0,1,1,0,1,0,0
EURUSD,2013-07-11,SHORT,4,loss,-1.00,1.30596,1.31029,1.28464,4.92,1,1,0,0,0,0,1,0,0,0,1,0,0,0,0,0
USDCHF,2013-07-11,LONG,5,loss,-1.00,0.95017,0.94466,0.96822,3.28,0,0,0,0,1,0,1,0,0,0,1,1,0,0,1,0
USDCHF,2013-07-11,LONG,5,loss,-1.00,0.94968,0.94466,0.96822,3.69,0,0,0,0,1,0,1,0,0,0,1,1,0,0,1,0
USDCHF,2013-07-11,LONG,3,loss,-1.00,0.94599,0.94042,0.96822,3.99,0,0,0,0,1,0,1,0,0,0,1,0,0,0,0,0
USDCHF,2013-07-12,LONG,3,loss,-1.00,0.94691,0.94042,0.96822,3.28,0,0,0,0,1,0,1,0,0,0,1,0,0,0,0,0
USDCHF,2013-07-15,LONG,6,loss,-1.00,0.94778,0.94381,0.96822,5.15,0,0,0,0,1,1,1,0,0,0,1,1,0,1,0,0
USDCHF,2013-07-16,LONG,5,loss,-1.00,0.94300,0.94042,0.95281,3.80,0,1,0,0,1,0,1,0,0,0,1,0,0,1,0,0
EURUSD,2013-07-16,SHORT,3,win,2.52,1.31672,1.32060,1.30695,2.52,1,0,0,0,0,0,0,0,1,0,1,0,0,0,0,0
USDCHF,2013-07-17,LONG,7,loss,-1.00,0.94291,0.94042,0.95281,3.98,0,1,0,0,1,0,1,1,0,0,1,1,0,0,0,1
USDCAD,2013-07-22,LONG,5,loss,-1.00,1.03397,1.03254,1.04139,5.19,0,0,0,0,1,0,1,0,1,0,1,1,0,0,0,0
USDCAD,2013-07-22,LONG,5,loss,-1.00,1.03360,1.03254,1.04139,7.35,0,0,0,0,1,0,1,0,1,0,1,1,0,0,0,0
USDCAD,2013-07-22,LONG,6,loss,-1.00,1.03418,1.03254,1.04139,4.40,0,0,0,0,1,0,1,0,1,0,1,1,1,0,0,0
AUDUSD,2013-07-23,SHORT,6,loss,-1.00,0.92574,0.92917,0.91692,2.57,0,0,0,0,1,1,0,1,0,1,1,1,0,0,0,0
USDJPY,2013-07-25,LONG,6,loss,-1.00,99.15600,98.89300,100.15800,3.81,1,0,0,0,1,0,1,0,0,0,1,1,0,0,1,0
USDJPY,2013-07-30,LONG,4,loss,-1.00,97.85700,97.63200,99.25300,6.20,1,0,0,0,1,1,0,0,0,0,0,0,0,0,1,0
EURUSD,2013-08-01,LONG,4,loss,-1.00,1.32345,1.32141,1.33007,3.25,0,0,0,0,1,1,0,0,0,0,1,1,0,0,0,0
USDCHF,2013-08-02,SHORT,6,win,3.06,0.93728,0.93945,0.93063,3.06,1,1,0,0,0,1,1,0,0,0,1,1,0,0,0,0
GBPUSD,2013-08-06,SHORT,6,loss,-1.00,1.53503,1.53783,1.52693,2.89,1,0,0,0,1,1,0,0,0,0,0,1,1,0,0,1
GBPUSD,2013-08-07,SHORT,3,loss,-1.00,1.54579,1.55300,1.52693,2.62,1,1,0,0,1,0,0,0,0,0,0,0,0,0,0,0
NZDUSD,2013-08-07,SHORT,3,loss,-1.00,0.79753,0.80149,0.78337,3.58,0,0,0,0,1,1,0,0,0,0,1,0,0,0,0,0
GBPUSD,2013-08-07,SHORT,4,loss,-1.00,1.54936,1.55300,1.52693,6.16,1,1,0,0,1,0,0,0,0,0,0,0,0,0,1,0
NZDUSD,2013-08-08,SHORT,2,loss,-1.00,0.79792,0.79979,0.78941,4.55,0,0,0,0,1,0,0,0,0,0,1,0,0,0,0,0
EURUSD,2013-08-12,LONG,6,loss,-1.00,1.32876,1.32654,1.33750,3.94,0,0,1,0,1,1,0,0,1,0,1,1,0,0,0,0
USDCHF,2013-08-12,SHORT,5,loss,-1.00,0.92771,0.92882,0.92204,5.11,1,0,0,0,1,0,0,0,1,0,1,1,0,0,0,0
EURUSD,2013-08-14,LONG,5,win,2.89,1.32486,1.32333,1.32928,2.89,0,0,1,0,1,0,1,0,0,0,1,1,0,0,0,0
GBPUSD,2013-08-15,SHORT,3,loss,-1.00,1.56433,1.56771,1.55156,3.78,1,0,0,0,1,0,0,0,1,0,0,0,0,0,0,0
GBPUSD,2013-08-19,SHORT,3,loss,-1.00,1.56469,1.56771,1.55713,2.50,1,0,0,0,1,0,0,0,1,0,0,0,0,0,0,0
GBPUSD,2013-08-19,SHORT,4,loss,-1.00,1.56539,1.56771,1.55713,3.56,1,0,0,0,1,0,0,0,1,0,0,1,0,0,0,0
GBPUSD,2013-08-20,SHORT,3,loss,-1.00,1.56621,1.56771,1.55713,6.05,1,0,0,0,1,0,0,0,0,0,0,1,0,0,0,0
USDJPY,2013-08-27,LONG,6,loss,-1.00,97.30800,96.91100,98.36800,2.67,1,0,0,0,1,1,0,0,1,0,0,1,0,0,1,0
USDJPY,2013-08-27,LONG,5,loss,-1.00,97.07900,96.91100,97.84100,4.54,1,0,0,0,1,1,0,0,1,0,0,0,0,0,1,0
USDCAD,2013-08-28,LONG,4,win,3.78,1.04833,1.04709,1.05302,3.78,0,0,0,0,1,0,0,0,0,0,1,1,0,0,1,0
EURUSD,2013-08-28,LONG,5,loss,-1.00,1.33405,1.33232,1.33844,2.54,0,0,0,0,1,1,0,0,1,0,1,1,0,0,0,0
EURUSD,2013-08-29,LONG,4,loss,-1.00,1.32267,1.32054,1.33369,5.17,0,0,0,0,1,0,1,0,1,0,1,0,0,0,0,0
EURUSD,2013-09-02,LONG,5,loss,-1.00,1.31906,1.31734,1.32371,2.70,0,0,0,0,1,0,1,0,1,0,1,1,0,0,0,0
EURUSD,2013-09-03,LONG,3,loss,-1.00,1.31768,1.31655,1.32135,3.25,0,0,0,0,1,0,0,0,0,0,1,1,0,0,0,0
USDCAD,2013-09-05,LONG,6,loss,-1.00,1.04875,1.04753,1.05390,4.22,0,0,0,0,1,1,0,1,0,0,1,1,0,0,1,0
AUDUSD,2013-09-06,SHORT,3,loss,-1.00,0.92033,0.92328,0.90971,3.60,0,0,0,0,1,1,0,0,0,0,1,0,0,0,0,0
USDCAD,2013-09-10,LONG,3,loss,-1.00,1.03334,1.02933,1.04627,3.22,0,0,0,0,1,1,0,0,0,0,1,0,0,0,0,0
EURUSD,2013-09-10,SHORT,5,loss,-1.00,1.32602,1.32806,1.31781,4.02,1,0,0,0,0,0,1,1,0,0,1,1,0,0,0,0
USDCAD,2013-09-11,LONG,2,loss,-1.00,1.03404,1.03300,1.03731,3.14,0,0,0,0,1,0,0,0,0,0,1,0,0,0,0,0
USDJPY,2013-09-18,LONG,6,loss,-1.00,98.06100,97.88400,99.74600,9.52,1,0,1,0,1,1,0,0,0,0,1,0,0,0,1,0
USDCAD,2013-09-24,SHORT,3,loss,-1.00,1.03012,1.03101,1.02685,3.67,1,0,0,0,0,0,0,0,0,0,1,1,0,0,0,0
AUDUSD,2013-09-26,LONG,5,loss,-1.00,0.93532,0.93383,0.93996,3.11,1,0,0,0,0,0,0,0,0,0,1,1,1,1,0,0
AUDUSD,2013-09-27,LONG,4,loss,-1.00,0.93105,0.92847,0.93996,3.45,1,0,0,0,0,1,0,0,0,0,1,1,0,0,0,0
USDJPY,2013-10-01,LONG,4,loss,-1.00,97.82700,97.49700,98.91600,3.30,1,0,0,0,1,0,0,0,0,0,0,1,0,0,1,0
USDJPY,2013-10-01,LONG,4,loss,-1.00,97.82700,97.49700,98.91600,3.30,1,0,0,0,1,0,0,0,0,0,0,1,0,0,1,0
USDCHF,2013-10-01,SHORT,6,loss,-1.00,0.90523,0.90683,0.90101,2.64,1,0,1,0,1,0,0,0,1,0,1,1,0,0,0,0
NZDUSD,2013-10-02,LONG,7,win,2.93,0.82344,0.82056,0.83187,2.93,1,0,1,0,1,1,0,0,0,0,1,1,0,0,0,1
USDCAD,2013-10-02,SHORT,6,win,4.19,1.03437,1.03555,1.02943,4.19,1,0,0,0,0,1,1,0,0,0,1,1,0,0,0,1
USDCHF,2013-10-02,SHORT,6,win,3.07,0.90540,0.90683,0.90101,3.07,1,0,1,0,1,0,0,0,1,0,1,1,0,0,0,0
NZDUSD,2013-10-02,LONG,6,win,2.63,0.82674,0.82479,0.83187,2.63,1,0,1,0,1,1,0,0,0,0,1,1,0,0,0,0
USDJPY,2013-10-03,LONG,4,loss,-1.00,97.08800,96.81300,97.93900,3.09,1,0,0,0,1,0,0,0,0,0,0,0,0,1,1,0
GBPUSD,2013-10-04,LONG,4,loss,-1.00,1.60422,1.59993,1.62001,3.68,0,0,0,0,1,1,0,0,0,0,1,1,0,0,0,0
USDCHF,2013-10-04,SHORT,7,loss,-1.00,0.90516,0.90772,0.89839,2.64,1,0,1,0,1,1,0,0,1,0,1,1,0,0,0,0
GBPUSD,2013-10-04,LONG,5,loss,-1.00,1.60191,1.59993,1.61689,7.57,0,0,0,0,1,1,0,0,0,0,1,1,0,0,1,0
USDCHF,2013-10-09,SHORT,4,loss,-1.00,0.91096,0.91372,0.90196,3.26,1,0,0,0,1,0,0,0,0,0,1,1,0,0,0,0
USDCHF,2013-10-09,SHORT,5,loss,-1.00,0.91017,0.91169,0.90606,2.70,1,0,0,0,1,0,0,0,0,0,1,1,1,0,0,0
GBPUSD,2013-10-11,LONG,4,loss,-1.00,1.59441,1.59139,1.60672,4.08,0,0,0,0,1,1,0,0,0,0,1,1,0,0,0,0
GBPUSD,2013-10-15,LONG,5,win,2.90,1.59354,1.59139,1.59978,2.90,0,0,0,0,1,1,1,0,0,0,1,1,0,0,0,0
EURUSD,2013-10-15,LONG,6,win,4.10,1.34935,1.34767,1.35623,4.10,0,0,0,0,1,1,1,0,0,0,1,1,0,0,1,0
USDCAD,2013-10-16,LONG,5,loss,-1.00,1.03451,1.03314,1.03880,3.13,0,0,0,0,1,1,1,0,0,0,1,1,0,0,0,0
EURUSD,2013-10-16,LONG,6,win,2.67,1.34888,1.34613,1.35623,2.67,0,0,0,0,1,1,1,0,0,0,1,1,0,0,1,0
GBPUSD,2013-10-16,LONG,6,win,3.52,1.59415,1.59149,1.60352,3.52,0,0,0,0,1,1,1,1,0,0,1,1,0,0,0,0
GBPUSD,2013-10-23,LONG,5,win,2.84,1.61498,1.61157,1.62467,2.84,0,0,0,0,1,1,0,0,1,0,1,1,0,0,0,0
USDCAD,2013-10-23,SHORT,5,loss,-1.00,1.03840,1.04193,1.02894,2.68,1,0,0,0,0,1,1,0,0,0,1,1,0,0,0,0
USDJPY,2013-10-24,LONG,5,loss,-1.00,97.34000,97.15800,98.13800,4.38,1,0,0,0,1,1,0,0,0,0,0,1,0,0,1,0
USDCAD,2013-10-24,SHORT,5,loss,-1.00,1.03978,1.04193,1.03288,3.21,1,0,0,0,0,1,1,0,0,0,1,1,0,0,0,0
USDJPY,2013-10-24,LONG,6,loss,-1.00,97.36800,97.15800,98.13800,3.67,1,0,0,0,1,1,0,0,0,0,0,1,1,0,1,0
NZDUSD,2013-10-25,LONG,4,loss,-1.00,0.82797,0.82315,0.84183,2.88,1,0,0,0,1,0,1,0,0,0,1,0,0,0,0,0
USDJPY,2013-10-25,LONG,5,win,3.28,97.38700,97.15800,98.13800,3.28,1,0,0,0,1,1,0,0,0,0,0,1,0,0,1,0
NZDUSD,2013-10-25,LONG,4,loss,-1.00,0.82836,0.82315,0.84183,2.59,1,0,0,0,1,0,1,0,0,0,1,0,0,0,0,0
USDCHF,2013-10-28,SHORT,4,loss,-1.00,0.89541,0.89650,0.89043,4.57,1,0,0,0,1,0,0,0,0,0,1,1,0,0,0,0
NZDUSD,2013-10-28,LONG,5,loss,-1.00,0.82827,0.82315,0.84183,2.65,1,0,0,0,1,1,1,0,0,0,1,0,0,0,0,0
GBPUSD,2013-10-28,LONG,3,loss,-1.00,1.61352,1.61157,1.61957,3.10,0,0,0,0,1,0,0,0,0,0,1,1,0,0,0,0
EURUSD,2013-10-28,LONG,3,loss,-1.00,1.37859,1.37740,1.38254,3.32,0,0,0,0,1,0,0,0,0,0,1,1,0,0,0,0
NZDUSD,2013-10-29,LONG,4,loss,-1.00,0.82486,0.82315,0.82960,2.77,1,0,0,0,1,0,1,0,0,0,1,0,0,0,0,0
EURUSD,2013-11-01,LONG,5,loss,-1.00,1.35134,1.34727,1.36381,3.06,0,0,0,0,1,1,1,0,0,0,1,0,0,0,1,0
EURUSD,2013-11-01,LONG,5,loss,-1.00,1.34872,1.34613,1.35561,2.66,0,0,0,0,1,1,1,0,0,0,1,0,0,0,1,0
GBPUSD,2013-11-01,LONG,4,win,4.17,1.59209,1.58940,1.60332,4.17,0,0,0,0,1,1,1,0,0,0,1,0,0,0,0,0
GBPUSD,2013-11-01,LONG,5,win,2.99,1.59229,1.58940,1.60092,2.99,0,0,0,0,1,1,1,0,0,0,1,0,1,0,0,0
USDCAD,2013-11-04,LONG,4,loss,-1.00,1.04208,1.04114,1.04709,5.33,0,0,0,0,1,0,1,0,0,0,1,1,0,0,0,0
EURUSD,2013-11-05,LONG,4,loss,-1.00,1.34734,1.34420,1.35523,2.51,0,0,0,0,1,1,0,1,0,0,1,0,0,0,0,0
USDCAD,2013-11-07,LONG,4,win,4.32,1.04075,1.03978,1.04494,4.32,0,0,0,0,1,0,1,0,0,0,1,1,0,0,0,0
NZDUSD,2013-11-08,LONG,6,loss,-1.00,0.82522,0.82100,0.83775,2.97,1,0,0,0,1,0,1,0,1,1,1,0,0,0,0,0
NZDUSD,2013-11-08,LONG,6,loss,-1.00,0.82384,0.82100,0.83422,3.65,1,0,0,0,1,0,1,0,1,1,1,0,0,0,0,0
USDCHF,2013-11-08,SHORT,2,win,2.66,0.92264,0.92496,0.91646,2.66,1,0,0,0,1,0,0,0,0,0,0,0,0,0,0,0
NZDUSD,2013-11-11,LONG,7,loss,-1.00,0.82493,0.82246,0.83422,3.76,1,0,0,0,1,1,1,0,0,1,1,1,0,0,0,0
GBPUSD,2013-11-11,LONG,8,loss,-1.00,1.59919,1.59571,1.60957,2.98,0,0,0,0,1,1,1,0,1,1,1,1,0,0,1,0
GBPUSD,2013-11-14,SHORT,4,loss,-1.00,1.60912,1.61177,1.58863,7.73,1,0,0,0,0,0,0,0,1,0,1,1,0,0,0,0
USDCAD,2013-11-18,LONG,6,win,4.41,1.04234,1.04055,1.05024,4.41,0,0,0,0,1,1,1,1,0,0,1,1,0,0,0,0
EURUSD,2013-11-18,SHORT,4,loss,-1.00,1.35250,1.35471,1.34487,3.45,1,0,0,0,0,0,1,0,0,0,1,1,0,0,0,0
USDCAD,2013-11-18,LONG,7,win,3.73,1.04260,1.04055,1.05024,3.73,0,0,0,0,1,1,1,1,0,0,1,1,1,0,0,0
USDCAD,2013-11-18,LONG,6,win,3.12,1.04290,1.04055,1.05024,3.12,0,0,0,0,1,1,1,1,0,0,1,1,0,0,0,0
EURUSD,2013-11-19,SHORT,4,loss,-1.00,1.35251,1.35471,1.34487,3.47,1,0,0,0,0,0,1,0,0,0,1,1,0,0,0,0
NZDUSD,2013-11-20,LONG,7,loss,-1.00,0.83270,0.83088,0.83745,2.61,1,0,0,0,1,1,0,0,1,1,1,1,0,0,0,0
NZDUSD,2013-11-20,LONG,7,loss,-1.00,0.83248,0.83088,0.83745,3.11,1,0,0,0,1,1,0,0,1,1,1,1,0,0,0,0
USDCHF,2013-11-20,SHORT,3,win,2.97,0.91798,0.92004,0.91186,2.97,1,0,0,0,1,0,0,0,0,0,0,1,0,0,0,0
NZDUSD,2013-11-21,LONG,6,loss,-1.00,0.81927,0.81683,0.82545,2.53,1,1,0,0,1,0,0,0,1,1,1,0,0,0,0,0
EURUSD,2013-11-22,SHORT,5,loss,-1.00,1.35505,1.35774,1.34660,3.14,1,0,0,0,0,1,1,0,0,0,1,1,0,0,0,0
EURUSD,2013-11-26,SHORT,5,loss,-1.00,1.35472,1.35599,1.34660,6.39,1,0,0,0,0,0,1,0,1,0,1,1,0,0,0,0
EURUSD,2013-11-26,SHORT,5,loss,-1.00,1.35600,1.35774,1.34660,5.40,1,0,0,0,0,0,1,0,1,0,1,1,0,0,0,0
USDJPY,2013-12-04,LONG,6,loss,-1.00,102.49400,102.22400,103.20900,2.65,1,0,0,0,1,1,0,0,0,0,1,1,0,0,1,0
NZDUSD,2013-12-04,LONG,5,loss,-1.00,0.81829,0.81554,0.82550,2.62,1,1,0,0,1,0,0,0,1,0,0,1,0,0,0,0
NZDUSD,2013-12-05,LONG,5,loss,-1.00,0.81730,0.81554,0.82550,4.66,1,1,0,0,1,0,0,0,1,0,0,1,0,0,0,0
GBPUSD,2013-12-12,LONG,5,loss,-1.00,1.63250,1.62921,1.64395,3.48,0,0,0,0,1,1,0,0,1,0,1,1,0,0,0,0
EURUSD,2013-12-17,LONG,5,loss,-1.00,1.37321,1.37088,1.38006,2.94,0,0,0,0,1,1,0,1,0,0,1,1,0,0,0,0
NZDUSD,2013-12-19,LONG,3,loss,-1.00,0.81668,0.81410,0.82753,4.21,1,1,0,0,1,0,0,0,0,0,0,0,0,0,0,0
EURUSD,2013-12-20,LONG,5,win,2.65,1.36521,1.36124,1.37573,2.65,0,0,0,0,1,0,1,0,0,0,1,1,0,0,0,1
AUDUSD,2013-12-20,SHORT,4,loss,-1.00,0.89145,0.89435,0.88308,2.89,1,0,0,0,1,0,0,0,0,0,1,1,0,0,0,0
EURUSD,2013-12-20,LONG,4,win,3.88,1.36712,1.36490,1.37573,3.88,0,0,0,0,1,0,1,0,0,0,1,1,0,0,0,0
EURUSD,2013-12-20,LONG,5,win,3.48,1.36732,1.36490,1.37573,3.48,0,0,0,0,1,0,1,0,0,0,1,1,1,0,0,0
AUDUSD,2013-12-23,SHORT,6,win,2.64,0.89405,0.89696,0.88638,2.64,1,0,0,0,1,1,0,1,0,0,1,1,0,0,0,0
NZDUSD,2013-12-26,LONG,4,loss,-1.00,0.81619,0.81493,0.82028,3.25,1,1,0,0,1,0,0,0,0,0,0,1,0,0,0,0
NZDUSD,2013-12-26,LONG,4,loss,-1.00,0.81573,0.81493,0.82028,5.69,1,1,0,0,1,0,0,0,0,0,0,1,0,0,0,0
USDCHF,2013-12-26,SHORT,5,win,2.67,0.89620,0.89718,0.89358,2.67,1,0,0,0,1,0,0,0,1,0,1,1,0,0,0,0
NZDUSD,2013-12-26,LONG,4,loss,-1.00,0.81574,0.81493,0.82028,5.60,1,1,0,0,1,0,0,0,0,0,0,1,0,0,0,0
AUDUSD,2013-12-30,SHORT,6,loss,-1.00,0.89088,0.89286,0.88495,2.99,1,0,0,0,1,1,0,0,1,0,1,1,0,0,0,0
USDCAD,2013-12-30,LONG,5,loss,-1.00,1.06393,1.06160,1.07115,3.10,1,0,0,0,1,1,0,0,0,0,1,1,0,0,0,0
AUDUSD,2013-12-30,SHORT,6,win,4.01,0.89128,0.89286,0.88495,4.01,1,0,0,0,1,1,0,0,1,0,1,1,0,0,0,0
USDCHF,2014-01-02,SHORT,6,loss,-1.00,0.89856,0.90009,0.89149,4.62,1,0,0,0,1,0,1,0,0,0,1,1,0,0,1,0
EURUSD,2014-01-02,LONG,5,loss,-1.00,1.36576,1.36248,1.37660,3.30,1,0,0,0,1,0,1,0,0,0,1,1,0,0,0,0
AUDUSD,2014-01-02,SHORT,6,loss,-1.00,0.89301,0.89580,0.88495,2.89,1,0,0,0,1,1,0,0,1,0,1,1,0,0,0,0
USDCAD,2014-01-02,LONG,5,loss,-1.00,1.06387,1.06160,1.07061,2.97,1,0,0,0,1,1,0,0,0,0,1,1,0,0,0,0
EURUSD,2014-01-02,LONG,5,loss,-1.00,1.36520,1.36248,1.37660,4.19,1,0,0,0,1,0,1,0,0,0,1,1,0,0,0,0
EURUSD,2014-01-03,LONG,5,loss,-1.00,1.36394,1.36124,1.37660,4.69,1,0,0,0,1,0,1,0,0,0,1,1,0,0,0,0
GBPUSD,2014-01-03,LONG,3,loss,-1.00,1.64432,1.64111,1.65384,2.97,0,0,0,0,1,0,0,0,0,0,1,1,0,0,0,0
EURUSD,2014-01-03,LONG,5,timeout,-0.04,1.35987,1.35431,1.37660,3.01,1,0,0,0,1,0,1,0,0,0,1,1,0,0,0,0
EURUSD,2014-01-06,LONG,5,loss,-1.00,1.36422,1.36248,1.37660,7.11,1,0,0,0,1,0,1,0,0,0,1,1,0,0,0,0
AUDUSD,2014-01-06,SHORT,5,loss,-1.00,0.89637,0.90044,0.88533,2.71,1,0,0,0,1,1,0,0,0,0,1,1,0,0,0,0
USDJPY,2014-01-06,LONG,6,win,3.29,104.26900,104.07400,104.91100,3.29,1,0,0,0,1,1,0,1,0,0,1,1,0,0,0,0
USDCHF,2014-01-07,SHORT,2,loss,-1.00,0.90923,0.91099,0.90028,5.09,1,0,0,0,1,0,0,0,0,0,0,0,0,0,0,0
USDJPY,2014-01-10,LONG,6,loss,-1.00,104.14600,103.90700,104.95800,3.40,1,0,0,0,1,1,0,0,0,0,1,1,0,0,1,0
USDJPY,2014-01-10,LONG,6,loss,-1.00,104.03600,103.77000,104.95800,3.47,1,0,0,0,1,1,0,0,0,0,1,1,0,0,1,0
USDJPY,2014-01-13,LONG,6,win,2.59,102.91100,102.49800,103.98200,2.59,1,0,0,0,1,0,1,1,0,0,1,0,0,0,1,0
EURUSD,2014-01-15,LONG,5,loss,-1.00,1.35946,1.35710,1.36720,3.28,1,0,0,0,1,0,1,0,1,0,0,1,0,0,0,0
GBPUSD,2014-01-15,LONG,6,loss,-1.00,1.63504,1.63222,1.64802,4.60,0,0,0,0,1,1,1,0,1,0,1,1,0,0,0,0
GBPUSD,2014-01-16,LONG,6,loss,-1.00,1.63443,1.63222,1.64224,3.53,0,0,0,0,1,1,1,0,1,0,1,1,0,0,0,0
EURUSD,2014-01-17,LONG,5,loss,-1.00,1.35963,1.35814,1.36435,3.17,1,0,0,0,1,0,1,0,1,0,0,1,0,0,0,0
USDCHF,2014-01-17,SHORT,5,loss,-1.00,0.90921,0.91079,0.90281,4.05,1,0,0,0,1,1,0,0,1,0,0,1,0,0,0,0
EURUSD,2014-01-17,LONG,4,loss,-1.00,1.35574,1.35431,1.36435,6.02,1,0,0,0,1,0,0,0,1,0,0,1,0,0,0,0
USDCHF,2014-01-17,SHORT,5,loss,-1.00,0.91121,0.91267,0.90606,3.53,1,0,0,0,1,1,0,0,1,0,0,1,0,0,0,0
USDJPY,2014-01-17,LONG,6,loss,-1.00,104.30700,104.14600,104.73700,2.67,1,0,0,0,1,1,0,0,0,0,1,1,0,0,1,0
EURUSD,2014-01-21,LONG,4,win,2.93,1.35174,1.34900,1.35976,2.93,1,0,0,0,1,0,0,0,0,0,0,1,0,0,1,0
USDJPY,2014-01-23,LONG,7,loss,-1.00,103.17600,102.85300,104.34700,3.63,1,0,0,0,1,1,1,0,1,0,1,0,0,0,1,0
USDJPY,2014-01-24,LONG,3,loss,-1.00,102.28800,101.62000,104.22300,2.90,1,0,0,0,1,0,0,0,0,0,1,0,0,0,0,0
USDJPY,2014-01-27,LONG,4,win,3.55,102.43500,102.15300,103.43600,3.55,1,0,0,0,1,0,0,0,0,0,1,0,0,0,1,0
GBPUSD,2014-01-29,LONG,4,loss,-1.00,1.65573,1.65357,1.66488,4.24,0,0,0,0,1,0,0,0,0,1,1,1,0,0,0,0
EURUSD,2014-01-29,LONG,6,loss,-1.00,1.36434,1.36290,1.37197,5.30,1,0,0,0,1,0,1,0,1,0,1,1,0,0,0,0
USDJPY,2014-01-29,LONG,4,loss,-1.00,102.03000,101.76700,103.12700,4.17,1,0,0,0,1,1,0,0,0,0,0,0,0,0,1,0
EURUSD,2014-01-30,LONG,6,loss,-1.00,1.35633,1.35303,1.36488,2.59,1,0,0,0,1,1,1,0,0,0,1,1,0,0,0,0
EURUSD,2014-01-30,LONG,4,loss,-1.00,1.35504,1.35303,1.36245,3.69,1,0,0,0,1,1,0,0,0,0,0,1,0,0,0,0
EURUSD,2014-01-31,LONG,4,loss,-1.00,1.35485,1.35303,1.35974,2.69,1,0,0,0,1,0,0,0,0,0,0,1,1,0,0,0
NZDUSD,2014-01-31,LONG,2,loss,-1.00,0.81086,0.80838,0.81796,2.86,1,0,0,0,1,0,0,0,0,0,0,0,0,0,0,0
USDJPY,2014-01-31,LONG,4,loss,-1.00,101.98600,101.76700,103.12700,5.21,1,0,0,0,1,0,0,0,1,0,0,0,0,0,1,0
USDCAD,2014-01-31,LONG,4,loss,-1.00,1.11267,1.11023,1.11965,2.86,1,0,0,0,1,0,0,0,0,0,1,1,0,0,0,0
USDCAD,2014-02-03,LONG,4,loss,-1.00,1.10721,1.10312,1.11965,3.04,1,0,0,0,1,0,0,0,0,0,1,1,0,0,0,0
EURUSD,2014-02-03,LONG,4,loss,-1.00,1.35066,1.34900,1.35485,2.52,1,0,0,0,1,0,0,0,0,0,0,1,0,0,1,0
USDCAD,2014-02-03,LONG,4,win,2.75,1.10530,1.10312,1.11129,2.75,1,0,0,0,1,0,0,0,0,0,1,1,0,0,0,0
GBPUSD,2014-02-03,LONG,4,loss,-1.00,1.63311,1.63090,1.64294,4.45,0,0,0,0,1,0,1,0,0,1,1,0,0,0,0,0
USDCAD,2014-02-05,LONG,4,win,2.97,1.10508,1.10312,1.11091,2.97,1,0,0,0,1,0,0,0,0,0,1,1,0,0,0,0
GBPUSD,2014-02-05,LONG,3,win,2.84,1.62737,1.62189,1.64294,2.84,0,0,0,0,1,0,0,0,0,1,1,0,0,0,0,0
AUDUSD,2014-02-07,SHORT,3,win,2.61,0.89601,0.89801,0.89078,2.61,1,0,0,0,1,0,0,0,0,0,1,0,0,0,0,0
USDCAD,2014-02-12,LONG,5,loss,-1.00,1.09890,1.09674,1.10545,3.03,1,0,0,0,1,0,0,0,0,0,1,1,0,0,1,0
USDCAD,2014-02-13,LONG,7,loss,-1.00,1.09979,1.09759,1.10545,2.57,1,0,0,0,1,1,0,0,0,0,1,1,0,1,1,0
USDCAD,2014-02-13,LONG,6,loss,-1.00,1.09852,1.09674,1.10545,3.89,1,0,0,0,1,1,0,0,0,0,1,1,0,0,1,0
USDCAD,2014-02-13,LONG,5,loss,-1.00,1.09748,1.09534,1.10545,3.72,1,0,0,0,1,1,0,0,0,0,1,1,0,0,0,0
USDCAD,2014-02-14,LONG,5,loss,-1.00,1.09768,1.09534,1.10545,3.32,1,0,0,0,1,0,0,0,0,0,1,1,0,0,0,1
USDCAD,2014-02-14,LONG,6,loss,-1.00,1.09805,1.09534,1.10545,2.73,1,0,0,0,1,0,0,0,0,0,1,1,1,0,1,0
NZDUSD,2014-02-18,LONG,5,loss,-1.00,0.83041,0.82927,0.83730,6.04,1,0,0,0,1,0,1,0,0,0,1,1,0,0,0,0
USDCAD,2014-03-05,LONG,4,loss,-1.00,1.10783,1.10620,1.11246,2.84,1,0,0,0,1,0,0,0,0,0,1,1,0,0,0,0
USDCAD,2014-03-05,LONG,4,loss,-1.00,1.10620,1.10387,1.11246,2.69,1,0,0,0,1,0,0,0,0,0,1,1,0,0,0,0
AUDUSD,2014-03-06,SHORT,2,loss,-1.00,0.90536,0.90803,0.89765,2.89,1,0,0,0,1,0,0,0,0,0,0,0,0,0,0,0
AUDUSD,2014-03-07,SHORT,2,win,2.77,0.91269,0.91669,0.90161,2.77,1,0,0,0,1,0,0,0,0,0,0,0,0,0,0,0
GBPUSD,2014-03-10,LONG,6,loss,-1.00,1.66344,1.65834,1.67645,2.55,1,0,0,0,1,1,1,0,0,0,1,1,0,0,0,0
NZDUSD,2014-03-10,LONG,5,loss,-1.00,0.84634,0.84445,0.85159,2.78,1,0,0,1,1,0,0,0,0,0,1,1,0,0,0,0
NZDUSD,2014-03-10,LONG,6,loss,-1.00,0.84649,0.84445,0.85159,2.50,1,0,0,1,1,0,0,0,0,0,1,1,1,0,0,0
GBPUSD,2014-03-10,LONG,7,loss,-1.00,1.66369,1.66163,1.67323,4.63,1,0,0,0,1,1,1,0,0,0,1,1,0,0,0,1
GBPUSD,2014-03-11,LONG,6,loss,-1.00,1.66092,1.65834,1.67323,4.77,1,0,0,0,1,1,1,0,0,0,1,1,0,0,0,0
GBPUSD,2014-03-11,LONG,6,loss,-1.00,1.66150,1.65834,1.67323,3.71,1,0,0,0,1,1,1,0,0,0,1,1,0,0,0,0
GBPUSD,2014-03-12,LONG,7,loss,-1.00,1.66054,1.65834,1.67323,5.77,1,0,0,0,1,1,1,1,0,0,1,1,0,0,0,0
GBPUSD,2014-03-12,LONG,7,loss,-1.00,1.66187,1.65962,1.67323,5.05,1,0,0,0,1,1,1,1,0,0,1,1,0,0,0,0
USDJPY,2014-03-13,LONG,7,win,2.53,101.59900,101.20000,102.61000,2.53,1,0,0,0,1,1,0,0,1,1,1,0,0,0,1,0
USDJPY,2014-03-14,LONG,6,win,7.39,101.36800,101.20000,102.60900,7.39,1,0,0,0,1,1,0,0,0,1,1,0,0,0,1,0
GBPUSD,2014-03-14,LONG,6,loss,-1.00,1.65899,1.65685,1.67136,5.78,1,0,0,0,1,1,1,0,0,0,1,1,0,0,0,0
USDCHF,2014-03-17,SHORT,5,loss,-1.00,0.87537,0.87645,0.87108,3.97,1,0,0,0,1,0,0,1,0,0,1,1,0,0,0,0
AUDUSD,2014-03-17,SHORT,4,loss,-1.00,0.90854,0.91033,0.90290,3.15,1,0,0,0,1,0,0,0,1,0,0,1,0,0,0,0
GBPUSD,2014-03-17,LONG,8,loss,-1.00,1.66093,1.65872,1.67136,4.72,1,0,0,0,1,1,1,1,0,0,1,1,0,1,0,0
AUDUSD,2014-03-17,SHORT,4,loss,-1.00,0.90864,0.91033,0.90338,3.11,1,0,0,0,1,0,0,0,1,0,0,1,0,0,0,0
GBPUSD,2014-03-18,LONG,5,loss,-1.00,1.66219,1.65872,1.67136,2.64,1,0,0,0,1,0,1,0,0,0,1,1,0,0,0,0
USDJPY,2014-03-18,LONG,6,win,8.04,101.36300,101.20800,102.60900,8.04,1,0,0,0,1,1,0,0,0,1,0,1,0,0,1,0
AUDUSD,2014-03-19,SHORT,3,win,3.24,0.91194,0.91330,0.90754,3.24,1,0,0,0,1,0,0,0,0,0,0,1,0,0,0,0
USDCHF,2014-03-20,SHORT,4,loss,-1.00,0.88540,0.88955,0.87381,2.79,1,0,0,0,1,0,1,0,0,0,1,0,0,0,0,0
NZDUSD,2014-03-20,LONG,9,loss,-1.00,0.85368,0.85188,0.86227,4.77,1,0,1,1,1,1,0,1,0,0,1,1,0,0,0,1
AUDUSD,2014-03-24,SHORT,4,loss,-1.00,0.91157,0.91381,0.90368,3.52,1,0,0,0,1,1,0,0,0,0,0,1,0,0,0,0
EURUSD,2014-03-24,LONG,5,win,5.27,1.37637,1.37494,1.38390,5.27,1,0,0,0,1,0,1,0,0,0,1,1,0,0,0,0
AUDUSD,2014-03-24,SHORT,4,loss,-1.00,0.91225,0.91381,0.90809,2.67,1,0,0,0,1,1,0,0,0,0,0,1,0,0,0,0
GBPUSD,2014-03-24,LONG,7,win,3.51,1.65002,1.64567,1.66529,3.51,1,0,0,0,1,0,1,1,0,0,0,1,0,0,1,1
USDCAD,2014-03-24,LONG,6,loss,-1.00,1.11945,1.11735,1.12515,2.71,1,0,0,0,1,1,0,0,1,0,1,1,0,0,0,0
USDCAD,2014-03-25,LONG,5,loss,-1.00,1.11928,1.11735,1.12515,3.04,1,0,0,0,1,0,0,0,1,0,1,1,0,0,0,0
AUDUSD,2014-03-25,SHORT,2,loss,-1.00,0.91511,0.91669,0.90809,4.44,1,0,0,0,1,0,0,0,0,0,0,0,0,0,0,0
EURUSD,2014-03-27,LONG,5,loss,-1.00,1.37651,1.37491,1.38358,4.42,1,0,0,0,1,0,1,0,0,0,1,1,0,0,0,0
EURUSD,2014-03-27,LONG,5,loss,-1.00,1.37393,1.37075,1.38358,3.03,1,0,0,0,1,0,1,0,0,0,1,1,0,0,0,0
EURUSD,2014-03-27,LONG,6,loss,-1.00,1.37407,1.37075,1.38358,2.86,1,0,0,0,1,0,1,0,0,0,1,1,1,0,0,0
EURUSD,2014-03-28,LONG,7,loss,-1.00,1.37359,1.37075,1.38358,3.52,1,0,0,0,1,1,1,1,0,0,1,1,0,0,0,0
USDCHF,2014-03-28,SHORT,7,loss,-1.00,0.88688,0.88788,0.88359,3.29,1,0,0,0,1,1,1,1,0,0,1,1,0,0,0,0
USDCAD,2014-04-01,LONG,6,loss,-1.00,1.10256,1.10022,1.10991,3.14,1,0,0,0,1,1,1,0,0,0,1,1,0,0,0,0
NZDUSD,2014-04-02,LONG,6,loss,-1.00,0.85699,0.85321,0.86682,2.60,1,0,0,1,1,1,0,0,0,0,1,1,0,0,0,0
NZDUSD,2014-04-03,LONG,6,win,2.66,0.85308,0.85150,0.85729,2.66,1,0,0,1,1,1,0,0,0,0,1,0,1,0,0,0
USDCHF,2014-04-03,SHORT,4,loss,-1.00,0.89139,0.89303,0.88670,2.86,1,0,0,0,1,0,0,0,0,0,1,1,0,0,0,0
USDCHF,2014-04-04,SHORT,5,win,4.23,0.89182,0.89303,0.88670,4.23,1,0,0,0,1,0,0,1,0,0,0,1,1,0,0,0
USDCHF,2014-04-04,SHORT,5,win,3.72,0.89169,0.89303,0.88670,3.72,1,0,0,0,1,0,0,1,0,0,0,1,1,0,0,0
USDCAD,2014-04-07,LONG,5,loss,-1.00,1.09713,1.09569,1.10221,3.53,1,0,1,0,1,0,0,0,1,0,0,1,0,0,0,0
USDCAD,2014-04-07,LONG,5,loss,-1.00,1.09689,1.09569,1.10221,4.43,1,0,1,0,1,0,0,0,1,0,0,1,0,0,0,0
USDCAD,2014-04-08,LONG,4,loss,-1.00,1.09236,1.09101,1.09764,3.91,1,0,1,0,1,0,0,0,1,0,0,0,0,0,0,0
USDCAD,2014-04-08,LONG,4,loss,-1.00,1.09206,1.09048,1.09705,3.16,1,0,1,0,1,0,0,0,1,0,0,0,0,0,0,0
USDJPY,2014-04-08,LONG,3,timeout,2.03,101.70100,101.27700,102.79600,2.58,1,0,0,0,1,0,0,0,0,0,1,0,0,0,0,0
USDCAD,2014-04-08,LONG,5,loss,-1.00,1.09214,1.09101,1.09705,4.35,1,0,1,0,1,0,0,0,1,0,0,0,1,0,0,0
USDJPY,2014-04-10,LONG,5,win,3.21,101.42600,101.20800,102.12500,3.21,1,0,0,0,1,1,0,0,0,0,1,0,0,0,1,0
USDJPY,2014-04-10,LONG,5,win,4.30,101.43700,101.27700,102.12500,4.30,1,0,0,0,1,1,0,0,0,0,0,0,1,0,1,0
USDJPY,2014-04-11,LONG,3,win,3.15,101.42900,101.20800,102.12500,3.15,1,0,0,0,1,0,0,0,0,0,0,0,0,0,1,0
USDCHF,2014-04-17,SHORT,5,loss,-1.00,0.88122,0.88278,0.87648,3.04,1,0,0,0,1,0,1,0,0,0,1,1,0,0,0,0
EURUSD,2014-04-18,LONG,5,loss,-1.00,1.38148,1.38037,1.38561,3.72,1,0,0,0,1,0,1,0,0,0,1,1,0,0,0,0
EURUSD,2014-04-18,LONG,5,loss,-1.00,1.38120,1.38037,1.38561,5.31,1,0,0,0,1,0,1,0,0,0,1,1,0,0,0,0
NZDUSD,2014-04-18,LONG,7,loss,-1.00,0.85728,0.85618,0.86097,3.35,1,0,0,1,1,0,1,0,0,1,1,1,0,0,0,0
EURUSD,2014-04-21,LONG,6,loss,-1.00,1.38116,1.38037,1.38561,5.63,1,0,0,0,1,1,1,0,0,0,1,1,0,0,0,0
AUDUSD,2014-04-21,LONG,5,win,2.53,0.93361,0.93210,0.93743,2.53,0,1,0,0,1,0,0,0,0,0,1,1,0,0,0,1
AUDUSD,2014-04-23,LONG,6,loss,-1.00,0.92823,0.92537,0.93697,3.06,0,1,0,0,1,1,0,1,0,0,1,1,0,0,0,0
AUDUSD,2014-04-23,LONG,6,loss,-1.00,0.92868,0.92537,0.93697,2.50,0,1,0,0,1,1,0,1,0,0,1,1,0,0,0,0
NZDUSD,2014-04-28,LONG,7,win,5.83,0.85302,0.85139,0.86252,5.83,1,0,0,1,1,0,1,0,0,1,1,1,0,0,0,0
AUDUSD,2014-04-29,LONG,5,win,2.57,0.92633,0.92522,0.92918,2.57,0,1,0,0,1,0,1,0,0,0,1,1,0,0,0,0
USDCAD,2014-04-29,LONG,3,loss,-1.00,1.09631,1.09422,1.10200,2.72,1,0,0,0,1,0,0,0,0,0,0,1,0,0,0,0
USDCHF,2014-04-29,SHORT,6,win,5.57,0.88450,0.88560,0.87837,5.57,1,0,0,0,1,0,1,0,1,0,1,1,0,0,0,0
USDCAD,2014-04-29,LONG,3,loss,-1.00,1.09513,1.09422,1.10156,7.07,1,0,0,0,1,0,0,0,0,0,0,1,0,0,0,0
EURUSD,2014-04-29,LONG,6,loss,-1.00,1.38099,1.37914,1.38700,3.25,1,0,0,0,1,0,1,0,1,0,1,1,0,0,0,0
USDCAD,2014-05-06,LONG,3,loss,-1.00,1.08906,1.08578,1.09840,2.85,1,0,0,0,1,0,0,0,0,0,0,1,0,0,0,0
USDJPY,2014-05-06,LONG,8,loss,-1.00,101.60800,101.50200,102.00300,3.73,1,0,1,0,1,1,0,0,1,0,0,1,1,0,1,0
USDCAD,2014-05-06,LONG,2,loss,-1.00,1.08788,1.08578,1.09451,3.16,1,0,0,0,1,0,0,0,0,0,0,0,0,0,0,0
USDCAD,2014-05-08,LONG,3,loss,-1.00,1.08561,1.08426,1.09280,5.33,1,0,0,0,1,0,0,0,0,0,0,1,0,0,0,0
USDJPY,2014-05-08,LONG,5,win,3.18,101.56800,101.43100,102.00300,3.18,1,0,1,0,1,0,0,0,0,0,0,1,0,0,1,0
EURUSD,2014-05-08,LONG,6,loss,-1.00,1.38479,1.38122,1.39475,2.79,1,0,0,0,1,0,1,0,1,0,1,1,0,0,0,0
USDCHF,2014-05-09,SHORT,5,loss,-1.00,0.88396,0.88507,0.87299,9.88,1,0,0,0,1,0,1,0,0,0,1,1,0,0,0,0
GBPUSD,2014-05-09,LONG,4,loss,-1.00,1.68483,1.68221,1.69317,3.18,1,0,0,0,1,0,0,0,0,0,1,1,0,0,0,0
NZDUSD,2014-05-09,LONG,8,win,3.45,0.86099,0.85923,0.86706,3.45,1,0,0,1,1,0,1,0,1,1,1,1,0,0,0,0
GBPUSD,2014-05-09,LONG,5,loss,-1.00,1.68503,1.68221,1.69317,2.89,1,0,0,0,1,0,0,0,0,0,1,1,1,0,0,0
EURUSD,2014-05-12,LONG,5,loss,-1.00,1.37665,1.37451,1.38382,3.35,1,0,0,0,1,0,1,0,0,0,1,1,0,0,0,0
EURUSD,2014-05-12,LONG,5,loss,-1.00,1.37588,1.37451,1.38382,5.80,1,0,0,0,1,0,1,0,0,0,1,1,0,0,0,0
GBPUSD,2014-05-13,LONG,5,loss,-1.00,1.68384,1.68221,1.69317,5.72,1,0,0,0,1,0,1,0,0,0,1,1,0,0,0,0
EURUSD,2014-05-13,LONG,3,loss,-1.00,1.37091,1.36728,1.38382,3.56,1,0,0,0,1,0,0,0,0,0,1,0,0,0,0,0
GBPUSD,2014-05-13,LONG,5,loss,-1.00,1.68374,1.68221,1.68766,2.56,1,0,0,0,1,0,1,0,0,0,1,1,0,0,0,0
GBPUSD,2014-05-14,LONG,5,loss,-1.00,1.67776,1.67626,1.68766,6.60,1,0,0,0,1,0,1,0,0,0,1,1,0,0,0,0
GBPUSD,2014-05-14,LONG,6,loss,-1.00,1.67827,1.67652,1.68616,4.51,1,0,0,0,1,0,1,0,0,0,1,1,1,0,0,0
USDCHF,2014-05-14,SHORT,3,loss,-1.00,0.88979,0.89081,0.88681,2.92,1,0,0,0,1,0,0,0,0,0,0,1,0,0,0,0
EURUSD,2014-05-15,LONG,2,win,3.24,1.36615,1.36432,1.37208,3.24,1,0,0,0,1,0,0,0,0,0,0,0,0,0,0,0
USDJPY,2014-05-15,LONG,5,loss,-1.00,101.43900,101.27700,102.16000,4.45,1,0,0,0,1,0,0,0,1,0,0,1,0,0,1,0
GBPUSD,2014-05-15,LONG,6,win,2.83,1.67904,1.67652,1.68616,2.83,1,0,0,0,1,0,1,1,0,0,1,1,0,0,0,0
GBPUSD,2014-05-15,LONG,7,win,2.67,1.67915,1.67652,1.68616,2.67,1,0,0,0,1,0,1,1,0,0,1,1,1,0,0,0
USDJPY,2014-05-15,LONG,5,loss,-1.00,101.59500,101.46000,102.16000,4.19,1,0,0,0,1,0,0,0,1,0,0,1,0,0,1,0
USDJPY,2014-05-16,LONG,6,loss,-1.00,101.45100,101.31300,102.16000,5.14,1,0,0,0,1,0,0,1,1,0,0,1,0,0,1,0
USDJPY,2014-05-16,LONG,6,loss,-1.00,101.49800,101.31300,102.16000,3.58,1,0,0,0,1,0,0,1,1,0,0,1,0,0,1,0
USDJPY,2014-05-16,LONG,6,loss,-1.00,101.54000,101.31300,102.16000,2.73,1,0,0,0,1,0,0,1,1,0,0,1,0,0,1,0
USDCHF,2014-05-19,SHORT,3,loss,-1.00,0.89192,0.89266,0.88979,2.88,1,0,0,0,1,0,0,0,0,0,0,1,0,0,0,0
AUDUSD,2014-05-19,LONG,4,loss,-1.00,0.93267,0.93182,0.93756,5.75,0,1,0,0,1,0,0,0,0,0,1,1,0,0,0,0
USDCHF,2014-05-20,SHORT,4,loss,-1.00,0.89199,0.89266,0.88979,3.28,1,0,0,0,1,0,0,1,0,0,0,1,0,0,0,0
USDCHF,2014-05-20,SHORT,4,win,2.83,0.89191,0.89266,0.88979,2.83,1,0,0,0,1,0,0,1,0,0,0,1,0,0,0,0
AUDUSD,2014-05-21,LONG,3,win,2.78,0.92278,0.92017,0.93003,2.78,0,0,0,0,1,1,0,0,0,0,1,0,0,0,0,0
EURUSD,2014-05-21,LONG,3,loss,-1.00,1.36556,1.36432,1.37161,4.88,1,0,0,0,1,0,0,0,0,0,0,1,0,0,0,0
USDCHF,2014-05-21,SHORT,3,loss,-1.00,0.89515,0.89601,0.89064,5.24,1,0,0,0,1,0,0,0,0,0,0,1,0,0,0,0
AUDUSD,2014-05-21,LONG,3,win,7.50,0.92133,0.92017,0.93003,7.50,0,0,0,0,1,1,0,0,0,0,1,0,0,0,0,0
NZDUSD,2014-05-21,LONG,3,loss,-1.00,0.85442,0.85166,0.86315,3.16,1,0,0,0,1,0,0,0,0,0,1,0,0,0,0,0
AUDUSD,2014-05-22,LONG,5,win,2.55,0.92346,0.92088,0.93003,2.55,0,0,0,0,1,1,1,0,0,0,1,1,0,0,0,0
AUDUSD,2014-05-22,LONG,3,win,3.62,0.92214,0.92088,0.92670,3.62,0,0,0,0,1,1,0,0,0,0,1,0,0,0,0,0
EURUSD,2014-05-22,LONG,3,loss,-1.00,1.36517,1.36345,1.37159,3.73,1,0,0,0,1,0,0,0,0,0,0,1,0,0,0,0
EURUSD,2014-05-22,LONG,3,loss,-1.00,1.36560,1.36345,1.37159,2.79,1,0,0,0,1,0,0,0,0,0,0,1,0,0,0,0
USDCHF,2014-05-23,SHORT,3,loss,-1.00,0.89555,0.89648,0.89313,2.60,1,0,0,0,1,0,0,0,0,0,0,1,0,0,0,0
GBPUSD,2014-05-23,LONG,8,loss,-1.00,1.68217,1.68021,1.68925,3.61,1,0,0,0,1,1,1,0,1,1,1,1,0,0,0,0
GBPUSD,2014-05-23,LONG,9,loss,-1.00,1.68246,1.68021,1.68925,3.02,1,0,0,0,1,1,1,0,1,1,1,1,1,0,0,0
USDCHF,2014-05-23,SHORT,4,loss,-1.00,0.89553,0.89648,0.89313,2.53,1,0,0,0,1,0,0,0,0,0,0,1,0,0,0,1
USDCAD,2014-05-26,LONG,4,loss,-1.00,1.08608,1.08500,1.09022,3.83,1,0,0,0,1,0,0,0,1,0,0,1,0,0,0,0
EURUSD,2014-05-26,LONG,5,loss,-1.00,1.36481,1.36345,1.37159,4.99,1,0,1,0,1,0,0,0,0,0,0,1,0,0,0,1
USDCAD,2014-05-26,LONG,4,loss,-1.00,1.08588,1.08500,1.09022,4.93,1,0,0,0,1,0,0,0,1,0,0,1,0,0,0,0
USDCHF,2014-05-27,SHORT,4,loss,-1.00,0.89586,0.89667,0.89313,3.37,1,0,1,0,1,0,0,0,0,0,0,1,0,0,0,0
USDCAD,2014-05-27,LONG,4,loss,-1.00,1.08601,1.08500,1.09022,4.17,1,0,0,0,1,0,0,0,1,0,0,1,0,0,0,0
GBPUSD,2014-05-28,LONG,6,loss,-1.00,1.67501,1.67320,1.68126,3.45,1,0,0,0,1,0,1,0,0,1,1,1,0,0,0,0
NZDUSD,2014-05-29,LONG,6,loss,-1.00,0.84879,0.84698,0.85438,3.09,1,0,0,0,1,0,0,1,0,0,0,1,0,0,1,1
NZDUSD,2014-05-29,LONG,3,loss,-1.00,0.84618,0.84356,0.85438,3.13,1,0,0,0,1,0,0,1,0,0,0,0,0,0,0,0
USDCHF,2014-06-11,SHORT,7,loss,-1.00,0.89979,0.90075,0.89714,2.76,1,1,0,0,1,0,0,1,1,0,0,1,0,0,1,0
EURUSD,2014-06-11,LONG,5,win,2.56,1.35279,1.35030,1.35916,2.56,1,1,0,0,1,0,0,0,1,0,0,1,0,0,0,0
USDCHF,2014-06-11,SHORT,7,loss,-1.00,0.89999,0.90075,0.89714,3.75,1,1,0,0,1,0,0,1,1,0,0,1,0,0,1,0
USDCHF,2014-06-12,SHORT,6,win,2.90,0.90010,0.90112,0.89714,2.90,1,1,0,0,1,0,0,0,1,0,0,1,0,0,1,0
EURUSD,2014-06-12,LONG,6,win,3.05,1.35249,1.35030,1.35916,3.05,1,1,0,0,1,0,0,1,1,0,0,1,0,0,0,0
USDJPY,2014-06-12,LONG,7,win,2.86,101.65000,101.42900,102.28100,2.86,1,0,0,0,1,1,1,0,0,0,1,1,0,0,1,0
EURUSD,2014-06-13,LONG,5,win,2.76,1.35220,1.35030,1.35745,2.76,1,1,0,0,1,0,0,0,1,0,0,1,0,0,0,0
USDCHF,2014-06-13,SHORT,6,loss,-1.00,0.90015,0.90116,0.89631,3.80,1,1,0,0,1,0,0,0,1,0,0,1,0,0,1,0
USDCAD,2014-06-13,LONG,5,loss,-1.00,1.08558,1.08414,1.09003,3.09,1,0,0,0,1,1,0,0,0,1,0,1,0,0,0,0
AUDUSD,2014-06-17,LONG,7,win,3.00,0.93393,0.93188,0.94007,3.00,0,1,1,0,1,1,1,0,0,0,1,1,0,0,0,0
USDCAD,2014-06-19,LONG,5,loss,-1.00,1.08292,1.08139,1.08697,2.65,1,0,0,0,1,0,0,0,0,1,0,1,0,0,0,1
USDCAD,2014-06-19,LONG,4,loss,-1.00,1.08283,1.08139,1.08697,2.88,1,0,0,0,1,0,0,0,0,1,0,1,0,0,0,0
USDJPY,2014-06-19,LONG,8,win,2.54,101.84700,101.72100,102.16700,2.54,1,0,0,0,1,1,1,0,1,1,0,1,0,0,1,0
USDCAD,2014-06-19,LONG,4,loss,-1.00,1.08226,1.08139,1.08697,5.41,1,0,0,0,1,0,0,0,0,1,0,1,0,0,0,0
USDJPY,2014-06-23,LONG,9,win,3.23,101.84100,101.74000,102.16700,3.23,1,0,0,1,1,1,1,0,1,1,0,1,0,0,1,0
USDCAD,2014-07-01,LONG,3,loss,-1.00,1.06591,1.06468,1.06947,2.89,1,0,0,0,1,0,0,0,0,0,0,1,0,0,0,0
AUDUSD,2014-07-03,LONG,5,loss,-1.00,0.93776,0.93542,0.94364,2.51,0,0,0,0,1,1,1,0,0,0,1,1,0,0,0,0
AUDUSD,2014-07-03,LONG,6,win,3.46,0.93474,0.93217,0.94364,3.46,0,1,0,0,1,1,1,0,0,0,1,1,0,0,0,0
EURUSD,2014-07-04,LONG,6,loss,-1.00,1.35905,1.35762,1.36615,4.97,1,1,0,0,1,1,1,0,0,0,0,1,0,0,0,0
USDCHF,2014-07-04,SHORT,5,loss,-1.00,0.89462,0.89564,0.88886,5.65,1,0,0,0,1,0,1,0,0,0,1,1,0,0,0,0
EURUSD,2014-07-04,LONG,7,loss,-1.00,1.35985,1.35762,1.36615,2.83,1,1,0,0,1,1,1,0,0,0,0,1,0,0,0,1
USDCHF,2014-07-04,SHORT,5,loss,-1.00,0.89401,0.89564,0.88886,3.16,1,0,0,0,1,0,1,0,0,0,1,1,0,0,0,0
EURUSD,2014-07-04,LONG,6,loss,-1.00,1.35933,1.35762,1.36615,3.99,1,1,0,0,1,1,1,0,0,0,0,1,0,0,0,0
USDCHF,2014-07-04,SHORT,5,loss,-1.00,0.89440,0.89564,0.88886,4.47,1,0,0,0,1,0,1,0,0,0,1,1,0,0,0,0
USDCHF,2014-07-07,SHORT,5,loss,-1.00,0.89392,0.89564,0.88886,2.94,1,0,0,0,1,0,1,0,0,0,1,1,0,0,0,0
EURUSD,2014-07-07,LONG,7,loss,-1.00,1.35960,1.35762,1.36615,3.31,1,1,0,1,1,1,1,0,0,0,0,1,0,0,0,0
USDCHF,2014-07-08,SHORT,6,loss,-1.00,0.89410,0.89588,0.88886,2.94,1,0,0,0,1,0,1,1,0,0,1,1,0,0,0,0
EURUSD,2014-07-08,LONG,7,loss,-1.00,1.35948,1.35759,1.36615,3.53,1,1,0,1,1,1,1,0,0,0,0,1,0,0,0,0
USDJPY,2014-07-10,LONG,6,loss,-1.00,101.35600,101.23700,101.70700,2.95,1,0,0,1,1,0,0,0,1,0,0,1,0,0,1,0
USDCAD,2014-07-11,SHORT,5,loss,-1.00,1.07330,1.07517,1.06346,5.26,0,1,0,0,1,0,1,0,0,0,1,1,0,0,0,0
USDCAD,2014-07-14,SHORT,7,loss,-1.00,1.07315,1.07517,1.06352,4.77,0,1,1,0,1,0,1,0,0,0,1,1,0,0,0,1
GBPUSD,2014-07-14,LONG,4,loss,-1.00,1.71074,1.70942,1.71521,3.39,1,0,0,0,1,0,0,0,0,0,1,1,0,0,0,0
USDCAD,2014-07-14,SHORT,5,loss,-1.00,1.07216,1.07517,1.06352,2.87,0,1,1,0,1,0,0,0,0,0,1,1,0,0,0,0
USDCAD,2014-07-15,SHORT,7,loss,-1.00,1.07251,1.07470,1.06352,4.11,0,1,1,0,1,0,0,0,0,0,1,1,1,0,0,1
USDCHF,2014-07-15,SHORT,6,loss,-1.00,0.89592,0.89676,0.89150,5.26,1,0,0,0,1,0,1,0,1,0,1,1,0,0,0,0
USDCHF,2014-07-16,SHORT,5,loss,-1.00,0.89797,0.90047,0.89150,2.59,1,1,0,0,1,0,0,0,1,0,0,1,0,0,0,0
NZDUSD,2014-07-18,LONG,5,loss,-1.00,0.86761,0.86619,0.87141,2.68,1,0,0,0,1,0,1,0,0,0,1,1,0,0,0,0
NZDUSD,2014-07-18,LONG,5,win,2.73,0.86759,0.86619,0.87141,2.73,1,0,0,0,1,0,1,0,0,0,1,1,0,0,0,0
USDCHF,2014-07-18,SHORT,5,loss,-1.00,0.89830,0.89890,0.89612,3.63,1,1,0,0,1,0,0,0,0,0,0,1,0,0,1,0
USDCHF,2014-07-22,SHORT,4,loss,-1.00,0.90223,0.90365,0.89811,2.90,1,1,0,0,1,0,0,0,0,0,0,1,0,0,0,0
USDCHF,2014-07-22,SHORT,5,loss,-1.00,0.90219,0.90365,0.89811,2.79,1,1,0,0,1,0,0,0,0,0,0,1,1,0,0,0
USDCHF,2014-07-23,SHORT,4,loss,-1.00,0.90217,0.90365,0.89811,2.74,1,1,0,0,1,0,0,0,0,0,0,1,0,0,0,0
USDCHF,2014-07-23,SHORT,4,loss,-1.00,0.90246,0.90365,0.89811,3.66,1,1,0,0,1,0,0,0,0,0,0,1,0,0,0,0
USDCHF,2014-07-23,SHORT,4,loss,-1.00,0.90219,0.90365,0.89811,2.79,1,1,0,0,1,0,0,0,0,0,0,1,0,0,0,0
USDCHF,2014-07-24,SHORT,5,loss,-1.00,0.90246,0.90365,0.89811,3.66,1,1,0,0,1,0,0,1,0,0,0,1,0,0,0,0
USDCHF,2014-07-24,SHORT,5,loss,-1.00,0.90248,0.90365,0.89811,3.74,1,1,0,0,1,0,0,1,0,0,0,1,0,0,0,0
GBPUSD,2014-07-25,LONG,5,loss,-1.00,1.69710,1.69522,1.70411,3.73,1,0,0,0,1,0,1,0,0,0,1,1,0,0,0,0
USDCHF,2014-07-25,SHORT,4,loss,-1.00,0.90456,0.90633,0.89811,3.64,1,1,0,0,1,0,0,0,0,0,0,1,0,0,0,0
GBPUSD,2014-07-25,LONG,5,loss,-1.00,1.69769,1.69522,1.70411,2.60,1,0,0,0,1,0,1,0,0,0,1,1,0,0,0,0
GBPUSD,2014-07-28,LONG,6,loss,-1.00,1.69837,1.69610,1.70411,2.53,1,0,0,0,1,0,1,0,0,0,1,1,0,0,1,0
GBPUSD,2014-07-28,LONG,6,loss,-1.00,1.69812,1.69610,1.70411,2.97,1,0,0,0,1,0,1,0,0,0,1,1,0,0,1,0
GBPUSD,2014-07-29,LONG,4,loss,-1.00,1.69489,1.69204,1.70411,3.24,1,0,0,0,1,0,1,0,0,0,0,1,0,0,0,0
AUDUSD,2014-07-29,LONG,6,loss,-1.00,0.93941,0.93844,0.94481,5.57,0,0,0,0,1,1,1,0,0,1,1,1,0,0,0,0
AUDUSD,2014-07-29,LONG,7,loss,-1.00,0.93775,0.93607,0.94481,4.20,0,1,0,0,1,1,1,0,0,1,1,1,0,0,0,0
GBPUSD,2014-07-29,LONG,4,loss,-1.00,1.69378,1.69204,1.70411,5.94,1,0,0,0,1,0,1,0,0,0,0,1,0,0,0,0
NZDUSD,2014-07-29,LONG,3,loss,-1.00,0.84954,0.84803,0.85484,3.51,1,0,0,0,1,0,0,0,0,0,0,0,0,0,1,0
NZDUSD,2014-07-29,LONG,3,loss,-1.00,0.84974,0.84803,0.85484,2.98,1,0,0,0,1,0,0,0,0,0,0,0,0,0,1,0
NZDUSD,2014-08-01,LONG,4,win,2.52,0.84745,0.84628,0.85040,2.52,1,1,0,0,1,0,0,1,0,0,0,0,0,0,0,0
USDJPY,2014-08-04,LONG,5,loss,-1.00,102.47500,102.33700,102.96100,3.52,1,0,0,0,1,0,0,0,0,0,1,1,0,0,1,0
GBPUSD,2014-08-06,LONG,4,loss,-1.00,1.68300,1.68136,1.68752,2.76,1,0,0,0,1,1,0,0,0,0,0,1,0,0,0,0
NZDUSD,2014-08-06,LONG,4,loss,-1.00,0.84746,0.84615,0.85223,3.64,1,1,0,0,1,0,0,0,0,0,0,1,0,0,0,0
USDCAD,2014-08-07,LONG,5,win,2.90,1.09221,1.09040,1.09745,2.90,1,0,0,0,1,1,0,0,0,0,1,1,0,0,0,0
USDJPY,2014-08-07,LONG,6,loss,-1.00,102.05700,101.77900,102.77100,2.57,1,0,0,0,1,0,1,0,0,0,1,1,0,0,1,0
USDJPY,2014-08-07,LONG,6,loss,-1.00,102.01200,101.77900,102.77100,3.26,1,0,0,0,1,0,1,0,0,0,1,1,0,0,1,0
USDCAD,2014-08-07,LONG,5,win,3.25,1.09206,1.09040,1.09745,3.25,1,0,0,0,1,1,0,0,0,0,1,1,0,0,0,0
USDCAD,2014-08-08,LONG,5,win,2.85,1.09218,1.09033,1.09745,2.85,1,0,0,0,1,1,0,0,0,0,1,1,0,0,0,0
USDCHF,2014-08-08,LONG,5,loss,-1.00,0.90498,0.90348,0.91068,3.80,0,1,0,0,1,1,0,0,0,0,1,1,0,0,0,0
USDCHF,2014-08-08,LONG,5,loss,-1.00,0.90532,0.90404,0.91068,4.19,0,1,0,0,1,1,0,0,0,0,1,1,0,0,0,0
GBPUSD,2014-08-11,LONG,3,loss,-1.00,1.67842,1.67664,1.68726,4.97,1,0,0,0,1,0,0,0,0,0,0,1,0,0,0,0
USDCAD,2014-08-11,LONG,4,loss,-1.00,1.09185,1.09033,1.09713,3.47,1,0,0,0,1,0,0,0,0,0,1,1,0,0,0,0
NZDUSD,2014-08-12,LONG,4,loss,-1.00,0.84330,0.84229,0.84620,2.87,1,1,0,0,1,0,0,0,0,0,0,1,0,0,0,0
USDCAD,2014-08-12,LONG,4,loss,-1.00,1.09216,1.09095,1.09616,3.31,1,0,0,0,1,0,0,0,0,0,1,1,0,0,0,0
GBPUSD,2014-08-13,LONG,3,loss,-1.00,1.66948,1.66583,1.68240,3.54,1,0,0,0,1,0,0,0,0,0,0,1,0,0,0,0
GBPUSD,2014-08-13,LONG,3,loss,-1.00,1.66897,1.66583,1.68240,4.28,1,0,0,0,1,0,0,0,0,0,0,1,0,0,0,0
GBPUSD,2014-08-14,LONG,4,loss,-1.00,1.66799,1.66583,1.68240,6.67,1,0,0,0,1,0,0,1,0,0,0,1,0,0,0,0
USDCAD,2014-08-14,LONG,5,loss,-1.00,1.08951,1.08845,1.09486,5.05,1,0,0,0,1,0,1,0,0,0,1,1,0,0,0,0
GBPUSD,2014-08-14,LONG,4,loss,-1.00,1.66929,1.66583,1.68240,3.79,1,0,0,0,1,0,0,1,0,0,0,1,0,0,0,0
GBPUSD,2014-08-14,LONG,4,loss,-1.00,1.66889,1.66583,1.68240,4.42,1,0,0,0,1,0,0,1,0,0,0,1,0,0,0,0
USDCAD,2014-08-14,LONG,4,loss,-1.00,1.09027,1.08845,1.09486,2.52,1,0,0,0,1,0,0,0,0,0,1,1,0,0,0,0
USDCAD,2014-08-15,LONG,5,loss,-1.00,1.08997,1.08867,1.09486,3.76,1,0,0,0,1,0,0,0,0,0,1,1,1,0,0,0
GBPUSD,2014-08-15,LONG,4,loss,-1.00,1.66893,1.66572,1.68240,4.20,1,0,0,0,1,0,0,1,0,0,0,1,0,0,0,0
GBPUSD,2014-08-15,LONG,4,loss,-1.00,1.66850,1.66572,1.68240,5.00,1,0,0,0,1,0,0,1,0,0,0,1,0,0,0,0
USDCAD,2014-08-15,LONG,5,loss,-1.00,1.08891,1.08764,1.09486,4.69,1,0,0,0,1,0,1,0,0,0,1,1,0,0,0,0
GBPUSD,2014-08-15,LONG,5,loss,-1.00,1.66958,1.66572,1.68240,3.32,1,0,0,0,1,0,0,1,0,0,0,1,0,0,0,1
NZDUSD,2014-08-19,LONG,5,loss,-1.00,0.84201,0.84084,0.84769,4.85,1,1,0,0,1,0,0,0,1,0,0,1,0,0,0,0
GBPUSD,2014-08-20,LONG,4,loss,-1.00,1.65923,1.65539,1.67005,2.82,1,1,0,0,1,0,0,0,0,0,0,1,0,0,0,0
AUDUSD,2014-08-21,SHORT,7,loss,-1.00,0.93010,0.93177,0.92501,3.05,1,1,1,1,0,0,1,0,0,0,1,1,0,0,0,0
GBPUSD,2014-08-21,LONG,4,loss,-1.00,1.65763,1.65539,1.66489,3.24,1,1,0,0,1,0,0,0,0,0,0,1,0,0,0,0
AUDUSD,2014-08-21,SHORT,8,loss,-1.00,0.92997,0.93177,0.92501,2.76,1,1,1,1,0,0,1,0,0,0,1,1,1,0,0,0
GBPUSD,2014-08-22,LONG,4,loss,-1.00,1.65770,1.65638,1.66489,5.45,1,1,0,0,1,0,0,0,0,0,0,1,0,0,0,0
GBPUSD,2014-08-22,LONG,4,loss,-1.00,1.65728,1.65539,1.66489,4.03,1,1,0,0,1,0,0,0,0,0,0,1,0,0,0,0
GBPUSD,2014-08-22,LONG,4,loss,-1.00,1.65728,1.65539,1.66489,4.03,1,1,0,0,1,0,0,0,0,0,0,1,0,0,0,0
AUDUSD,2014-08-25,SHORT,9,loss,-1.00,0.93091,0.93290,0.92501,2.96,1,1,0,1,0,0,1,0,1,1,1,1,0,0,0,1
GBPUSD,2014-08-25,LONG,4,loss,-1.00,1.65874,1.65638,1.66489,2.61,1,1,0,0,1,0,0,0,0,0,0,1,0,0,0,0
NZDUSD,2014-08-25,LONG,3,loss,-1.00,0.83571,0.83425,0.84009,3.00,1,0,0,0,1,0,0,0,0,0,0,1,0,0,0,0
GBPUSD,2014-08-25,LONG,4,loss,-1.00,1.65835,1.65638,1.66489,3.32,1,1,0,0,1,0,0,0,0,0,0,1,0,0,0,0
USDCHF,2014-08-27,LONG,4,loss,-1.00,0.91482,0.91374,0.91762,2.59,0,0,0,0,1,0,0,0,1,0,1,1,0,0,0,0
USDCHF,2014-08-27,LONG,4,loss,-1.00,0.91476,0.91374,0.91762,2.80,0,0,0,0,1,0,0,0,1,0,1,1,0,0,0,0
USDJPY,2014-08-28,LONG,6,win,3.06,103.67800,103.50100,104.22000,3.06,1,0,0,0,1,0,0,1,0,0,1,1,0,0,1,0
USDCHF,2014-08-28,LONG,3,win,2.73,0.91478,0.91374,0.91762,2.73,0,0,0,0,1,0,0,0,0,0,1,1,0,0,0,0
USDCAD,2014-08-28,LONG,6,loss,-1.00,1.08568,1.08282,1.09507,3.28,1,0,0,0,1,0,1,0,0,0,1,1,0,0,0,1
USDCAD,2014-08-28,LONG,5,loss,-1.00,1.08472,1.08282,1.09507,5.45,1,0,0,0,1,0,1,0,0,0,1,1,0,0,0,0
USDCAD,2014-08-29,LONG,6,loss,-1.00,1.08505,1.08282,1.09507,4.49,1,0,0,0,1,0,1,1,0,0,1,1,0,0,0,0
USDCAD,2014-08-29,LONG,8,loss,-1.00,1.08583,1.08282,1.09507,3.07,1,0,0,0,1,0,1,1,0,0,1,1,1,0,0,1
GBPUSD,2014-09-02,LONG,5,loss,-1.00,1.64710,1.64567,1.65697,6.90,1,1,0,0,1,0,0,0,1,0,0,1,0,0,0,0
AUDUSD,2014-09-03,SHORT,8,loss,-1.00,0.93473,0.93739,0.92732,2.79,1,1,0,1,0,1,1,0,1,0,1,1,0,0,0,0
AUDUSD,2014-09-04,SHORT,9,loss,-1.00,0.93536,0.93739,0.92732,3.96,1,1,0,1,0,1,1,1,1,0,1,1,0,0,0,0
USDJPY,2014-09-05,LONG,6,win,3.11,104.94700,104.74100,105.58800,3.11,1,0,0,0,1,1,0,0,0,0,1,1,0,0,1,0
GBPUSD,2014-09-08,LONG,3,loss,-1.00,1.61075,1.60722,1.62131,2.99,1,0,1,0,1,0,0,0,0,0,0,0,0,0,0,0
AUDUSD,2014-09-08,LONG,5,loss,-1.00,0.92819,0.92627,0.93494,3.52,0,1,0,0,1,0,0,0,0,1,1,1,0,0,0,0
EURUSD,2014-09-12,SHORT,5,loss,-1.00,1.29483,1.29629,1.28895,4.03,0,0,0,0,1,1,0,0,0,0,1,1,1,0,0,0
USDCAD,2014-09-16,LONG,6,loss,-1.00,1.09691,1.09334,1.10634,2.64,1,0,0,0,1,0,1,0,0,1,1,1,0,0,0,0
USDCAD,2014-09-17,LONG,7,loss,-1.00,1.09511,1.09334,1.10378,4.90,1,0,0,0,1,1,1,0,0,1,1,1,0,0,0,0
USDCAD,2014-09-18,LONG,7,loss,-1.00,1.09466,1.09265,1.10378,4.54,1,0,0,0,1,1,1,0,0,1,1,1,0,0,0,0
USDCAD,2014-09-18,LONG,8,loss,-1.00,1.09470,1.09265,1.10378,4.43,1,0,0,0,1,1,1,0,0,1,1,1,1,0,0,0
USDCAD,2014-09-19,LONG,8,loss,-1.00,1.09465,1.09265,1.10378,4.57,1,0,0,0,1,1,1,1,0,1,1,1,0,0,0,0
USDJPY,2014-09-22,LONG,3,loss,-1.00,108.76900,108.59100,109.22600,2.57,1,0,0,0,1,0,0,0,0,0,1,0,0,0,0,0
USDJPY,2014-10-07,LONG,6,loss,-1.00,108.30400,108.00800,109.10100,2.69,1,0,0,0,1,1,0,0,0,0,1,1,0,0,1,0
EURUSD,2014-10-07,SHORT,6,loss,-1.00,1.26615,1.26987,1.25184,3.85,1,0,0,0,1,1,0,0,0,0,1,1,0,1,0,0
USDJPY,2014-10-08,LONG,4,loss,-1.00,108.28700,108.00800,109.10100,2.92,1,0,0,0,1,0,0,0,0,0,1,1,0,0,0,0
USDCHF,2014-10-08,LONG,4,loss,-1.00,0.95160,0.94883,0.95898,2.66,0,0,0,0,1,0,0,0,0,0,1,1,0,0,1,0
USDJPY,2014-10-08,LONG,5,loss,-1.00,108.11900,107.75400,109.10100,2.69,1,0,0,0,1,0,0,0,0,0,1,1,0,0,1,0
USDCAD,2014-10-08,LONG,5,win,3.68,1.11037,1.10711,1.12238,3.68,1,0,0,0,1,0,0,0,1,0,1,1,0,0,0,0
NZDUSD,2014-10-08,SHORT,3,loss,-1.00,0.79034,0.79288,0.77995,4.09,0,0,0,0,1,0,0,0,0,0,1,1,0,0,0,0
GBPUSD,2014-10-09,SHORT,3,win,3.33,1.62085,1.62514,1.60657,3.33,0,0,0,0,1,0,0,0,0,0,1,1,0,0,0,0
NZDUSD,2014-10-15,SHORT,2,loss,-1.00,0.79347,0.79741,0.78214,2.88,0,0,0,0,1,0,0,0,0,0,1,0,0,0,0,0
GBPUSD,2014-10-16,SHORT,4,loss,-1.00,1.60637,1.61260,1.58954,2.70,0,0,0,0,1,0,0,0,1,0,1,1,0,0,0,0
GBPUSD,2014-10-16,SHORT,4,loss,-1.00,1.60917,1.61260,1.59881,3.02,0,0,0,0,1,0,0,0,1,0,1,1,0,0,0,0
AUDUSD,2014-10-24,SHORT,5,loss,-1.00,0.88107,0.88323,0.87555,2.56,1,0,0,0,1,1,0,0,0,0,1,1,0,0,0,0
AUDUSD,2014-10-28,SHORT,6,loss,-1.00,0.88372,0.88599,0.87659,3.14,1,0,0,0,1,1,0,0,0,0,1,1,0,1,0,0
AUDUSD,2014-10-28,SHORT,5,loss,-1.00,0.88467,0.88599,0.87659,6.12,1,0,0,0,1,1,0,0,0,0,1,1,0,0,0,0
USDCAD,2014-11-11,LONG,5,loss,-1.00,1.13390,1.12999,1.14428,2.65,1,0,0,0,1,0,0,0,0,1,1,1,0,0,0,0
NZDUSD,2014-11-11,SHORT,4,loss,-1.00,0.78198,0.78413,0.77212,4.59,0,0,0,0,1,1,0,0,0,0,1,1,0,0,0,0
EURUSD,2014-11-13,SHORT,6,win,3.28,1.24866,1.25091,1.24128,3.28,1,0,0,0,1,1,0,0,0,0,1,1,0,0,1,0
EURUSD,2014-11-14,SHORT,4,loss,-1.00,1.24779,1.24991,1.24128,3.07,1,0,0,0,1,0,0,0,0,0,1,1,0,0,0,0
USDCAD,2014-11-18,LONG,5,loss,-1.00,1.12963,1.12639,1.13839,2.70,1,0,0,0,1,0,0,0,0,1,1,1,0,0,0,0
EURUSD,2014-11-19,SHORT,5,loss,-1.00,1.25412,1.25774,1.24458,2.64,1,0,0,0,1,1,0,0,0,0,1,1,0,0,0,0
EURUSD,2014-11-19,SHORT,5,win,2.91,1.25437,1.25774,1.24458,2.91,1,0,0,0,1,1,0,0,0,0,1,1,0,0,0,0
USDCHF,2014-11-19,LONG,5,win,2.89,0.95770,0.95523,0.96485,2.89,0,0,0,0,1,1,1,0,0,0,1,1,0,0,0,0
USDCAD,2014-11-21,LONG,5,loss,-1.00,1.12797,1.12600,1.13598,4.07,1,0,0,0,1,0,1,0,0,0,1,1,0,0,0,0
AUDUSD,2014-11-21,SHORT,6,win,2.58,0.86992,0.87461,0.85783,2.58,1,0,0,0,1,1,0,0,1,0,1,1,0,0,0,0
USDJPY,2014-11-26,LONG,5,loss,-1.00,117.53600,117.35500,118.45800,5.09,1,0,0,0,1,0,0,0,0,0,1,1,0,0,1,0
GBPUSD,2014-12-04,SHORT,6,loss,-1.00,1.56998,1.57192,1.56383,3.17,0,0,1,0,1,0,0,0,1,0,1,1,0,1,0,0
USDCHF,2014-12-09,LONG,4,loss,-1.00,0.96740,0.96486,0.97768,4.05,0,0,0,0,1,1,0,0,0,0,1,1,0,0,0,0
EURUSD,2014-12-09,SHORT,5,loss,-1.00,1.24248,1.24563,1.22927,4.19,1,0,0,0,1,1,0,0,0,0,1,1,0,0,0,0
USDJPY,2014-12-10,LONG,5,loss,-1.00,118.11700,117.23700,120.64300,2.87,1,0,0,0,1,1,0,0,0,0,1,0,0,0,1,0
USDCHF,2014-12-10,LONG,4,loss,-1.00,0.96722,0.96531,0.97360,3.34,0,0,0,0,1,1,0,0,0,0,1,1,0,0,0,0
USDCHF,2014-12-12,LONG,5,loss,-1.00,0.96409,0.96149,0.97133,2.78,0,0,0,0,1,1,1,0,0,0,1,1,0,0,0,0
USDCHF,2014-12-12,LONG,5,loss,-1.00,0.96360,0.96149,0.96898,2.55,0,0,0,0,1,1,1,0,0,0,1,1,0,0,0,0
USDCHF,2014-12-16,LONG,3,win,2.79,0.95729,0.95310,0.96898,2.79,0,0,0,0,1,1,0,0,0,0,1,0,0,0,0,0
EURUSD,2014-12-16,SHORT,6,win,2.70,1.25436,1.25985,1.23953,2.70,1,0,0,0,1,1,1,0,0,0,1,0,0,1,0,0
EURUSD,2014-12-16,SHORT,8,win,2.51,1.25091,1.25312,1.24536,2.51,1,0,0,0,1,1,1,0,0,0,1,1,0,1,1,0
GBPUSD,2014-12-16,SHORT,6,loss,-1.00,1.57294,1.57565,1.56524,2.84,0,0,0,0,1,1,1,0,0,0,1,1,1,0,0,0
NZDUSD,2014-12-26,SHORT,3,loss,-1.00,0.77552,0.77701,0.77118,2.91,0,0,0,0,1,0,0,0,0,0,1,1,0,0,0,0
NZDUSD,2014-12-26,SHORT,3,loss,-1.00,0.77581,0.77701,0.77118,3.86,0,0,0,0,1,0,0,0,0,0,1,1,0,0,0,0
NZDUSD,2014-12-29,SHORT,5,loss,-1.00,0.77879,0.77959,0.77466,5.16,0,0,0,0,1,1,1,0,0,0,1,1,0,0,0,0
NZDUSD,2014-12-29,SHORT,6,loss,-1.00,0.77852,0.77959,0.77466,3.61,0,0,0,0,1,1,1,0,0,0,1,1,0,0,0,1
USDCAD,2014-12-30,LONG,4,win,3.01,1.16036,1.15898,1.16452,3.01,1,0,0,0,1,0,0,0,0,0,1,1,0,0,0,0
NZDUSD,2014-12-30,SHORT,2,win,2.83,0.78444,0.78701,0.77717,2.83,0,0,0,0,1,0,0,0,0,0,1,0,0,0,0,0
USDCAD,2014-12-30,LONG,4,win,3.26,1.16028,1.15898,1.16452,3.26,1,0,0,0,1,0,0,0,0,0,1,1,0,0,0,0
NZDUSD,2015-01-07,SHORT,7,loss,-1.00,0.77840,0.78097,0.76382,5.67,0,0,0,0,1,1,1,0,1,1,1,1,0,0,0,0
USDJPY,2015-01-12,LONG,5,loss,-1.00,118.33700,118.05000,119.23700,3.14,1,0,0,0,1,0,1,0,0,0,1,0,0,0,1,0
USDJPY,2015-01-15,LONG,4,loss,-1.00,116.54700,116.07200,118.62000,4.36,1,0,0,0,1,0,0,0,0,0,1,0,0,0,1,0
AUDUSD,2015-01-15,SHORT,4,loss,-1.00,0.82267,0.82545,0.81401,3.12,1,0,0,0,1,1,0,0,0,0,1,0,0,0,0,0
AUDUSD,2015-01-15,SHORT,4,loss,-1.00,0.82237,0.82545,0.81401,2.71,1,0,0,0,1,1,0,0,0,0,1,0,0,0,0,0
USDJPY,2015-01-15,LONG,3,loss,-1.00,116.52400,116.07200,117.71200,2.63,1,0,0,0,1,0,0,0,0,0,0,0,0,0,1,0
GBPUSD,2015-01-27,SHORT,5,win,3.10,1.52047,1.52666,1.50130,3.10,1,0,0,0,1,1,0,0,0,0,1,1,0,0,0,0
USDJPY,2015-01-27,LONG,7,loss,-1.00,117.48500,117.26300,118.52100,4.67,1,0,1,0,1,1,1,0,0,0,0,1,0,0,1,0
GBPUSD,2015-01-28,SHORT,7,win,4.00,1.51944,1.52235,1.50781,4.00,1,0,0,0,1,1,0,1,0,0,1,1,0,1,0,0
GBPUSD,2015-02-03,SHORT,7,loss,-1.00,1.51660,1.52185,1.50176,2.83,1,0,0,0,1,1,0,0,1,1,1,1,0,0,0,0
USDCAD,2015-02-04,LONG,5,loss,-1.00,1.24390,1.23795,1.26062,2.81,1,0,0,0,1,1,0,0,0,0,1,1,0,0,0,0
EURUSD,2015-02-12,SHORT,5,loss,-1.00,1.13405,1.13595,1.12787,3.25,1,0,0,0,1,0,0,0,1,0,1,1,0,0,0,0
USDJPY,2015-02-12,LONG,6,loss,-1.00,118.87900,118.33200,120.26400,2.53,1,0,0,0,1,0,0,0,1,0,1,1,0,0,1,0
USDCAD,2015-02-13,LONG,7,loss,-1.00,1.24499,1.23781,1.26350,2.58,1,0,0,0,1,1,0,0,1,0,1,1,0,1,0,0
EURUSD,2015-02-16,SHORT,4,win,2.93,1.14167,1.14427,1.13405,2.93,1,0,0,0,1,0,0,0,0,0,1,1,0,0,0,0
AUDUSD,2015-02-17,SHORT,5,loss,-1.00,0.78198,0.78414,0.77642,2.57,1,0,0,0,1,0,0,0,1,0,1,1,0,0,0,0
USDCAD,2015-02-17,LONG,5,win,4.16,1.23748,1.23516,1.24712,4.16,1,0,0,0,1,1,0,0,0,0,1,0,0,1,0,0
AUDUSD,2015-02-17,SHORT,5,loss,-1.00,0.78214,0.78414,0.77642,2.86,1,0,0,0,1,0,0,0,1,0,1,1,0,0,0,0
GBPUSD,2015-02-23,SHORT,4,loss,-1.00,1.54490,1.54794,1.53471,3.35,1,0,0,0,1,0,0,0,0,1,0,1,0,0,0,0
USDCHF,2015-02-23,SHORT,4,loss,-1.00,0.95071,0.95348,0.94049,3.69,1,0,0,0,1,1,0,0,0,0,0,0,0,0,1,0
GBPUSD,2015-02-23,SHORT,4,loss,-1.00,1.54528,1.54794,1.53613,3.44,1,0,0,0,1,0,0,0,0,1,0,1,0,0,0,0
GBPUSD,2015-02-24,SHORT,4,loss,-1.00,1.54461,1.54794,1.53613,2.55,1,0,0,0,1,0,0,0,1,0,0,1,0,0,0,0
GBPUSD,2015-02-24,SHORT,5,loss,-1.00,1.54582,1.54794,1.53613,4.57,1,0,0,0,1,0,0,0,1,0,0,1,0,1,0,0
GBPUSD,2015-02-24,SHORT,5,loss,-1.00,1.54539,1.54744,1.53613,4.52,1,0,0,0,1,0,0,0,1,0,0,1,1,0,0,0
AUDUSD,2015-02-24,SHORT,4,loss,-1.00,0.78247,0.78485,0.77555,2.91,1,0,0,0,1,0,0,0,0,0,1,1,0,0,0,0
NZDUSD,2015-02-25,SHORT,7,loss,-1.00,0.75477,0.75735,0.74804,2.61,1,0,0,0,1,0,1,0,1,0,1,1,1,0,0,0
USDJPY,2015-02-26,LONG,6,win,2.60,118.78700,118.62500,119.20900,2.60,1,0,0,0,1,0,1,0,1,0,1,1,0,0,0,0
NZDUSD,2015-03-03,SHORT,5,loss,-1.00,0.75574,0.75702,0.75043,4.15,1,0,0,0,1,1,1,0,0,0,0,1,0,0,0,0
USDCAD,2015-03-04,LONG,6,loss,-1.00,1.24562,1.24326,1.25211,2.75,1,0,0,0,1,1,0,0,1,0,1,1,0,0,0,0
USDCAD,2015-03-04,LONG,6,win,4.13,1.24132,1.23871,1.25211,4.13,1,0,0,0,1,1,0,0,1,0,1,1,0,0,0,0
USDCAD,2015-03-05,LONG,6,win,3.23,1.24162,1.23871,1.25102,3.23,1,0,0,0,1,1,0,0,1,0,1,1,0,0,0,0
AUDUSD,2015-03-12,SHORT,5,loss,-1.00,0.77040,0.77397,0.75842,3.36,1,0,0,0,1,0,0,0,0,1,1,1,0,0,0,0
AUDUSD,2015-03-12,SHORT,5,loss,-1.00,0.76988,0.77397,0.75842,2.80,1,0,0,0,1,0,0,0,0,1,1,1,0,0,0,0
EURUSD,2015-03-18,SHORT,4,loss,-1.00,1.08378,1.09065,1.06018,3.44,1,0,0,0,1,1,0,0,0,0,1,0,0,0,0,0
AUDUSD,2015-03-18,SHORT,6,loss,-1.00,0.77862,0.78451,0.76277,2.69,1,0,0,0,1,1,1,0,0,1,1,0,0,0,0,0
USDJPY,2015-03-18,LONG,7,loss,-1.00,120.06700,119.89700,121.32600,7.41,1,0,0,0,1,1,1,0,0,0,1,1,0,0,1,0
GBPUSD,2015-03-18,SHORT,5,loss,-1.00,1.49473,1.50265,1.46362,3.93,1,0,0,0,1,1,0,0,0,0,1,1,0,0,0,0
NZDUSD,2015-03-19,SHORT,5,loss,-1.00,0.74139,0.74434,0.73160,3.32,1,0,0,0,1,0,0,0,0,0,1,1,1,0,0,0
NZDUSD,2015-03-20,SHORT,4,loss,-1.00,0.75539,0.76101,0.73750,3.18,1,0,0,0,1,1,0,0,0,0,1,0,0,0,0,0
USDJPY,2015-03-23,LONG,6,loss,-1.00,119.77400,119.29300,121.03400,2.62,1,0,0,0,1,1,1,0,0,0,1,1,0,0,0,0
USDCHF,2015-03-23,LONG,4,loss,-1.00,0.96687,0.96286,0.97917,3.07,0,0,0,0,1,1,1,0,0,0,1,0,0,0,0,0
GBPUSD,2015-03-23,SHORT,6,loss,-1.00,1.49354,1.49888,1.47342,3.77,1,0,0,0,1,1,0,1,0,0,1,1,0,0,0,0
USDCHF,2015-03-25,LONG,3,loss,-1.00,0.95622,0.95362,0.96921,5.00,0,0,0,0,1,0,0,1,0,0,1,0,0,0,0,0
USDCHF,2015-03-25,LONG,3,loss,-1.00,0.95751,0.95362,0.96921,3.01,0,0,0,0,1,0,0,1,0,0,1,0,0,0,0,0
USDCHF,2015-04-02,LONG,3,loss,-1.00,0.95965,0.95576,0.97206,3.19,0,0,0,0,1,0,0,0,1,0,1,0,0,0,0,0
EURUSD,2015-04-03,SHORT,5,loss,-1.00,1.09143,1.09485,1.07674,4.30,1,0,0,0,1,0,0,0,1,0,1,1,0,0,0,0
USDJPY,2015-04-03,LONG,6,loss,-1.00,119.56900,119.41600,119.97900,2.68,1,0,0,0,1,0,1,0,1,0,0,1,0,0,1,0
EURUSD,2015-04-06,SHORT,6,loss,-1.00,1.09876,1.10270,1.08716,2.94,1,0,0,0,1,0,1,0,1,0,1,0,0,0,1,0
USDJPY,2015-04-06,LONG,6,win,2.91,119.08100,118.72200,120.12600,2.91,1,0,0,0,1,0,1,0,1,0,0,1,0,0,1,0
GBPUSD,2015-04-06,SHORT,6,win,3.02,1.49376,1.49941,1.47667,3.02,1,0,0,0,1,0,0,1,1,0,1,1,0,0,0,0
USDJPY,2015-04-06,LONG,6,win,3.20,119.05600,118.72200,120.12600,3.20,1,0,0,0,1,0,1,0,1,0,0,1,0,0,1,0
USDCAD,2015-04-06,LONG,7,loss,-1.00,1.24510,1.24290,1.25688,5.35,1,0,0,0,1,1,1,0,1,1,1,0,0,0,0,0
GBPUSD,2015-04-06,SHORT,6,win,5.48,1.49590,1.49941,1.47667,5.48,1,0,0,0,1,0,0,1,1,0,1,1,0,0,0,0
EURUSD,2015-04-06,SHORT,6,win,2.98,1.10068,1.10522,1.08716,2.98,1,0,0,0,1,0,1,0,1,0,1,0,0,0,1,0
USDCAD,2015-04-08,LONG,4,loss,-1.00,1.24299,1.24098,1.25031,3.64,1,0,0,0,1,1,0,0,0,1,0,0,0,0,0,0
NZDUSD,2015-04-09,SHORT,5,win,3.56,0.76024,0.76295,0.75058,3.56,1,0,0,0,1,1,0,0,1,0,0,0,0,1,0,0
USDCHF,2015-04-09,SHORT,4,loss,-1.00,0.97826,0.98116,0.96924,3.11,1,0,0,0,0,1,0,0,1,0,1,0,0,0,0,0
USDJPY,2015-04-14,LONG,9,loss,-1.00,119.87600,119.64300,120.55200,2.90,1,0,0,0,1,0,1,0,1,0,1,1,1,0,1,1
USDCAD,2015-04-15,LONG,4,loss,-1.00,1.23789,1.23516,1.25844,7.53,1,0,0,0,1,0,0,0,1,1,0,0,0,0,0,0
NZDUSD,2015-04-15,SHORT,3,loss,-1.00,0.75911,0.76295,0.74523,3.61,1,0,0,0,1,1,0,0,0,0,0,0,0,0,0,0
USDCHF,2015-04-15,LONG,5,loss,-1.00,0.96442,0.95968,0.97823,2.91,0,0,0,0,1,1,1,0,0,0,1,1,0,0,0,0
NZDUSD,2015-04-16,SHORT,2,loss,-1.00,0.76409,0.76915,0.74987,2.81,1,0,0,0,1,0,0,0,0,0,0,0,0,0,0,0
USDCHF,2015-04-16,LONG,3,loss,-1.00,0.96282,0.95968,0.97557,4.06,0,0,0,0,1,0,1,0,0,0,1,0,0,0,0,0
GBPUSD,2015-04-16,SHORT,6,loss,-1.00,1.49124,1.49720,1.47448,2.81,1,0,0,0,1,1,1,0,1,0,1,0,0,0,0,0
NZDUSD,2015-04-16,SHORT,2,loss,-1.00,0.76608,0.76915,0.74987,5.28,1,0,0,0,1,0,0,0,0,0,0,0,0,0,0,0
NZDUSD,2015-04-16,SHORT,2,loss,-1.00,0.76663,0.76915,0.74987,6.65,1,0,0,0,1,0,0,0,0,0,0,0,0,0,0,0
GBPUSD,2015-04-16,SHORT,6,loss,-1.00,1.49397,1.49720,1.48289,3.43,1,0,0,0,1,1,1,0,1,0,1,0,0,0,0,0
EURUSD,2015-04-17,SHORT,4,loss,-1.00,1.08177,1.08873,1.06383,2.58,1,0,0,0,1,1,0,0,0,0,1,0,0,0,0,0
USDCHF,2015-04-17,LONG,4,win,5.81,0.95077,0.94795,0.96716,5.81,0,0,0,0,1,1,0,0,0,0,1,0,0,0,1,0
EURUSD,2015-04-17,SHORT,4,loss,-1.00,1.08176,1.08873,1.06383,2.57,1,0,0,0,1,1,0,0,0,0,1,0,0,0,0,0
NZDUSD,2015-04-21,SHORT,3,loss,-1.00,0.77019,0.77237,0.76411,2.79,1,0,0,0,1,1,0,0,0,0,0,0,0,0,0,0
GBPUSD,2015-04-22,SHORT,4,loss,-1.00,1.50232,1.50535,1.49304,3.06,1,0,0,0,1,0,1,0,0,0,1,0,0,0,0,0
EURUSD,2015-04-23,SHORT,6,loss,-1.00,1.07691,1.08008,1.06643,3.31,1,0,0,0,1,1,0,0,1,0,1,1,0,0,0,0
AUDUSD,2015-04-23,SHORT,4,loss,-1.00,0.77813,0.78066,0.77120,2.74,1,0,0,0,1,0,0,0,1,0,0,1,0,0,0,0
USDCAD,2015-04-24,LONG,5,loss,-1.00,1.21158,1.20876,1.22450,4.58,1,0,0,0,1,0,0,1,1,0,0,0,0,1,0,0
AUDUSD,2015-04-24,SHORT,4,loss,-1.00,0.78236,0.78422,0.77730,2.72,1,0,0,0,1,1,0,0,1,0,0,0,0,0,0,0
USDCAD,2015-04-27,LONG,4,loss,-1.00,1.21068,1.20625,1.22450,3.12,1,0,1,0,1,0,0,0,1,0,0,0,0,0,0,0
USDCAD,2015-04-27,LONG,4,loss,-1.00,1.20998,1.20625,1.22450,3.89,1,0,1,0,1,0,0,0,1,0,0,0,0,0,0,0
NZDUSD,2015-04-28,SHORT,4,loss,-1.00,0.77204,0.77370,0.76396,4.87,1,0,0,0,1,1,0,0,1,0,0,0,0,0,0,0
EURUSD,2015-04-29,SHORT,5,loss,-1.00,1.09942,1.10356,1.08790,2.78,1,0,0,0,1,0,0,0,0,0,1,0,1,0,1,0
AUDUSD,2015-04-29,SHORT,3,loss,-1.00,0.79909,0.80244,0.78823,3.24,1,0,0,0,1,0,0,0,0,0,0,0,0,0,1,0
EURUSD,2015-04-29,SHORT,2,loss,-1.00,1.11726,1.12175,1.08790,6.54,1,0,0,0,1,0,0,0,0,0,0,0,0,0,0,0
USDCAD,2015-04-29,LONG,3,win,6.77,1.19560,1.19336,1.21076,6.77,1,0,1,0,1,0,0,0,0,0,0,0,0,0,0,0
EURUSD,2015-05-06,SHORT,3,loss,-1.00,1.13453,1.13796,1.11797,4.83,1,0,1,0,1,0,0,0,0,0,0,0,0,0,0,0
EURUSD,2015-05-06,SHORT,3,loss,-1.00,1.13483,1.13796,1.12223,4.03,1,0,1,0,1,0,0,0,0,0,0,0,0,0,0,0
GBPUSD,2015-05-07,SHORT,5,loss,-1.00,1.52620,1.52911,1.51162,5.01,1,0,0,0,1,1,0,0,1,0,0,1,0,0,0,0
GBPUSD,2015-05-08,SHORT,5,loss,-1.00,1.54521,1.54978,1.52621,4.16,1,0,0,0,1,1,0,1,1,0,0,0,0,0,0,0
GBPUSD,2015-05-08,SHORT,5,loss,-1.00,1.54561,1.54978,1.52621,4.65,1,0,0,0,1,1,0,1,1,0,0,0,0,0,0,0
GBPUSD,2015-05-11,SHORT,3,loss,-1.00,1.54804,1.55220,1.52621,5.25,1,0,0,0,1,0,0,0,0,0,0,0,0,0,1,0
GBPUSD,2015-05-11,SHORT,3,loss,-1.00,1.55924,1.56821,1.52621,3.68,1,1,0,0,1,0,0,0,0,0,0,0,0,0,0,0
GBPUSD,2015-05-12,SHORT,3,loss,-1.00,1.56837,1.57853,1.54253,2.54,1,1,0,0,1,0,0,0,0,0,0,0,0,0,0,0
USDCAD,2015-05-13,LONG,3,loss,-1.00,1.19753,1.19396,1.20760,2.82,1,0,0,0,1,0,0,0,1,0,0,0,0,0,0,0
AUDUSD,2015-05-13,SHORT,3,loss,-1.00,0.80461,0.80752,0.79118,4.62,1,0,0,0,1,0,0,0,1,0,0,0,0,0,0,0
GBPUSD,2015-05-13,SHORT,2,loss,-1.00,1.57463,1.57853,1.55577,4.84,1,0,0,0,1,0,0,0,0,0,0,0,0,0,0,0
EURUSD,2015-05-13,SHORT,4,loss,-1.00,1.13717,1.14297,1.12151,2.70,1,0,0,0,1,0,0,0,1,0,0,0,0,1,0,0
NZDUSD,2015-05-13,SHORT,6,loss,-1.00,0.74739,0.75002,0.73819,3.50,1,0,0,0,1,1,0,0,0,1,1,1,0,0,0,0
EURUSD,2015-05-14,SHORT,4,win,2.66,1.14258,1.14988,1.12316,2.66,1,0,0,0,1,0,0,0,1,0,0,0,0,1,0,0
USDJPY,2015-05-14,LONG,6,loss,-1.00,119.22200,119.05600,119.82400,3.63,1,0,0,0,1,1,1,0,0,0,1,1,0,0,0,0
USDJPY,2015-05-14,LONG,6,win,4.33,119.20000,119.05600,119.82400,4.33,1,0,0,0,1,1,1,0,0,0,1,1,0,0,0,0
EURUSD,2015-05-14,SHORT,3,loss,-1.00,1.14084,1.14500,1.12316,4.25,1,0,0,0,1,0,0,0,1,0,0,0,0,0,0,0
GBPUSD,2015-05-15,SHORT,2,win,2.77,1.57714,1.58144,1.56524,2.77,1,0,0,0,1,0,0,0,0,0,0,0,0,0,0,0
EURUSD,2015-05-15,SHORT,3,win,2.77,1.14279,1.14988,1.12316,2.77,1,0,0,0,1,0,0,0,1,0,0,0,0,0,0,0
USDCHF,2015-05-18,SHORT,4,loss,-1.00,0.92303,0.92550,0.91429,3.54,1,0,0,0,1,0,0,0,0,0,1,1,0,0,0,0
USDCHF,2015-05-19,SHORT,4,loss,-1.00,0.93679,0.94127,0.91868,4.04,1,0,0,0,1,1,0,0,0,0,1,0,0,0,0,0
USDCHF,2015-05-20,SHORT,6,win,2.67,0.93822,0.94127,0.93007,2.67,1,1,0,0,1,1,0,0,0,0,1,0,1,0,0,0
USDCHF,2015-05-25,SHORT,7,loss,-1.00,0.94273,0.94564,0.93379,3.07,1,1,1,0,1,0,1,0,0,0,1,0,1,0,0,0
EURUSD,2015-06-02,SHORT,4,loss,-1.00,1.11282,1.12083,1.09276,2.50,1,0,0,0,1,1,0,0,0,0,1,0,0,0,0,0
EURUSD,2015-06-02,SHORT,4,loss,-1.00,1.11451,1.12083,1.09489,3.10,1,0,0,0,1,1,0,0,0,0,1,0,0,0,0,0
GBPUSD,2015-06-02,SHORT,5,loss,-1.00,1.53387,1.53855,1.51825,3.34,1,0,1,0,1,0,1,0,0,0,0,1,0,0,0,0
USDCAD,2015-06-03,LONG,5,loss,-1.00,1.24384,1.24108,1.25095,2.58,1,0,1,0,1,0,0,0,0,0,1,1,0,0,0,0
AUDUSD,2015-06-03,SHORT,6,win,3.16,0.78024,0.78394,0.76855,3.16,1,0,1,0,1,0,1,0,0,0,1,1,0,0,0,0
GBPUSD,2015-06-03,SHORT,5,loss,-1.00,1.53468,1.53855,1.51825,4.25,1,0,1,0,1,0,1,0,0,0,0,1,0,0,0,0
USDCAD,2015-06-08,LONG,6,loss,-1.00,1.23979,1.23671,1.25122,3.71,1,0,0,0,1,1,0,0,1,0,1,1,0,0,0,0
USDJPY,2015-06-09,LONG,7,loss,-1.00,124.12200,123.77900,125.28800,3.40,1,0,0,0,1,1,0,0,0,1,1,1,0,0,1,0
USDCAD,2015-06-09,LONG,5,loss,-1.00,1.23162,1.22755,1.24343,2.90,1,0,0,0,1,0,1,0,1,0,1,0,0,0,0,0
GBPUSD,2015-06-15,SHORT,4,loss,-1.00,1.55709,1.55979,1.54871,3.10,1,1,0,0,1,0,0,0,0,0,0,0,0,1,0,0
GBPUSD,2015-06-17,SHORT,2,loss,-1.00,1.57300,1.58082,1.55001,2.94,1,0,0,0,1,0,0,0,0,0,0,0,0,0,0,0
EURUSD,2015-06-17,SHORT,4,loss,-1.00,1.13421,1.13865,1.12113,2.95,1,0,0,0,1,0,0,0,1,0,0,0,0,1,0,0
USDCAD,2015-06-17,LONG,4,loss,-1.00,1.22337,1.22018,1.23286,2.97,1,0,0,0,1,0,0,0,1,0,1,0,0,0,0,0
EURUSD,2015-06-18,SHORT,4,win,2.56,1.14042,1.14669,1.12436,2.56,1,0,0,0,1,0,0,0,1,0,0,0,0,1,0,0
GBPUSD,2015-06-18,SHORT,2,win,6.86,1.59136,1.59441,1.57045,6.86,1,0,0,0,1,0,0,0,0,0,0,0,0,0,0,0
USDJPY,2015-06-18,LONG,7,win,4.17,122.67200,122.45600,123.57300,4.17,1,0,0,0,1,0,1,0,1,0,1,1,0,0,1,0
USDJPY,2015-06-19,LONG,6,win,3.76,122.70800,122.47800,123.57300,3.76,1,0,0,0,1,0,1,0,1,0,1,1,0,0,0,0
USDCHF,2015-06-24,SHORT,6,loss,-1.00,0.93614,0.93877,0.92731,3.36,1,1,0,0,1,1,1,0,0,0,1,0,0,0,0,0
GBPUSD,2015-06-29,LONG,5,win,2.55,1.56992,1.56666,1.57823,2.55,0,0,0,0,1,0,0,1,0,0,1,1,1,0,0,0
EURUSD,2015-06-29,SHORT,5,loss,-1.00,1.11802,1.12197,1.09743,5.21,1,0,0,0,1,0,1,0,1,0,0,1,0,0,0,0
USDCHF,2015-07-01,SHORT,3,loss,-1.00,0.94577,0.95018,0.93473,2.50,1,0,0,0,1,0,0,0,0,0,1,0,0,0,0,0
USDCHF,2015-07-01,SHORT,3,loss,-1.00,0.94786,0.95018,0.93948,3.61,1,0,0,0,1,0,0,0,0,0,1,0,0,0,0,0
EURUSD,2015-07-03,SHORT,6,win,2.54,1.10975,1.11214,1.10368,2.54,1,0,0,0,1,0,1,0,0,0,1,1,1,0,0,0
USDCAD,2015-07-03,LONG,3,win,2.68,1.25583,1.25346,1.26217,2.68,1,0,0,0,1,0,0,0,0,0,1,0,0,0,0,0
GBPUSD,2015-07-07,LONG,3,loss,-1.00,1.54486,1.54212,1.55892,5.13,0,0,0,0,1,0,0,0,0,0,1,0,1,0,0,0
GBPUSD,2015-07-07,LONG,3,loss,-1.00,1.54651,1.54212,1.55892,2.83,0,0,0,0,1,0,1,0,0,0,1,0,0,0,0,0
NZDUSD,2015-07-08,SHORT,5,loss,-1.00,0.67044,0.67339,0.66290,2.56,1,0,0,0,1,1,0,0,0,0,1,1,0,0,0,0
USDCHF,2015-07-13,SHORT,5,loss,-1.00,0.94778,0.95148,0.93564,3.28,1,0,0,0,1,1,0,0,0,0,0,1,0,1,0,0
USDCHF,2015-07-13,SHORT,5,loss,-1.00,0.94918,0.95150,0.94039,3.79,1,0,0,0,1,1,0,0,0,0,0,1,0,0,1,0
GBPUSD,2015-07-13,SHORT,6,loss,-1.00,1.55164,1.55509,1.53978,3.44,1,0,0,0,0,0,1,1,0,0,1,1,0,0,1,0
GBPUSD,2015-07-14,SHORT,5,loss,-1.00,1.55745,1.56282,1.53978,3.29,1,1,0,0,0,0,1,0,0,0,1,1,0,0,0,0
GBPUSD,2015-07-14,SHORT,5,loss,-1.00,1.55835,1.56282,1.54617,2.72,1,1,0,0,0,0,1,0,0,0,1,1,0,0,0,0
USDCHF,2015-07-15,SHORT,2,loss,-1.00,0.95226,0.95429,0.94495,3.60,1,0,0,0,1,0,0,0,0,0,0,0,0,0,0,0
AUDUSD,2015-07-21,SHORT,7,loss,-1.00,0.74198,0.74367,0.73652,3.23,1,0,1,0,1,1,0,0,0,0,1,1,1,0,0,0
USDJPY,2015-07-23,LONG,5,loss,-1.00,123.79800,123.57200,124.38600,2.60,1,0,0,0,1,0,0,0,0,0,1,1,1,0,0,0
USDJPY,2015-07-24,LONG,4,loss,-1.00,123.74400,123.57200,124.38600,3.73,1,0,0,0,1,0,0,0,0,0,1,1,0,0,0,0
GBPUSD,2015-07-27,LONG,5,win,2.79,1.55179,1.54667,1.56606,2.79,0,0,0,0,1,0,1,0,0,0,1,1,0,0,1,0
USDCAD,2015-07-28,LONG,6,loss,-1.00,1.29346,1.29048,1.30414,3.58,1,0,0,0,1,1,0,0,0,0,1,1,0,1,0,0
USDCAD,2015-07-28,LONG,6,loss,-1.00,1.29269,1.29048,1.30283,4.59,1,0,0,0,1,1,0,0,0,0,1,1,0,1,0,0
AUDUSD,2015-08-04,SHORT,4,loss,-1.00,0.73952,0.74174,0.72742,5.45,1,0,0,0,1,1,0,0,0,0,1,0,0,0,0,0
AUDUSD,2015-08-04,SHORT,4,win,4.62,0.74180,0.74491,0.72742,4.62,1,0,0,0,1,1,0,0,0,0,1,0,0,0,0,0
GBPUSD,2015-08-04,LONG,6,loss,-1.00,1.55726,1.55491,1.56393,2.84,0,1,0,0,1,0,1,0,1,0,1,1,0,0,0,0
AUDUSD,2015-08-04,SHORT,6,loss,-1.00,0.73808,0.74174,0.72742,2.91,1,0,0,0,1,1,0,0,0,0,1,1,0,0,0,1
GBPUSD,2015-08-06,LONG,6,loss,-1.00,1.54912,1.54504,1.56393,3.63,0,0,0,0,1,1,1,0,0,0,1,1,0,0,1,0
USDCAD,2015-08-10,LONG,6,win,2.75,1.30007,1.29399,1.31676,2.75,1,0,0,0,1,1,0,0,0,0,1,1,0,0,1,0
NZDUSD,2015-08-12,SHORT,6,loss,-1.00,0.66068,0.66325,0.64930,4.43,1,0,0,0,1,1,0,0,0,1,1,1,0,0,0,0
USDCAD,2015-08-12,LONG,6,win,2.63,1.29938,1.29399,1.31358,2.63,1,0,0,0,1,1,0,0,0,0,1,1,0,0,1,0
USDJPY,2015-08-12,LONG,8,loss,-1.00,124.17300,123.80000,125.23400,2.84,1,0,1,0,1,1,1,0,0,0,1,1,0,0,1,0
USDJPY,2015-08-12,LONG,8,loss,-1.00,123.86900,123.52000,125.23400,3.91,1,0,1,0,1,1,1,0,0,0,1,1,0,0,1,0
NZDUSD,2015-08-12,SHORT,5,loss,-1.00,0.66338,0.66732,0.65016,3.36,1,0,0,0,1,1,0,0,0,1,1,0,0,0,0,0
AUDUSD,2015-08-12,SHORT,4,win,2.61,0.73853,0.74390,0.72451,2.61,1,0,0,0,1,0,0,0,0,0,1,1,0,0,0,0
AUDUSD,2015-08-14,SHORT,5,win,2.98,0.73903,0.74390,0.72451,2.98,1,0,0,0,1,0,0,0,0,0,1,1,0,1,0,0
EURUSD,2015-08-14,SHORT,2,win,2.60,1.11705,1.12133,1.10592,2.60,1,0,0,0,1,0,0,0,0,0,0,0,0,0,0,0
AUDUSD,2015-08-14,SHORT,6,win,3.87,0.73752,0.74088,0.72451,3.87,1,0,0,0,1,0,0,0,0,0,1,1,0,1,0,1
AUDUSD,2015-08-14,SHORT,6,win,3.70,0.73740,0.74088,0.72451,3.70,1,0,0,0,1,0,0,0,0,0,1,1,1,1,0,0
GBPUSD,2015-08-17,LONG,8,loss,-1.00,1.55954,1.55735,1.56526,2.61,0,1,1,0,1,0,1,0,1,1,1,1,0,0,0,0
EURUSD,2015-08-20,SHORT,3,loss,-1.00,1.11779,1.12133,1.10394,3.91,1,0,0,0,1,0,0,0,1,0,0,0,0,0,0,0
USDJPY,2015-08-20,LONG,7,loss,-1.00,123.53600,123.33200,124.35500,4.01,1,0,0,0,1,0,1,0,1,0,1,1,0,0,1,0
USDCHF,2015-08-20,LONG,5,loss,-1.00,0.95986,0.95481,0.97385,2.77,1,0,0,0,1,0,1,0,1,0,1,0,0,0,0,0
EURUSD,2015-08-21,SHORT,3,loss,-1.00,1.13566,1.14102,1.12171,2.60,1,0,0,0,1,0,0,0,1,0,0,0,0,0,0,0
NZDUSD,2015-08-21,SHORT,5,win,2.71,0.67037,0.67374,0.66125,2.71,1,0,0,0,1,0,1,0,1,0,1,0,0,0,0,0
EURUSD,2015-08-21,SHORT,3,loss,-1.00,1.13665,1.14102,1.12513,2.64,1,0,0,0,1,0,0,0,1,0,0,0,0,0,0,0
USDCHF,2015-08-24,LONG,3,loss,-1.00,0.93649,0.93295,0.94868,3.44,1,0,0,0,1,0,0,0,0,0,1,0,0,0,0,0
EURUSD,2015-08-24,SHORT,3,win,2.78,1.15776,1.16505,1.13748,2.78,1,1,0,0,1,0,0,0,0,0,0,0,0,0,0,0
EURUSD,2015-08-24,SHORT,3,win,4.47,1.16001,1.16505,1.13748,4.47,1,1,0,0,1,0,0,0,0,0,0,0,0,0,0,0
GBPUSD,2015-08-26,LONG,7,loss,-1.00,1.55802,1.55339,1.57875,4.48,0,1,0,0,1,1,1,0,0,1,1,1,0,0,0,0
GBPUSD,2015-08-26,LONG,5,loss,-1.00,1.54901,1.54581,1.57167,7.08,0,0,0,0,1,1,0,0,0,1,1,0,0,0,1,0
GBPUSD,2015-08-26,LONG,4,loss,-1.00,1.54743,1.54245,1.56927,4.39,0,0,0,0,1,1,0,0,0,1,1,0,0,0,0,0
GBPUSD,2015-08-27,LONG,3,loss,-1.00,1.54638,1.54245,1.56927,5.82,0,0,0,0,1,0,0,0,0,1,1,0,0,0,0,0
GBPUSD,2015-08-27,LONG,3,loss,-1.00,1.54092,1.53432,1.56927,4.30,0,0,0,0,1,0,0,0,0,1,1,0,0,0,0,0
EURUSD,2015-09-07,SHORT,4,loss,-1.00,1.11651,1.11895,1.11021,2.58,1,0,0,0,1,0,1,0,0,0,0,1,0,0,0,0
GBPUSD,2015-09-08,SHORT,4,loss,-1.00,1.54001,1.54368,1.51998,5.46,1,0,0,0,1,0,0,0,0,0,1,1,0,0,0,0
USDCAD,2015-09-08,LONG,5,loss,-1.00,1.31946,1.31608,1.32937,2.93,1,0,0,0,1,0,0,0,1,0,1,1,0,0,0,0
USDCHF,2015-09-14,LONG,5,loss,-1.00,0.97078,0.96833,0.97802,2.96,1,0,0,0,1,0,0,0,0,0,1,1,1,0,0,0
AUDUSD,2015-09-14,SHORT,5,loss,-1.00,0.71366,0.71535,0.70856,3.02,1,0,0,0,1,1,0,0,0,0,1,0,0,1,0,0
USDCHF,2015-09-15,LONG,5,loss,-1.00,0.96905,0.96671,0.97802,3.83,1,0,0,0,1,0,0,0,0,0,1,1,0,1,0,0
USDCAD,2015-09-16,LONG,5,loss,-1.00,1.31794,1.31545,1.32748,3.83,1,0,0,0,1,0,0,0,0,0,1,1,0,1,0,0
USDCHF,2015-09-16,LONG,5,loss,-1.00,0.96882,0.96671,0.97802,4.36,1,0,0,0,1,0,1,0,0,0,1,1,0,0,0,0
AUDUSD,2015-09-16,SHORT,3,loss,-1.00,0.71851,0.72054,0.71247,2.98,1,0,0,0,1,0,0,0,0,0,1,0,0,0,0,0
USDCAD,2015-09-16,LONG,4,loss,-1.00,1.31701,1.31545,1.32343,4.12,1,0,0,0,1,0,0,0,0,0,1,1,0,0,0,0
USDCHF,2015-09-17,LONG,4,loss,-1.00,0.95922,0.95688,0.97085,4.97,1,0,0,0,1,1,0,0,0,0,1,0,0,0,0,0
USDCAD,2015-09-25,LONG,4,win,2.75,1.33150,1.32908,1.33816,2.75,1,0,0,0,1,0,0,0,0,0,1,1,0,0,0,0
USDCAD,2015-10-01,LONG,4,loss,-1.00,1.32559,1.32329,1.33466,3.94,1,0,0,0,1,0,0,0,0,0,1,1,0,0,0,0
EURUSD,2015-10-02,SHORT,5,loss,-1.00,1.12753,1.12958,1.11450,6.36,1,0,0,0,1,1,0,0,0,0,1,1,0,0,0,0
NZDUSD,2015-10-02,SHORT,5,loss,-1.00,0.64384,0.64565,0.63877,2.80,1,0,0,0,1,1,1,0,0,0,1,0,0,0,0,0
EURUSD,2015-10-06,SHORT,4,loss,-1.00,1.12647,1.12892,1.11837,3.31,1,0,0,0,1,1,0,0,0,0,0,1,0,0,0,0
USDCHF,2015-10-06,LONG,5,loss,-1.00,0.96655,0.96443,0.97409,3.56,1,0,0,0,1,0,1,0,0,0,1,1,0,0,0,0
AUDUSD,2015-10-08,SHORT,3,loss,-1.00,0.72599,0.72796,0.71810,4.01,1,0,0,0,1,0,0,0,0,0,1,0,0,0,0,0
AUDUSD,2015-10-12,SHORT,2,win,3.15,0.73703,0.73887,0.73124,3.15,1,0,0,0,1,0,0,0,0,0,0,0,0,0,0,0
USDJPY,2015-10-13,LONG,7,loss,-1.00,119.72900,119.62500,120.05000,3.09,1,0,0,0,1,1,0,0,1,1,0,1,1,0,0,0
USDJPY,2015-10-13,LONG,6,loss,-1.00,119.74200,119.62500,120.05000,2.63,1,0,0,0,1,1,0,0,1,1,0,1,0,0,0,0
USDCAD,2015-10-14,LONG,5,loss,-1.00,1.29820,1.29559,1.30541,2.76,1,0,1,0,1,0,0,0,0,0,0,1,0,0,1,0
USDJPY,2015-10-14,LONG,4,loss,-1.00,118.71200,118.45300,120.05000,5.17,1,1,0,0,1,0,0,0,0,1,0,0,0,0,0,0
GBPUSD,2015-10-19,SHORT,6,win,4.05,1.54805,1.55084,1.53674,4.05,1,1,0,0,1,1,0,0,0,0,0,1,0,0,1,0
GBPUSD,2015-10-19,SHORT,5,win,2.55,1.54687,1.55084,1.53674,2.55,1,1,0,0,1,1,0,0,0,0,0,1,0,0,0,0
AUDUSD,2015-10-23,SHORT,4,win,3.56,0.72786,0.72976,0.72109,3.56,1,0,1,0,1,0,0,0,0,0,0,1,0,0,0,0
USDCAD,2015-10-28,LONG,6,loss,-1.00,1.31488,1.31208,1.32710,4.36,1,0,0,0,1,1,1,0,0,0,1,1,0,0,0,0
GBPUSD,2015-10-30,SHORT,7,loss,-1.00,1.53474,1.53815,1.52613,2.52,1,0,0,0,1,1,1,0,1,0,1,1,0,0,0,0
GBPUSD,2015-10-30,SHORT,8,win,2.79,1.54430,1.55082,1.52613,2.79,1,1,0,0,1,1,1,0,1,0,1,1,0,0,0,0
USDCAD,2015-10-30,LONG,7,loss,-1.00,1.30834,1.30399,1.32506,3.84,1,0,0,0,1,1,1,0,0,0,1,1,0,1,0,0
GBPUSD,2015-11-02,SHORT,7,win,2.84,1.54643,1.55082,1.53398,2.84,1,1,0,0,1,1,0,1,1,0,0,1,0,0,0,0
USDCHF,2015-11-02,LONG,5,win,4.24,0.98379,0.98194,0.99163,4.24,1,0,0,0,1,0,0,0,0,0,1,1,0,1,0,0
USDCAD,2015-11-04,LONG,4,win,2.51,1.30605,1.30399,1.31122,2.51,1,0,0,0,1,0,1,0,0,0,0,1,0,0,0,0
AUDUSD,2015-11-11,SHORT,6,loss,-1.00,0.70579,0.70698,0.70189,3.28,1,0,0,0,1,1,0,0,1,0,1,1,0,0,0,0
AUDUSD,2015-11-11,SHORT,6,loss,-1.00,0.70568,0.70698,0.70189,2.92,1,0,0,0,1,1,0,0,1,0,1,1,0,0,0,0
AUDUSD,2015-11-17,SHORT,5,win,3.07,0.71202,0.71321,0.70837,3.07,1,0,0,0,1,1,0,0,0,0,1,1,0,0,0,0
USDCAD,2015-11-18,LONG,5,win,3.21,1.33139,1.32970,1.33681,3.21,1,0,0,0,1,0,0,0,0,0,1,1,1,0,0,0
AUDUSD,2015-11-20,SHORT,3,loss,-1.00,0.72088,0.72237,0.71528,3.76,1,0,0,0,1,0,0,0,0,0,1,0,0,0,0,0
USDJPY,2015-11-20,LONG,5,loss,-1.00,122.79700,122.62100,123.36700,3.24,1,0,0,0,1,0,0,0,1,0,1,1,0,0,0,0
AUDUSD,2015-11-20,SHORT,3,loss,-1.00,0.72394,0.72692,0.71528,2.91,1,0,0,0,1,0,0,0,0,0,1,0,0,0,0,0
USDJPY,2015-11-24,LONG,6,win,3.09,122.46000,122.22300,123.19200,3.09,1,0,0,0,1,0,0,0,1,0,1,1,0,0,1,0
AUDUSD,2015-11-24,SHORT,2,loss,-1.00,0.72465,0.72692,0.71856,2.68,1,0,0,0,1,0,0,0,0,0,0,0,0,0,0,0
USDJPY,2015-11-24,LONG,6,win,3.42,122.44200,122.22300,123.19200,3.42,1,0,0,0,1,0,0,0,1,0,1,1,0,0,1,0
USDJPY,2015-11-25,LONG,5,loss,-1.00,122.75700,122.62100,123.19200,3.20,1,0,0,0,1,0,0,0,1,0,1,1,0,0,0,0
NZDUSD,2015-11-30,SHORT,6,loss,-1.00,0.65863,0.65964,0.65256,6.01,1,0,0,0,1,0,1,0,1,0,1,1,0,0,0,0
NZDUSD,2015-11-30,SHORT,7,loss,-1.00,0.65849,0.65964,0.65538,2.70,1,0,0,0,1,0,1,0,1,0,1,1,1,0,0,0
AUDUSD,2015-12-01,SHORT,2,loss,-1.00,0.72790,0.72958,0.72308,2.87,1,0,0,0,1,0,0,0,0,0,0,0,0,0,0,0
USDCHF,2015-12-02,LONG,4,loss,-1.00,1.01878,1.01434,1.03073,2.69,1,0,0,0,1,0,0,0,0,0,1,1,0,0,0,0
USDCHF,2015-12-03,LONG,4,loss,-1.00,1.00318,0.99889,1.02933,6.10,1,0,0,0,1,0,1,0,0,0,1,0,0,0,0,0
USDCHF,2015-12-03,LONG,3,loss,-1.00,0.98783,0.98292,1.02481,7.53,1,0,0,0,1,0,0,0,0,0,1,0,0,0,0,0
EURUSD,2015-12-03,SHORT,3,loss,-1.00,1.09771,1.10525,1.05469,5.71,1,0,0,0,1,0,0,0,0,0,1,0,0,0,0,0
USDJPY,2015-12-04,LONG,6,loss,-1.00,122.84100,122.64300,123.47700,3.21,1,0,0,0,1,0,0,0,1,0,1,1,0,0,1,0
EURUSD,2015-12-04,SHORT,5,loss,-1.00,1.08695,1.09812,1.05469,2.89,1,0,0,0,1,0,1,0,0,0,1,0,0,0,0,1
USDCHF,2015-12-04,LONG,4,loss,-1.00,0.99668,0.98748,1.02481,3.06,1,0,0,0,1,0,1,0,0,0,1,0,0,0,0,0
EURUSD,2015-12-09,SHORT,3,loss,-1.00,1.09617,1.09812,1.08695,4.73,1,0,0,0,1,0,0,0,0,0,1,0,0,0,0,0
EURUSD,2015-12-09,SHORT,3,loss,-1.00,1.10245,1.10525,1.09160,3.87,1,0,0,0,1,0,0,0,0,0,1,0,0,0,0,0
USDJPY,2015-12-11,LONG,4,loss,-1.00,121.39500,121.07500,122.62200,3.83,1,0,0,0,1,0,0,0,0,0,1,0,0,0,1,0
USDJPY,2015-12-11,LONG,3,win,2.57,120.78100,120.25700,122.12900,2.57,1,0,0,0,1,0,0,0,0,0,1,0,0,0,0,0
USDJPY,2015-12-14,LONG,5,loss,-1.00,120.90700,120.58100,122.12900,3.75,1,0,1,0,1,0,0,0,0,0,0,0,0,1,1,0
USDCHF,2015-12-14,LONG,3,loss,-1.00,0.98237,0.98029,0.99166,4.47,1,0,0,0,1,1,0,0,0,0,0,0,0,0,0,0
EURUSD,2015-12-14,SHORT,4,loss,-1.00,1.10277,1.10525,1.09237,4.19,1,0,0,0,1,1,0,0,0,0,0,0,0,1,0,0
NZDUSD,2015-12-14,SHORT,3,loss,-1.00,0.67682,0.67875,0.67079,3.12,1,0,0,0,1,0,0,0,1,0,0,0,0,0,0,0
NZDUSD,2015-12-14,SHORT,3,loss,-1.00,0.67694,0.67875,0.67079,3.40,1,0,0,0,1,0,0,0,1,0,0,0,0,0,0,0
NZDUSD,2015-12-15,SHORT,3,loss,-1.00,0.67703,0.67875,0.67079,3.63,1,0,0,0,1,0,0,0,1,0,0,0,0,0,0,0
AUDUSD,2015-12-16,SHORT,4,win,3.42,0.72570,0.72827,0.71691,3.42,1,0,1,0,1,0,0,0,0,0,0,1,0,0,0,0
USDJPY,2015-12-23,LONG,6,loss,-1.00,120.84600,120.72300,121.37000,4.26,1,0,0,0,1,1,0,0,1,0,0,1,0,0,1,0
USDJPY,2015-12-23,LONG,6,loss,-1.00,120.86200,120.72300,121.37000,3.65,1,0,0,0,1,1,0,0,1,0,0,1,0,0,1,0
AUDUSD,2015-12-24,SHORT,3,loss,-1.00,0.72723,0.72827,0.72312,3.95,1,0,0,0,1,0,0,0,0,0,0,1,0,0,0,0
AUDUSD,2015-12-24,SHORT,3,loss,-1.00,0.72722,0.72827,0.72312,3.90,1,0,0,0,1,0,0,0,0,0,0,1,0,0,0,0
USDJPY,2015-12-24,LONG,3,loss,-1.00,120.28300,120.02700,120.94600,2.59,1,0,0,0,1,0,0,0,1,0,0,0,0,0,0,0
EURUSD,2015-12-24,SHORT,4,loss,-1.00,1.09665,1.09842,1.09081,3.30,1,0,0,0,1,0,0,0,1,0,0,1,0,0,0,0
AUDUSD,2015-12-24,SHORT,4,loss,-1.00,0.72689,0.72799,0.72312,3.43,1,0,0,0,1,0,0,0,0,0,0,1,0,0,0,1
EURUSD,2015-12-28,SHORT,4,win,3.40,1.09881,1.10116,1.09081,3.40,1,0,0,0,1,0,0,0,0,0,0,1,0,0,1,0
USDJPY,2015-12-28,LONG,4,loss,-1.00,120.50000,120.34300,120.94600,2.84,1,0,0,0,1,0,0,0,0,0,0,1,0,0,1,0
USDCHF,2015-12-30,LONG,4,loss,-1.00,0.98737,0.98613,0.99300,4.54,1,0,0,0,1,0,0,0,1,0,0,1,0,0,0,0
USDJPY,2016-01-05,LONG,3,loss,-1.00,118.95200,118.70300,120.31500,5.47,1,0,0,0,1,0,0,0,0,0,0,0,0,0,1,0
EURUSD,2016-01-14,SHORT,8,loss,-1.00,1.09317,1.09697,1.08229,2.86,1,0,1,0,1,1,1,1,0,0,1,1,0,0,0,0
USDJPY,2016-01-19,SHORT,5,win,3.33,118.07600,118.27900,117.40100,3.33,0,0,0,0,1,1,0,0,0,0,1,1,0,0,1,0
USDCAD,2016-01-21,LONG,6,loss,-1.00,1.44811,1.44316,1.46471,3.35,1,0,0,0,1,1,0,0,0,0,1,1,0,0,1,0
GBPUSD,2016-01-22,SHORT,4,loss,-1.00,1.42909,1.43396,1.41190,3.53,1,0,0,0,1,0,0,0,0,0,1,1,0,0,0,0
USDCAD,2016-01-22,LONG,3,loss,-1.00,1.41727,1.40648,1.45133,3.16,1,0,0,0,1,0,0,0,0,0,1,0,0,0,0,0
AUDUSD,2016-01-22,SHORT,5,win,3.39,0.70249,0.70483,0.69455,3.39,1,0,0,0,1,1,0,0,0,0,1,0,1,0,0,0
USDCAD,2016-01-26,LONG,5,loss,-1.00,1.42239,1.41145,1.45133,2.65,1,0,0,0,1,1,0,0,0,0,1,1,0,0,0,0
USDCAD,2016-01-26,LONG,4,loss,-1.00,1.40933,1.40502,1.43061,4.94,1,0,0,0,1,1,0,0,0,0,1,0,0,0,0,0
AUDUSD,2016-01-26,SHORT,6,loss,-1.00,0.70149,0.70456,0.69364,2.56,1,0,0,0,1,1,0,0,0,0,1,1,0,0,1,0
USDCAD,2016-01-26,LONG,4,loss,-1.00,1.40832,1.40502,1.43061,6.75,1,0,0,0,1,1,0,0,0,0,1,0,0,0,0,0
USDCAD,2016-01-27,LONG,4,loss,-1.00,1.41230,1.40648,1.43061,3.15,1,0,0,0,1,1,0,0,0,0,1,0,0,0,0,0
USDCAD,2016-01-27,LONG,4,loss,-1.00,1.40896,1.40502,1.43061,5.49,1,0,0,0,1,1,0,0,0,0,1,0,0,0,0,0
USDCAD,2016-01-27,LONG,5,loss,-1.00,1.41187,1.40648,1.43061,3.48,1,0,0,0,1,1,0,0,0,0,1,0,1,0,0,0
AUDUSD,2016-01-27,SHORT,6,loss,-1.00,0.70299,0.70483,0.69766,2.90,1,0,0,0,1,1,0,0,0,0,1,1,1,0,0,0
EURUSD,2016-01-28,SHORT,5,win,4.19,1.09567,1.09760,1.08758,4.19,1,0,0,0,1,1,0,0,0,1,0,1,0,0,0,0
GBPUSD,2016-02-01,SHORT,6,loss,-1.00,1.43655,1.44130,1.41874,3.75,1,0,0,0,1,1,0,0,0,0,1,1,0,1,0,0
USDJPY,2016-02-01,SHORT,3,win,2.76,121.13200,121.68600,119.60451,2.76,0,0,0,0,1,0,0,0,0,0,1,0,0,0,1,0
GBPUSD,2016-02-02,SHORT,7,loss,-1.00,1.43758,1.44130,1.42720,2.79,1,0,0,0,1,1,0,1,0,0,1,1,0,0,0,1
USDCAD,2016-02-03,LONG,4,loss,-1.00,1.39509,1.39077,1.40707,2.77,1,0,0,0,1,0,1,0,0,0,1,0,0,0,0,0
EURUSD,2016-02-03,SHORT,6,loss,-1.00,1.09229,1.09399,1.08253,5.74,1,0,0,0,1,0,1,0,0,1,0,1,0,1,0,0
EURUSD,2016-02-03,SHORT,4,loss,-1.00,1.10470,1.10722,1.08253,8.80,1,0,0,0,1,0,0,0,0,1,0,0,0,1,0,0
USDJPY,2016-02-03,LONG,4,loss,-1.00,117.99000,117.65600,119.96100,5.90,1,0,0,0,0,1,0,0,0,0,1,0,0,0,1,0
AUDUSD,2016-02-03,SHORT,4,loss,-1.00,0.71084,0.71289,0.70228,4.18,1,0,0,0,1,0,1,0,0,0,1,0,0,0,0,0
GBPUSD,2016-02-03,SHORT,4,loss,-1.00,1.45907,1.46445,1.44007,3.53,1,0,0,0,1,0,1,0,0,0,1,0,0,0,0,0
GBPUSD,2016-02-03,SHORT,4,loss,-1.00,1.46024,1.46445,1.44010,4.78,1,0,0,0,1,0,1,0,0,0,1,0,0,0,0,0
GBPUSD,2016-02-04,SHORT,5,loss,-1.00,1.45914,1.46445,1.44010,3.59,1,0,0,0,1,0,1,1,0,0,1,0,0,0,0,0
USDCHF,2016-02-04,LONG,6,loss,-1.00,1.00107,0.99582,1.01913,3.44,1,0,0,0,1,0,1,0,0,1,1,0,0,0,1,0
GBPUSD,2016-02-04,SHORT,6,win,2.63,1.45774,1.46445,1.44010,2.63,1,0,0,0,1,0,1,1,0,0,1,0,1,0,0,0
USDCHF,2016-02-04,LONG,4,loss,-1.00,0.99261,0.98800,1.00635,2.98,1,0,0,0,1,0,0,0,0,1,1,0,0,0,0,0
GBPUSD,2016-02-04,SHORT,5,win,4.16,1.45973,1.46445,1.44010,4.16,1,0,0,0,1,0,1,1,0,0,1,0,0,0,0,0
USDCHF,2016-02-05,LONG,3,loss,-1.00,0.99152,0.98800,1.00107,2.71,1,0,0,0,1,0,0,0,0,0,1,0,0,0,0,0
USDCHF,2016-02-08,LONG,2,loss,-1.00,0.98991,0.98567,1.00107,2.63,1,0,0,0,1,0,0,0,0,0,0,0,0,0,0,0
EURUSD,2016-02-08,SHORT,4,loss,-1.00,1.12118,1.12470,1.10811,3.71,1,1,0,0,1,0,0,0,0,1,0,0,0,0,0,0
USDCHF,2016-02-08,LONG,2,loss,-1.00,0.98499,0.98095,0.99577,2.67,1,0,0,0,1,0,0,0,0,0,0,0,0,0,0,0
EURUSD,2016-02-09,SHORT,3,loss,-1.00,1.12130,1.12470,1.11212,2.70,1,1,0,0,1,0,0,0,0,0,0,0,0,0,0,0
USDCHF,2016-02-10,LONG,3,loss,-1.00,0.97289,0.96946,0.98554,3.69,1,1,0,0,1,0,0,0,0,0,0,0,0,0,0,0
EURUSD,2016-02-11,SHORT,2,win,2.85,1.13378,1.13871,1.11974,2.85,1,0,0,0,1,0,0,0,0,0,0,0,0,0,0,0
USDCAD,2016-02-17,LONG,3,loss,-1.00,1.36920,1.36389,1.38731,3.41,1,0,0,0,1,1,0,0,0,0,0,0,0,0,0,0
USDCAD,2016-02-18,LONG,4,loss,-1.00,1.37401,1.37063,1.38731,3.93,1,0,0,0,1,1,0,0,0,0,0,1,0,0,0,0
USDCAD,2016-02-22,LONG,3,win,3.07,1.36866,1.36532,1.37890,3.07,1,0,0,0,1,1,0,0,0,0,0,0,0,0,0,0
NZDUSD,2016-02-22,SHORT,4,win,3.53,0.67126,0.67379,0.66234,3.53,1,0,0,1,1,1,0,0,0,0,0,0,0,0,0,0
USDCHF,2016-02-23,LONG,4,loss,-1.00,0.99067,0.98846,1.00001,4.23,1,0,0,0,1,1,0,0,0,0,0,1,0,0,0,0
EURUSD,2016-02-25,SHORT,4,loss,-1.00,1.10316,1.10527,1.09595,3.42,1,0,0,0,1,0,1,0,0,0,0,1,0,0,0,0
AUDUSD,2016-02-25,SHORT,4,win,3.98,0.72392,0.72589,0.71608,3.98,1,0,1,0,1,1,0,0,0,0,0,0,0,0,0,0
NZDUSD,2016-02-25,SHORT,3,loss,-1.00,0.67234,0.67524,0.66482,2.59,1,0,0,1,1,0,0,0,0,0,0,0,0,0,0,0
EURUSD,2016-02-26,SHORT,4,win,2.77,1.10231,1.10461,1.09595,2.77,1,0,0,0,1,0,1,0,0,0,0,1,0,0,0,0
USDJPY,2016-03-01,SHORT,5,loss,-1.00,113.59600,113.99200,112.41200,2.99,0,0,0,0,1,1,0,0,0,0,1,1,0,0,1,0
GBPUSD,2016-03-02,SHORT,6,loss,-1.00,1.40012,1.40424,1.38538,3.58,1,0,0,0,1,0,0,0,0,0,1,1,0,1,1,0
AUDUSD,2016-03-03,SHORT,4,loss,-1.00,0.73696,0.73974,0.72850,3.04,1,0,0,0,1,0,0,0,1,1,0,0,0,0,0,0
EURUSD,2016-03-03,SHORT,4,loss,-1.00,1.09326,1.09625,1.08273,3.52,1,0,0,0,1,0,0,0,0,0,1,1,0,0,0,0
AUDUSD,2016-03-04,SHORT,5,loss,-1.00,0.73856,0.74088,0.73188,2.88,1,1,0,0,1,0,0,0,1,1,0,0,0,0,0,0
USDCAD,2016-03-04,LONG,3,loss,-1.00,1.33614,1.33175,1.35236,3.69,1,0,0,0,1,0,0,0,0,1,0,0,0,0,0,0
USDCAD,2016-03-04,LONG,3,loss,-1.00,1.33285,1.32930,1.34250,2.72,1,0,0,0,1,0,0,0,0,1,0,0,0,0,0,0
GBPUSD,2016-03-07,SHORT,5,loss,-1.00,1.42049,1.42484,1.40540,3.47,1,0,0,0,1,1,0,0,0,0,1,1,0,0,0,0
AUDUSD,2016-03-07,SHORT,3,win,3.35,0.74706,0.74886,0.74103,3.35,1,0,0,0,1,0,0,0,0,1,0,0,0,0,0,0
USDCAD,2016-03-09,LONG,4,loss,-1.00,1.33003,1.32610,1.34249,3.17,1,0,0,0,1,1,0,0,0,1,0,0,0,0,0,0
AUDUSD,2016-03-09,SHORT,4,loss,-1.00,0.75038,0.75323,0.74220,2.87,1,0,0,0,1,0,0,0,0,1,0,0,0,0,1,0
AUDUSD,2016-03-09,SHORT,4,loss,-1.00,0.75134,0.75323,0.74220,4.84,1,0,0,0,1,0,0,0,0,1,0,0,0,0,1,0
USDCAD,2016-03-10,LONG,5,loss,-1.00,1.32663,1.32245,1.33985,3.16,1,0,0,0,1,1,0,1,0,1,0,0,0,0,0,0
USDCHF,2016-03-10,LONG,3,loss,-1.00,0.98798,0.98524,1.00010,4.42,1,0,0,0,1,0,0,0,0,0,0,1,0,0,0,0
EURUSD,2016-03-11,SHORT,2,loss,-1.00,1.11051,1.11392,1.10146,2.65,1,0,0,0,1,0,0,0,0,0,0,0,0,0,0,0
USDCHF,2016-03-14,LONG,3,loss,-1.00,0.98594,0.98028,1.00517,3.40,1,0,0,0,1,0,0,0,0,0,0,1,0,0,0,0
USDCHF,2016-03-15,LONG,3,loss,-1.00,0.98729,0.98028,1.00517,2.55,1,0,0,0,1,0,0,0,0,0,0,1,0,0,0,0
USDCHF,2016-03-15,LONG,3,loss,-1.00,0.98519,0.98028,1.00517,4.07,1,0,0,0,1,0,0,0,0,0,0,1,0,0,0,0
GBPUSD,2016-03-17,SHORT,4,loss,-1.00,1.43596,1.44361,1.40968,3.44,1,0,0,0,1,0,1,0,0,0,1,0,0,0,0,0
USDCAD,2016-03-17,LONG,3,loss,-1.00,1.30158,1.29351,1.33759,4.46,1,0,0,0,1,0,0,0,0,0,0,0,0,0,1,0
USDCHF,2016-03-17,LONG,2,loss,-1.00,0.96821,0.96606,0.97794,4.53,1,0,0,0,1,0,0,0,0,0,0,0,0,0,0,0
USDCAD,2016-03-17,LONG,3,loss,-1.00,1.29814,1.29351,1.33759,8.52,1,0,0,0,1,0,0,0,0,0,0,0,0,0,1,0
GBPUSD,2016-03-17,SHORT,4,win,2.92,1.44892,1.45695,1.42547,2.92,1,0,0,0,1,0,0,0,0,0,1,0,0,0,1,0
GBPUSD,2016-03-17,SHORT,4,win,2.94,1.44898,1.45695,1.42556,2.94,1,0,0,0,1,0,0,0,0,0,1,0,0,0,1,0
NZDUSD,2016-03-17,SHORT,4,win,3.41,0.68478,0.68828,0.67283,3.41,1,1,0,1,1,0,0,0,0,0,0,0,0,0,0,0
USDCAD,2016-03-17,LONG,3,loss,-1.00,1.29887,1.29351,1.33759,7.22,1,0,0,0,1,0,0,0,0,0,0,0,0,0,1,0
GBPUSD,2016-03-18,SHORT,2,win,4.32,1.44669,1.45158,1.42556,4.32,1,0,0,0,1,0,0,0,0,0,0,0,0,0,0,0
USDCHF,2016-03-18,LONG,2,win,3.44,0.96790,0.96509,0.97756,3.44,1,0,0,0,1,0,0,0,0,0,0,0,0,0,0,0
USDCAD,2016-03-18,LONG,3,loss,-1.00,1.29746,1.29351,1.33759,10.16,1,0,0,0,1,0,0,1,0,0,0,0,0,0,0,0
USDCHF,2016-03-18,LONG,3,win,3.12,0.96812,0.96509,0.97756,3.12,1,0,0,0,1,0,0,0,0,0,0,0,1,0,0,0
GBPUSD,2016-03-18,SHORT,3,win,4.63,1.45137,1.45695,1.42556,4.63,1,0,0,0,1,0,0,0,0,0,0,0,0,0,1,0
USDCAD,2016-03-18,LONG,3,loss,-1.00,1.30358,1.29453,1.33759,3.76,1,0,0,0,1,0,0,1,0,0,0,0,0,0,0,0
USDCHF,2016-03-21,LONG,2,win,3.62,0.96779,0.96509,0.97756,3.62,1,0,0,0,1,0,0,0,0,0,0,0,0,0,0,0
USDCHF,2016-03-22,LONG,4,win,2.70,0.97021,0.96749,0.97756,2.70,1,0,0,0,1,0,0,0,0,0,0,1,1,0,0,0
NZDUSD,2016-03-28,SHORT,6,loss,-1.00,0.67040,0.67143,0.66759,2.73,1,0,0,1,1,0,1,0,1,0,0,1,0,0,0,0
USDCHF,2016-03-29,LONG,2,loss,-1.00,0.96646,0.96509,0.97715,7.80,1,0,0,0,1,0,0,0,0,0,0,0,0,0,0,0
NZDUSD,2016-03-29,SHORT,5,loss,-1.00,0.68601,0.68828,0.67381,5.37,1,1,0,1,1,1,0,0,0,0,0,0,0,0,0,0
USDCAD,2016-03-29,LONG,4,loss,-1.00,1.30630,1.30279,1.32046,4.03,1,0,0,0,1,1,0,0,1,0,0,0,0,0,0,0
USDCAD,2016-03-30,LONG,3,loss,-1.00,1.29630,1.29229,1.30747,2.79,1,0,0,0,1,1,0,0,0,0,0,0,0,0,0,0
USDCAD,2016-03-30,LONG,4,loss,-1.00,1.29638,1.29229,1.30747,2.71,1,0,0,0,1,1,0,0,0,0,0,0,1,0,0,0
AUDUSD,2016-04-05,LONG,3,win,2.56,0.75360,0.75099,0.76028,2.56,0,0,0,0,1,1,0,0,0,0,1,0,0,0,0,0
AUDUSD,2016-04-06,LONG,3,win,2.71,0.75350,0.75100,0.76028,2.71,0,0,0,0,1,0,0,0,0,0,1,1,0,0,0,0
AUDUSD,2016-04-07,LONG,3,loss,-1.00,0.75290,0.74926,0.76662,3.77,0,0,0,0,1,1,0,0,0,0,1,0,0,0,0,0
AUDUSD,2016-04-07,LONG,4,win,3.80,0.75038,0.74768,0.76064,3.80,0,0,0,0,1,1,0,0,0,0,1,0,0,0,1,0
NZDUSD,2016-04-07,LONG,3,win,2.70,0.67792,0.67587,0.68345,2.70,0,0,0,0,1,0,0,0,0,0,1,1,0,0,0,0
AUDUSD,2016-04-07,LONG,5,win,3.36,0.75065,0.74768,0.76064,3.36,0,0,0,0,1,1,0,0,0,0,1,0,1,0,1,0
USDCHF,2016-04-15,SHORT,3,win,4.73,0.96701,0.96877,0.95869,4.73,0,0,0,0,1,0,0,0,0,0,1,1,0,0,0,0
USDCHF,2016-04-20,SHORT,3,loss,-1.00,0.96720,0.96876,0.95985,4.71,0,0,0,0,1,0,0,0,0,0,1,1,0,0,0,0
USDCHF,2016-04-20,SHORT,4,loss,-1.00,0.97248,0.97624,0.96119,3.00,0,1,0,0,1,0,1,0,0,0,1,0,0,0,0,0
GBPUSD,2016-04-21,SHORT,5,loss,-1.00,1.43909,1.44187,1.43074,3.00,1,0,0,0,1,1,0,1,1,0,0,0,0,0,0,0
USDCHF,2016-04-21,SHORT,4,loss,-1.00,0.97222,0.97624,0.96119,2.74,0,1,0,0,1,0,1,0,0,0,1,0,0,0,0,0
USDCHF,2016-04-21,SHORT,4,loss,-1.00,0.97461,0.97863,0.96119,3.34,0,1,0,0,1,0,1,0,0,0,1,0,0,0,0,0
EURUSD,2016-04-22,LONG,6,loss,-1.00,1.12641,1.12339,1.13781,3.77,0,1,0,0,1,0,1,0,1,0,1,1,0,0,0,0
GBPUSD,2016-04-22,SHORT,4,loss,-1.00,1.44120,1.44402,1.43390,2.59,1,0,0,0,1,1,0,0,1,0,0,0,0,0,0,0
GBPUSD,2016-04-25,SHORT,3,loss,-1.00,1.45090,1.45695,1.43390,2.81,1,0,0,0,1,0,0,0,0,0,0,0,0,0,1,0
NZDUSD,2016-04-27,LONG,5,loss,-1.00,0.68496,0.68345,0.68884,2.57,0,1,0,0,1,1,0,0,0,0,1,1,0,0,0,0
NZDUSD,2016-04-27,LONG,6,loss,-1.00,0.68409,0.68235,0.68896,2.80,0,1,0,0,1,1,1,0,0,0,1,1,0,0,0,0
USDCAD,2016-05-03,SHORT,3,loss,-1.00,1.26856,1.27578,1.24709,2.97,0,0,0,0,1,0,0,0,0,0,1,1,0,0,0,0
AUDUSD,2016-05-03,LONG,6,loss,-1.00,0.74909,0.74142,0.77040,2.78,0,1,0,0,1,0,0,0,0,1,1,0,0,1,1,0
USDCAD,2016-05-03,SHORT,3,loss,-1.00,1.27136,1.27578,1.24709,5.49,0,0,0,0,1,0,0,0,0,0,1,1,0,0,0,0
AUDUSD,2016-05-04,LONG,4,loss,-1.00,0.74517,0.74142,0.76196,4.48,0,1,0,0,1,0,0,1,0,0,1,0,0,0,0,0
USDCAD,2016-05-06,SHORT,4,loss,-1.00,1.29211,1.29894,1.27170,2.99,0,0,0,0,1,1,1,0,0,0,1,0,0,0,0,0
EURUSD,2016-05-06,LONG,3,loss,-1.00,1.14041,1.13859,1.14880,4.61,0,0,0,0,1,0,0,0,0,0,1,1,0,0,0,0
USDCAD,2016-05-06,SHORT,5,loss,-1.00,1.29177,1.29894,1.27170,2.80,0,0,0,0,1,1,1,0,0,0,1,0,1,0,0,0
USDCHF,2016-05-06,SHORT,4,loss,-1.00,0.97169,0.97524,0.96027,3.22,0,1,0,0,1,0,1,0,0,0,1,0,0,0,0,0
USDCAD,2016-05-09,SHORT,5,loss,-1.00,1.29562,1.29894,1.27170,7.20,0,0,1,0,1,1,1,0,0,0,1,0,0,0,0,0
NZDUSD,2016-05-09,LONG,3,loss,-1.00,0.67758,0.67587,0.68400,3.75,0,0,0,0,1,0,0,0,0,1,1,0,0,0,0,0
EURUSD,2016-05-09,LONG,4,loss,-1.00,1.14014,1.13859,1.14880,5.59,0,0,0,0,1,0,0,0,0,0,1,1,0,0,0,1
USDCHF,2016-05-09,SHORT,5,loss,-1.00,0.97100,0.97524,0.96027,2.53,0,1,0,0,1,0,1,0,0,0,1,1,0,0,0,0
USDCHF,2016-05-10,SHORT,5,loss,-1.00,0.97413,0.97665,0.96027,5.50,0,1,0,0,1,1,1,0,0,0,1,0,0,0,0,0
EURUSD,2016-05-13,LONG,4,loss,-1.00,1.12937,1.12715,1.13741,3.62,0,0,0,0,1,1,1,0,0,0,1,0,0,0,0,0
USDCAD,2016-05-17,SHORT,7,loss,-1.00,1.29313,1.29624,1.28535,2.50,0,0,0,0,1,1,1,0,1,1,1,1,0,0,0,0
GBPUSD,2016-05-24,SHORT,4,loss,-1.00,1.46207,1.46629,1.44851,3.21,1,0,0,0,1,1,0,0,0,0,0,1,0,0,0,0
GBPUSD,2016-05-24,SHORT,4,loss,-1.00,1.46268,1.46629,1.44851,3.93,1,0,0,0,1,1,0,0,0,0,0,1,0,0,0,0
AUDUSD,2016-05-31,SHORT,3,loss,-1.00,0.72271,0.72433,0.71849,2.60,1,0,0,0,0,0,0,0,0,0,1,1,0,0,0,0
NZDUSD,2016-05-31,SHORT,4,loss,-1.00,0.67612,0.67728,0.67128,4.17,1,0,0,0,0,1,0,0,0,0,1,1,0,0,0,0
USDJPY,2016-06-01,LONG,3,loss,-1.00,109.22000,108.72200,111.36300,4.30,1,0,0,0,0,1,0,0,0,0,1,0,0,0,0,0
NZDUSD,2016-06-01,SHORT,5,loss,-1.00,0.68234,0.68424,0.67128,5.82,1,1,0,0,0,1,1,0,0,0,1,0,0,0,0,0
USDCHF,2016-06-01,LONG,3,loss,-1.00,0.98910,0.98717,0.99480,2.95,1,0,0,0,0,0,0,0,0,0,1,1,0,0,0,0
EURUSD,2016-06-01,SHORT,5,loss,-1.00,1.11927,1.12168,1.11257,2.78,1,1,0,0,0,1,0,0,0,0,1,1,0,0,0,0
USDJPY,2016-06-01,LONG,6,loss,-1.00,109.50500,109.11100,110.59800,2.77,1,0,0,0,0,1,1,0,0,0,1,1,0,0,1,0
USDJPY,2016-06-02,LONG,3,loss,-1.00,108.74600,108.46500,109.50500,2.70,1,0,0,0,0,1,0,0,0,0,1,0,0,0,0,0
USDCHF,2016-06-03,LONG,6,loss,-1.00,0.97821,0.97508,0.99400,5.04,1,1,0,0,1,1,1,0,0,0,1,0,0,0,0,0
USDJPY,2016-06-03,LONG,3,loss,-1.00,106.89000,106.43400,109.50500,5.73,1,0,0,0,0,0,0,0,0,0,1,0,0,0,1,0
USDCAD,2016-06-03,LONG,4,loss,-1.00,1.29484,1.29108,1.30932,3.85,1,0,0,0,0,0,1,0,1,0,1,0,0,0,0,0
EURUSD,2016-06-03,SHORT,2,loss,-1.00,1.13277,1.13487,1.11635,7.82,1,0,0,0,0,0,0,0,0,0,1,0,0,0,0,0
AUDUSD,2016-06-03,SHORT,5,loss,-1.00,0.73380,0.73659,0.72290,3.91,1,0,0,0,1,1,1,0,0,0,1,0,0,0,0,0
USDCAD,2016-06-03,LONG,4,loss,-1.00,1.29424,1.29108,1.30919,4.73,1,0,0,0,0,0,1,0,1,0,1,0,0,0,0,0
AUDUSD,2016-06-03,SHORT,5,loss,-1.00,0.73661,0.74020,0.72426,3.44,1,0,0,0,1,1,1,0,0,0,1,0,0,0,0,0
EURUSD,2016-06-06,SHORT,2,loss,-1.00,1.13522,1.13736,1.11635,8.82,1,0,0,0,0,0,0,0,0,0,1,0,0,0,0,0
USDCAD,2016-06-06,LONG,3,loss,-1.00,1.28067,1.27714,1.29482,4.01,1,0,0,0,0,0,0,0,1,0,1,0,0,0,0,0
EURUSD,2016-06-07,SHORT,3,loss,-1.00,1.13462,1.13736,1.11440,7.38,1,0,0,0,0,0,0,0,0,0,1,0,0,0,0,1
EURUSD,2016-06-07,SHORT,2,loss,-1.00,1.13493,1.13926,1.11440,4.74,1,0,0,0,0,0,0,0,0,0,1,0,0,0,0,0
EURUSD,2016-06-07,SHORT,2,loss,-1.00,1.13574,1.13926,1.11440,6.06,1,0,0,0,0,0,0,0,0,0,1,0,0,0,0,0
AUDUSD,2016-06-08,SHORT,2,win,3.12,0.74782,0.75135,0.73679,3.12,1,0,0,0,0,0,0,0,0,0,1,0,0,0,0,0
EURUSD,2016-06-09,LONG,3,loss,-1.00,1.13414,1.13263,1.14031,4.09,0,0,0,0,1,0,0,0,0,0,1,1,0,0,0,0
USDCAD,2016-06-10,SHORT,2,win,2.89,1.27453,1.27662,1.26850,2.89,0,0,0,0,1,0,0,0,0,0,1,0,0,0,0,0
USDCHF,2016-06-10,SHORT,2,loss,-1.00,0.96381,0.96557,0.95858,2.97,0,0,0,0,1,0,0,0,0,0,1,0,0,0,0,0
USDCHF,2016-06-10,SHORT,3,loss,-1.00,0.96420,0.96557,0.95858,4.10,0,0,0,0,1,0,0,0,0,0,1,1,0,0,0,0
GBPUSD,2016-06-17,SHORT,5,loss,-1.00,1.42809,1.43279,1.40736,4.41,1,0,0,0,1,0,0,0,1,0,1,1,0,0,0,0
EURUSD,2016-06-17,SHORT,7,loss,-1.00,1.12789,1.13028,1.11571,5.10,1,1,0,0,0,1,1,0,1,0,1,1,0,0,0,0
GBPUSD,2016-06-20,SHORT,5,loss,-1.00,1.46343,1.47253,1.43535,3.09,1,1,0,0,1,1,0,0,0,0,1,0,0,0,0,0
GBPUSD,2016-06-20,SHORT,5,loss,-1.00,1.46868,1.47394,1.43535,6.34,1,1,0,0,1,1,0,0,0,0,1,0,0,0,0,0
USDJPY,2016-06-22,SHORT,5,loss,-1.00,104.55100,104.84200,103.82200,2.51,0,0,0,0,1,1,0,0,0,0,1,1,0,0,1,0
GBPUSD,2016-06-23,SHORT,2,loss,-1.00,1.48626,1.49133,1.46794,3.61,1,0,0,0,1,0,0,0,0,0,0,0,0,0,0,0
USDJPY,2016-06-23,SHORT,6,loss,-1.00,105.90300,106.39500,104.42900,3.00,0,0,0,0,1,1,0,0,0,0,1,1,0,1,1,0
USDJPY,2016-06-23,SHORT,6,loss,-1.00,105.92700,106.39500,104.42900,3.20,0,0,0,0,1,1,0,0,0,0,1,1,0,1,1,0
USDCAD,2016-06-24,SHORT,4,loss,-1.00,1.30226,1.30855,1.27607,4.16,0,1,0,0,1,0,0,0,1,0,1,0,0,0,0,0
USDCAD,2016-06-24,SHORT,5,loss,-1.00,1.29985,1.30855,1.27607,2.73,0,1,0,0,1,0,0,0,1,0,1,0,0,0,1,0
USDCHF,2016-06-28,SHORT,4,loss,-1.00,0.97927,0.98189,0.97266,2.52,0,1,0,0,1,0,0,0,0,0,1,0,0,1,0,0
USDCHF,2016-06-29,SHORT,4,loss,-1.00,0.97974,0.98189,0.97266,3.29,0,0,0,0,1,0,0,0,0,0,1,0,0,1,0,1
USDCHF,2016-06-29,SHORT,2,win,2.56,0.98058,0.98367,0.97266,2.56,0,0,0,0,1,0,0,0,0,0,1,0,0,0,0,0
EURUSD,2016-07-04,SHORT,5,loss,-1.00,1.11361,1.11693,1.10339,3.08,1,0,0,0,0,0,0,1,0,1,1,1,0,0,0,0
EURUSD,2016-07-04,SHORT,5,loss,-1.00,1.11433,1.11693,1.10339,4.21,1,0,0,0,0,0,0,1,0,1,1,1,0,0,0,0
EURUSD,2016-07-05,SHORT,4,win,4.21,1.11433,1.11693,1.10339,4.21,1,0,0,0,0,0,0,0,0,1,1,1,0,0,0,0
USDJPY,2016-07-11,SHORT,6,loss,-1.00,102.41200,102.80200,100.69800,4.39,0,0,0,0,1,1,0,0,1,0,1,1,0,0,1,0
USDJPY,2016-07-11,SHORT,5,loss,-1.00,102.65900,103.39000,100.70600,2.67,0,0,0,0,1,1,0,0,1,0,1,0,0,0,1,0
GBPUSD,2016-07-13,SHORT,4,win,2.65,1.32796,1.33403,1.31189,2.65,1,0,0,0,1,1,0,0,0,0,1,0,0,0,0,0
EURUSD,2016-07-14,SHORT,7,win,3.00,1.11514,1.11863,1.10466,3.00,1,0,0,0,1,0,1,0,1,0,1,1,0,1,0,0
USDCHF,2016-07-14,LONG,7,win,3.18,0.97764,0.97399,0.98924,3.18,1,1,1,0,0,0,1,0,1,0,1,1,0,0,0,0
USDCAD,2016-07-15,LONG,3,win,3.07,1.28691,1.28313,1.29853,3.07,1,0,0,0,0,1,0,0,0,0,1,0,0,0,0,0
USDJPY,2016-07-18,SHORT,3,loss,-1.00,105.73200,106.31600,104.22000,2.59,0,0,0,0,1,1,0,0,0,0,1,0,0,0,0,0
AUDUSD,2016-07-19,LONG,5,loss,-1.00,0.74941,0.74699,0.75763,3.40,0,0,0,0,1,1,1,0,0,0,1,0,0,0,1,0
AUDUSD,2016-07-19,LONG,6,loss,-1.00,0.74942,0.74699,0.75763,3.38,0,0,0,0,1,1,1,0,0,0,1,0,1,0,1,0
NZDUSD,2016-07-20,LONG,3,loss,-1.00,0.70321,0.70098,0.71172,3.82,0,0,0,0,1,0,1,0,0,0,1,0,0,0,0,0
AUDUSD,2016-07-20,LONG,6,loss,-1.00,0.74867,0.74699,0.75763,5.33,0,0,0,0,1,1,1,0,0,0,1,0,1,0,1,0
AUDUSD,2016-07-21,LONG,6,loss,-1.00,0.74854,0.74699,0.75763,5.86,0,0,0,0,1,1,1,0,0,0,1,1,0,0,1,0
AUDUSD,2016-07-21,LONG,6,loss,-1.00,0.74966,0.74699,0.75763,2.99,0,0,0,0,1,1,1,0,0,0,1,1,0,0,1,0
AUDUSD,2016-07-25,LONG,6,win,3.25,0.74569,0.74423,0.75044,3.25,0,1,0,0,1,1,1,0,0,0,1,1,0,0,0,0
USDJPY,2016-07-26,LONG,4,win,3.23,104.30500,103.90600,105.59300,3.23,1,0,0,0,0,1,0,0,0,0,1,0,0,0,1,0
NZDUSD,2016-07-26,SHORT,5,loss,-1.00,0.70493,0.70678,0.69951,2.93,1,0,0,0,0,0,1,0,0,1,1,1,0,0,0,0
NZDUSD,2016-07-27,SHORT,5,loss,-1.00,0.70672,0.70858,0.69951,3.88,1,0,0,0,0,0,1,0,0,1,1,1,0,0,0,0
EURUSD,2016-07-27,SHORT,4,loss,-1.00,1.10528,1.10842,1.09653,2.79,1,0,0,0,1,0,0,0,0,0,1,1,0,0,0,0
USDCAD,2016-07-29,LONG,7,loss,-1.00,1.30566,1.30239,1.31756,3.64,1,1,0,0,0,1,1,0,0,1,1,1,0,0,0,0
USDCHF,2016-08-01,LONG,2,loss,-1.00,0.96721,0.96354,0.97817,2.99,1,0,0,0,0,0,0,0,0,0,1,0,0,0,0,0
EURUSD,2016-08-01,SHORT,5,loss,-1.00,1.11751,1.11974,1.10876,3.92,1,1,0,0,1,0,1,0,0,0,1,0,0,0,0,0
EURUSD,2016-08-01,SHORT,6,loss,-1.00,1.11676,1.11974,1.10876,2.68,1,1,0,0,1,0,1,0,0,0,1,1,0,0,0,0
USDCAD,2016-08-04,LONG,7,loss,-1.00,1.30264,1.30049,1.31226,4.47,1,1,0,0,0,1,1,0,0,1,1,1,0,0,0,0
USDCAD,2016-08-04,LONG,7,win,2.61,1.30210,1.30015,1.30719,2.61,1,1,0,0,0,1,1,0,0,1,1,1,0,0,0,0
USDCHF,2016-08-08,SHORT,4,loss,-1.00,0.98167,0.98303,0.97323,6.21,0,0,0,0,1,0,1,0,0,0,1,1,0,0,0,0
GBPUSD,2016-08-17,SHORT,7,loss,-1.00,1.30061,1.30346,1.29295,2.69,1,0,0,0,1,1,0,0,0,0,1,1,1,0,1,0
GBPUSD,2016-08-17,SHORT,6,loss,-1.00,1.30105,1.30346,1.29295,3.36,1,0,0,0,1,1,0,0,0,0,1,1,0,0,1,0
AUDUSD,2016-08-17,LONG,5,win,2.87,0.76180,0.75970,0.76783,2.87,0,0,0,0,1,1,0,1,0,0,1,1,0,0,0,0
EURUSD,2016-08-17,SHORT,2,loss,-1.00,1.12822,1.13223,1.11819,2.50,1,0,0,0,1,0,0,0,0,0,0,0,0,0,0,0
AUDUSD,2016-08-19,LONG,5,loss,-1.00,0.76194,0.75970,0.76914,3.21,0,0,0,0,1,1,0,0,0,0,1,1,1,0,0,0
USDCAD,2016-08-19,SHORT,3,loss,-1.00,1.28779,1.29176,1.27666,2.80,0,0,0,0,1,0,0,0,0,0,1,1,0,0,0,0
AUDUSD,2016-08-19,LONG,4,loss,-1.00,0.76259,0.76085,0.76914,3.76,0,0,0,0,1,1,0,0,0,0,1,1,0,0,0,0
AUDUSD,2016-08-22,LONG,5,loss,-1.00,0.76129,0.75970,0.76914,4.94,0,0,0,0,1,1,0,0,0,0,1,1,1,0,0,0
AUDUSD,2016-08-22,LONG,4,loss,-1.00,0.76281,0.76085,0.76914,3.23,0,0,0,0,1,1,0,0,0,0,1,1,0,0,0,0
AUDUSD,2016-08-22,LONG,5,loss,-1.00,0.76304,0.76085,0.76914,2.79,0,0,0,0,1,1,0,0,0,0,1,1,1,0,0,0
EURUSD,2016-08-24,LONG,3,win,2.84,1.12562,1.12407,1.13002,2.84,0,0,0,0,1,0,0,0,0,0,1,1,0,0,0,0
NZDUSD,2016-08-26,LONG,3,loss,-1.00,0.72280,0.72090,0.73368,5.73,0,0,0,0,1,0,0,0,0,0,1,1,0,0,0,0
USDJPY,2016-08-26,SHORT,3,loss,-1.00,101.81600,102.27200,100.41400,3.07,0,0,0,0,1,0,0,0,0,0,1,0,0,0,1,0
EURUSD,2016-08-29,LONG,6,loss,-1.00,1.11689,1.11313,1.12954,3.37,0,1,0,0,1,1,1,0,0,0,1,1,0,0,0,0
NZDUSD,2016-08-29,LONG,3,loss,-1.00,0.72295,0.72090,0.73505,5.90,0,0,0,0,1,0,0,0,0,0,1,1,0,0,0,0
USDJPY,2016-08-29,SHORT,5,loss,-1.00,101.90400,102.27200,100.41400,4.05,0,0,0,0,1,1,0,1,0,0,1,0,0,0,1,0
NZDUSD,2016-08-30,LONG,5,loss,-1.00,0.72381,0.72102,0.73505,4.03,0,0,0,0,1,1,0,0,0,0,1,1,1,0,0,0
EURUSD,2016-08-30,LONG,6,loss,-1.00,1.11645,1.11313,1.12954,3.94,0,1,0,0,1,1,1,0,0,0,1,1,0,0,0,0
USDCAD,2016-08-30,SHORT,6,loss,-1.00,1.30374,1.30797,1.28821,3.67,0,1,1,0,1,0,1,0,0,0,1,1,0,0,0,0
EURUSD,2016-08-30,LONG,6,loss,-1.00,1.11504,1.11313,1.12954,7.59,0,1,0,0,1,1,1,0,0,0,1,1,0,0,0,0
NZDUSD,2016-08-30,LONG,4,win,7.14,0.72205,0.72023,0.73505,7.14,0,0,0,0,1,1,0,0,0,0,1,1,0,0,0,0
NZDUSD,2016-08-31,LONG,4,win,2.54,0.72498,0.72102,0.73505,2.54,0,0,0,0,1,0,0,1,0,0,1,1,0,0,0,0
EURUSD,2016-08-31,LONG,6,win,2.51,1.11345,1.10705,1.12954,2.51,0,0,0,0,1,1,1,1,0,0,1,1,0,0,0,0
EURUSD,2016-08-31,LONG,7,loss,-1.00,1.11456,1.11313,1.12954,10.48,0,1,0,0,1,1,1,1,0,0,1,1,0,0,0,0
EURUSD,2016-08-31,LONG,7,loss,-1.00,1.11541,1.11313,1.12954,6.20,0,1,0,0,1,1,1,1,0,0,1,1,0,0,0,0
GBPUSD,2016-09-01,SHORT,4,loss,-1.00,1.32448,1.32789,1.30951,4.39,1,0,0,0,1,0,1,0,0,0,1,0,0,0,0,0
GBPUSD,2016-09-02,SHORT,5,loss,-1.00,1.32711,1.33177,1.31311,3.00,1,0,0,0,1,0,1,0,0,0,1,0,1,0,0,0
USDCHF,2016-09-02,LONG,7,loss,-1.00,0.98048,0.97848,0.98836,3.94,1,0,0,0,0,1,0,1,0,0,1,1,1,0,0,1
AUDUSD,2016-09-02,SHORT,6,loss,-1.00,0.75680,0.75813,0.75332,2.62,1,0,0,0,0,1,1,0,1,0,1,1,0,0,0,0
USDCHF,2016-09-02,LONG,6,loss,-1.00,0.98024,0.97848,0.98836,4.61,1,1,0,0,0,1,0,1,0,0,1,1,0,0,0,0
GBPUSD,2016-09-05,SHORT,4,loss,-1.00,1.33209,1.33522,1.31311,6.06,1,0,1,0,1,0,0,0,0,0,1,0,0,0,0,0
GBPUSD,2016-09-05,SHORT,5,loss,-1.00,1.33114,1.33522,1.31311,4.42,1,0,1,0,1,0,1,0,0,0,0,0,1,0,0,0
GBPUSD,2016-09-05,SHORT,5,loss,-1.00,1.33028,1.33522,1.31311,3.48,1,0,1,0,1,0,1,0,0,0,0,1,0,0,0,0
USDCHF,2016-09-06,LONG,5,loss,-1.00,0.97854,0.97719,0.98836,7.27,1,1,0,0,0,0,1,0,0,0,1,1,0,0,0,0
GBPUSD,2016-09-06,SHORT,3,loss,-1.00,1.33535,1.33755,1.31311,10.11,1,0,1,0,1,0,0,0,0,0,0,0,0,0,0,0
AUDUSD,2016-09-06,SHORT,4,loss,-1.00,0.76728,0.76919,0.75851,4.59,1,0,1,0,0,0,0,0,1,0,1,0,0,0,0,0
USDJPY,2016-09-06,LONG,4,loss,-1.00,102.28100,101.75300,103.93000,3.12,1,0,0,0,0,0,1,0,0,0,1,1,0,0,0,0
USDJPY,2016-09-06,LONG,4,loss,-1.00,102.02500,101.75300,103.40100,5.06,1,0,0,0,0,0,0,0,0,0,1,1,0,0,1,0
USDJPY,2016-09-08,LONG,4,loss,-1.00,101.63100,101.20300,103.40100,4.14,1,0,0,0,0,0,0,0,0,0,1,1,0,0,1,0
USDCHF,2016-09-08,LONG,4,win,2.83,0.96716,0.96314,0.97854,2.83,1,0,0,0,0,1,0,0,0,0,1,1,0,0,0,0
NZDUSD,2016-09-13,LONG,4,loss,-1.00,0.73206,0.72907,0.74063,2.87,0,0,0,0,1,1,0,0,0,0,1,1,0,0,0,0
NZDUSD,2016-09-13,LONG,4,loss,-1.00,0.72603,0.72269,0.74063,4.37,0,0,0,0,1,1,1,0,0,0,1,0,0,0,0,0
EURUSD,2016-09-13,LONG,5,win,3.86,1.12137,1.11985,1.12723,3.86,0,1,0,0,1,0,1,0,0,0,1,1,0,0,0,0
NZDUSD,2016-09-13,LONG,4,win,4.05,0.72455,0.72269,0.73209,4.05,0,0,0,0,1,1,1,0,0,0,1,0,0,0,0,0
USDCHF,2016-09-14,LONG,7,win,3.07,0.97092,0.96899,0.97685,3.07,1,1,0,0,0,1,1,0,1,0,1,1,0,0,0,0
USDCHF,2016-09-16,SHORT,6,loss,-1.00,0.97958,0.98136,0.97186,4.34,0,1,0,0,1,1,0,0,0,1,1,1,0,0,0,0
EURUSD,2016-09-16,LONG,6,loss,-1.00,1.11535,1.11232,1.12343,2.67,0,1,0,0,1,1,1,0,0,0,1,1,0,0,0,0
EURUSD,2016-09-19,LONG,8,loss,-1.00,1.11627,1.11495,1.12343,5.42,0,1,0,0,1,1,1,1,0,0,1,1,1,0,0,0
AUDUSD,2016-09-19,SHORT,6,loss,-1.00,0.75469,0.75678,0.74785,3.27,1,0,0,0,0,1,1,0,0,1,1,1,0,0,0,0
EURUSD,2016-09-20,LONG,6,loss,-1.00,1.11720,1.11495,1.12343,2.77,0,1,0,0,1,1,1,0,0,0,1,1,0,0,0,0
USDCAD,2016-09-21,LONG,6,loss,-1.00,1.31500,1.31306,1.32283,4.04,1,0,1,0,0,0,0,0,0,1,1,1,0,1,0,0
USDCHF,2016-09-22,LONG,3,win,2.56,0.96736,0.96491,0.97364,2.56,1,0,0,0,0,1,0,0,0,0,1,0,0,0,0,0
NZDUSD,2016-09-23,LONG,7,loss,-1.00,0.72603,0.72406,0.73105,2.55,0,0,0,0,1,1,1,0,1,1,1,1,0,0,0,0
NZDUSD,2016-09-23,LONG,6,win,2.62,0.72334,0.72040,0.73105,2.62,0,0,0,0,1,1,1,0,1,1,1,0,0,0,0,0
USDCHF,2016-09-28,SHORT,7,win,2.94,0.97249,0.97421,0.96743,2.94,0,1,0,0,1,0,1,1,1,0,1,1,0,0,0,0
USDCAD,2016-10-03,LONG,7,win,4.29,1.30841,1.30479,1.32394,4.29,1,1,0,0,0,0,1,1,1,0,1,1,0,0,0,0
USDJPY,2016-10-04,SHORT,4,loss,-1.00,102.53800,102.78400,101.83500,2.86,0,0,0,0,1,0,1,0,0,0,1,0,0,0,1,0
NZDUSD,2016-10-04,LONG,4,loss,-1.00,0.72155,0.72023,0.72834,5.14,0,0,0,0,1,0,0,0,1,1,1,0,0,0,0,0
USDJPY,2016-10-05,SHORT,3,loss,-1.00,103.52600,103.80600,102.78800,2.64,0,0,0,0,1,0,0,0,0,0,1,0,0,0,1,0
USDJPY,2016-10-05,SHORT,3,loss,-1.00,103.57700,103.80600,102.78800,3.45,0,0,0,0,1,0,0,0,0,0,1,0,0,0,1,0
EURUSD,2016-10-06,LONG,6,loss,-1.00,1.11569,1.11379,1.12193,3.28,0,1,0,0,1,0,1,0,0,1,1,1,0,0,0,0
AUDUSD,2016-10-07,LONG,4,win,3.32,0.75539,0.75341,0.76196,3.32,0,0,0,0,1,0,0,1,0,1,1,0,0,0,0,0
AUDUSD,2016-10-11,LONG,5,loss,-1.00,0.75485,0.75341,0.76045,3.89,0,0,1,0,1,1,0,0,0,0,1,1,0,0,0,0
USDCAD,2016-10-14,LONG,5,loss,-1.00,1.31670,1.31393,1.32915,4.49,1,0,0,0,1,0,1,0,0,0,1,1,0,0,0,0
USDCAD,2016-10-14,LONG,6,loss,-1.00,1.31701,1.31393,1.32915,3.94,1,0,0,0,1,0,1,0,0,0,1,1,1,0,0,0
USDCAD,2016-10-17,LONG,6,loss,-1.00,1.31354,1.31028,1.32915,4.79,1,1,0,0,1,0,1,0,0,0,1,1,0,0,0,0
USDJPY,2016-10-19,LONG,4,loss,-1.00,103.44500,103.17400,104.15100,2.61,1,0,0,0,0,0,0,0,0,0,1,1,0,0,1,0
USDJPY,2016-10-19,LONG,4,win,2.94,103.42200,103.17400,104.15100,2.94,1,0,0,0,0,0,0,0,0,0,1,1,0,0,1,0
AUDUSD,2016-10-21,LONG,6,win,4.82,0.75962,0.75809,0.76700,4.82,0,0,0,0,1,1,1,0,1,0,1,1,0,0,0,0
AUDUSD,2016-10-24,LONG,6,win,2.78,0.76013,0.75870,0.76410,2.78,0,0,0,0,1,1,1,0,1,0,1,1,0,0,0,0
AUDUSD,2016-10-24,LONG,6,win,3.33,0.75981,0.75870,0.76351,3.33,0,0,0,0,1,1,1,0,1,0,1,1,0,0,0,0
NZDUSD,2016-10-25,SHORT,8,loss,-1.00,0.71637,0.71761,0.71302,2.70,1,0,1,0,0,1,1,0,1,0,1,1,1,0,0,0
AUDUSD,2016-10-27,LONG,5,loss,-1.00,0.76053,0.75888,0.76480,2.59,0,0,0,0,1,1,1,0,0,0,1,1,0,0,0,0
EURUSD,2016-10-28,SHORT,5,loss,-1.00,1.09337,1.09464,1.08860,3.76,1,0,0,0,1,0,0,0,1,0,1,1,0,0,0,0
EURUSD,2016-10-31,SHORT,5,loss,-1.00,1.09766,1.09917,1.09210,3.68,1,0,0,0,1,0,0,0,1,0,1,1,0,0,0,0
EURUSD,2016-11-01,SHORT,4,loss,-1.00,1.10425,1.10581,1.09611,5.22,1,0,0,0,1,0,1,0,0,0,1,0,0,0,0,0
USDJPY,2016-11-01,LONG,4,loss,-1.00,104.58100,104.38600,105.07100,2.51,1,0,0,0,0,0,0,0,0,0,1,1,0,0,1,0
USDCHF,2016-11-01,LONG,5,loss,-1.00,0.97897,0.97628,0.98974,4.00,1,1,0,0,1,0,1,0,0,0,1,0,0,0,0,0
USDCHF,2016-11-01,LONG,4,loss,-1.00,0.97572,0.97329,0.98813,5.11,1,1,0,0,1,0,0,0,0,0,1,0,0,0,0,0
NZDUSD,2016-11-02,SHORT,2,loss,-1.00,0.72838,0.73107,0.72045,2.95,1,0,0,0,0,0,0,0,0,0,1,0,0,0,0,0
NZDUSD,2016-11-02,SHORT,2,loss,-1.00,0.72952,0.73107,0.72185,4.95,1,0,0,0,0,0,0,0,0,0,1,0,0,0,0,0
USDCAD,2016-11-08,LONG,4,loss,-1.00,1.33383,1.33141,1.33996,2.53,1,0,0,0,1,0,0,0,0,0,1,1,0,0,0,0
AUDUSD,2016-11-09,LONG,5,loss,-1.00,0.76506,0.76122,0.77526,2.66,0,0,0,0,1,1,1,0,0,0,1,1,0,0,0,0
AUDUSD,2016-11-10,LONG,5,loss,-1.00,0.76113,0.75792,0.76926,2.53,0,0,0,0,1,1,1,0,0,0,1,1,0,0,0,0
NZDUSD,2016-11-11,LONG,2,loss,-1.00,0.71275,0.70768,0.72775,2.96,0,0,0,0,1,0,0,0,0,0,1,0,0,0,0,0
AUDUSD,2016-11-11,LONG,3,loss,-1.00,0.75363,0.75061,0.76926,5.18,0,1,0,0,1,0,0,0,0,0,1,0,0,0,0,0
NZDUSD,2016-11-11,LONG,2,loss,-1.00,0.71090,0.70768,0.71963,2.71,0,0,0,0,1,0,0,0,0,0,1,0,0,0,0,0
GBPUSD,2016-11-21,SHORT,7,loss,-1.00,1.24728,1.25048,1.23112,5.05,1,0,0,0,1,1,1,0,1,0,1,1,0,0,0,0
AUDUSD,2016-11-25,SHORT,5,loss,-1.00,0.74294,0.74447,0.73874,2.75,1,0,0,0,0,0,0,0,0,1,1,1,1,0,0,0
GBPUSD,2016-11-29,SHORT,8,loss,-1.00,1.25051,1.25311,1.23950,4.23,1,0,0,0,1,1,1,0,0,0,1,1,0,1,1,0
NZDUSD,2016-11-29,SHORT,3,loss,-1.00,0.71313,0.71442,0.70739,4.45,1,0,0,0,0,0,1,0,0,0,1,0,0,0,0,0
GBPUSD,2016-11-29,SHORT,9,loss,-1.00,1.25035,1.25311,1.23950,3.93,1,0,0,0,1,1,1,0,0,0,1,1,1,1,1,0
GBPUSD,2016-11-30,SHORT,7,loss,-1.00,1.24974,1.25256,1.23950,3.63,1,0,0,0,1,1,1,0,0,0,1,1,0,0,1,0
GBPUSD,2016-12-01,SHORT,2,loss,-1.00,1.26221,1.26733,1.24533,3.30,1,0,0,0,1,0,0,0,0,0,0,0,0,0,0,0
USDCAD,2016-12-02,LONG,5,loss,-1.00,1.32943,1.32640,1.34231,4.25,1,0,0,0,1,0,0,0,1,0,1,0,0,1,0,0
USDCAD,2016-12-02,LONG,7,loss,-1.00,1.33017,1.32640,1.34231,3.22,1,0,0,0,1,0,1,0,1,0,1,0,1,1,0,0
GBPUSD,2016-12-02,SHORT,2,loss,-1.00,1.26574,1.26956,1.25241,3.49,1,0,0,0,1,0,0,0,0,0,0,0,0,0,0,0
USDCAD,2016-12-02,LONG,5,loss,-1.00,1.32986,1.32640,1.34231,3.60,1,0,0,0,1,0,1,0,1,0,1,0,0,0,0,0
USDCHF,2016-12-05,LONG,6,loss,-1.00,1.00982,1.00729,1.01695,2.82,1,0,1,0,1,0,0,0,0,0,1,1,0,1,0,0
AUDUSD,2016-12-05,SHORT,7,win,2.53,0.74769,0.74970,0.74261,2.53,1,1,0,0,0,1,0,0,1,0,1,1,0,1,0,0
EURUSD,2016-12-05,SHORT,5,loss,-1.00,1.07683,1.08166,1.06461,2.53,1,0,0,0,1,1,0,0,0,0,1,0,0,1,0,0
NZDUSD,2016-12-05,SHORT,6,loss,-1.00,0.71313,0.71482,0.70755,3.30,1,0,0,0,0,1,1,0,0,0,1,1,0,1,0,0
USDCHF,2016-12-07,LONG,6,loss,-1.00,1.00667,1.00493,1.01122,2.61,1,0,1,0,1,0,0,0,0,0,1,1,0,1,0,0
AUDUSD,2016-12-07,SHORT,7,loss,-1.00,0.74825,0.74977,0.74261,3.71,1,1,0,0,0,0,1,0,1,0,1,1,0,0,1,0
GBPUSD,2016-12-12,SHORT,4,loss,-1.00,1.26685,1.27044,1.25617,2.97,1,0,0,0,1,0,0,0,1,0,0,1,0,0,0,0
AUDUSD,2016-12-13,SHORT,10,loss,-1.00,0.74942,0.75077,0.74568,2.77,1,1,0,1,1,1,1,1,0,0,1,1,0,0,1,0
GBPUSD,2016-12-14,SHORT,4,win,3.86,1.27008,1.27277,1.25971,3.86,1,0,0,0,1,0,0,0,1,0,0,1,0,0,0,0
USDJPY,2016-12-23,LONG,5,loss,-1.00,117.36500,117.10800,118.07700,2.77,1,0,0,0,1,0,0,0,0,0,1,1,0,0,1,0
USDJPY,2016-12-23,LONG,4,loss,-1.00,117.26700,117.10800,118.07700,5.09,1,0,0,0,1,0,0,0,0,0,1,1,0,0,0,0
EURUSD,2016-12-26,SHORT,4,loss,-1.00,1.04519,1.04690,1.04065,2.65,1,0,0,0,1,0,0,0,0,0,1,1,0,0,0,0
AUDUSD,2016-12-29,SHORT,7,loss,-1.00,0.72147,0.72254,0.71851,2.77,1,0,0,1,1,1,0,0,0,1,1,1,0,0,0,0
USDCHF,2016-12-29,LONG,7,loss,-1.00,1.02364,1.02181,1.02835,2.57,1,0,0,1,1,1,0,0,1,0,1,1,0,0,0,0
GBPUSD,2016-12-30,SHORT,5,win,3.08,1.23614,1.23905,1.22718,3.08,1,0,0,0,1,1,0,0,0,0,1,1,0,0,0,0
USDCAD,2017-01-02,LONG,5,loss,-1.00,1.34270,1.34013,1.34917,2.52,1,0,0,0,1,0,1,0,0,0,1,1,0,0,0,0
USDCAD,2017-01-02,LONG,5,loss,-1.00,1.34237,1.34013,1.34917,3.04,1,0,0,0,1,0,1,0,0,0,1,1,0,0,0,0
AUDUSD,2017-01-04,SHORT,7,loss,-1.00,0.72575,0.72791,0.71807,3.56,1,0,0,1,1,1,0,0,0,1,1,1,0,0,0,0
USDCAD,2017-01-04,LONG,5,loss,-1.00,1.33617,1.33172,1.34917,2.92,1,0,0,0,1,0,1,0,0,0,1,1,0,0,0,0
USDCHF,2017-01-05,LONG,7,win,3.23,1.00981,1.00561,1.02337,3.23,1,0,0,1,1,1,1,0,1,0,1,0,0,0,0,0
EURUSD,2017-01-05,SHORT,5,win,2.71,1.06024,1.06526,1.04663,2.71,1,0,0,0,1,0,1,0,1,0,1,0,0,0,0,0
USDJPY,2017-01-05,LONG,6,loss,-1.00,115.48900,114.77100,117.59800,2.94,1,0,1,0,1,0,0,0,1,0,1,0,0,0,1,0
GBPUSD,2017-01-06,SHORT,6,win,2.62,1.23662,1.23905,1.23026,2.62,1,0,0,0,1,1,1,0,0,0,1,1,0,0,0,0
USDCAD,2017-01-10,LONG,3,loss,-1.00,1.32046,1.31772,1.32998,3.47,1,1,0,0,1,0,0,0,0,0,0,0,0,0,0,0
AUDUSD,2017-01-13,SHORT,5,loss,-1.00,0.75022,0.75244,0.74454,2.56,1,1,0,1,1,0,0,0,0,0,0,0,0,0,1,0
USDJPY,2017-01-16,LONG,6,loss,-1.00,114.09900,113.75700,114.99600,2.62,1,0,0,0,1,0,1,0,0,0,1,0,1,0,1,0
USDJPY,2017-01-16,LONG,5,loss,-1.00,114.09500,113.75700,114.99600,2.67,1,0,0,0,1,0,1,0,0,0,1,0,0,0,1,0
AUDUSD,2017-01-17,SHORT,3,loss,-1.00,0.75522,0.75808,0.74714,2.83,1,0,0,1,1,0,0,0,0,0,0,0,0,0,0,0
USDCAD,2017-01-17,LONG,2,win,3.39,1.30444,1.30056,1.31760,3.39,1,0,0,0,1,0,0,0,0,0,0,0,0,0,0,0
GBPUSD,2017-01-17,SHORT,5,loss,-1.00,1.23853,1.24320,1.20713,6.72,1,0,0,0,1,1,1,0,0,0,1,0,0,0,0,0
USDCAD,2017-01-17,LONG,2,win,2.84,1.30619,1.30296,1.31537,2.84,1,0,0,0,1,0,0,0,0,0,0,0,0,0,0,0
NZDUSD,2017-01-17,SHORT,2,loss,-1.00,0.72085,0.72386,0.71134,3.16,1,0,0,0,1,0,0,0,0,0,0,0,0,0,0,0
GBPUSD,2017-01-17,SHORT,5,loss,-1.00,1.23947,1.24320,1.21201,7.36,1,0,0,0,1,1,1,0,0,0,1,0,0,0,0,0
USDCHF,2017-01-17,LONG,3,win,2.75,1.00220,0.99939,1.00992,2.75,1,0,0,1,1,0,0,0,0,0,0,0,0,0,0,0
AUDUSD,2017-01-17,SHORT,3,loss,-1.00,0.75629,0.75808,0.74830,4.46,1,0,0,1,1,0,0,0,0,0,0,0,0,0,0,0
USDCAD,2017-01-17,LONG,2,win,4.49,1.30522,1.30296,1.31537,4.49,1,0,0,0,1,0,0,0,0,0,0,0,0,0,0,0
GBPUSD,2017-01-18,SHORT,4,loss,-1.00,1.22812,1.23168,1.21201,4.53,1,0,0,0,1,0,0,0,0,0,1,1,0,0,0,0
USDCHF,2017-01-18,LONG,5,win,3.83,1.00173,0.99959,1.00992,3.83,1,0,0,1,1,0,0,0,0,0,0,0,0,1,1,0
USDJPY,2017-01-18,LONG,4,win,3.38,113.36100,113.12400,114.16300,3.38,1,0,0,0,1,0,0,0,0,0,0,0,1,0,1,0
GBPUSD,2017-01-18,SHORT,4,loss,-1.00,1.23454,1.24320,1.21201,2.60,1,0,0,0,1,0,1,0,0,0,1,0,0,0,0,0
USDJPY,2017-01-18,LONG,2,win,2.52,113.24200,112.87600,114.16300,2.52,1,0,0,0,1,0,0,0,0,0,0,0,0,0,0,0
USDCHF,2017-01-20,LONG,5,loss,-1.00,1.00166,0.99959,1.00820,3.16,1,0,0,1,1,0,0,0,0,0,0,1,0,0,1,0
USDJPY,2017-01-23,LONG,4,loss,-1.00,112.97400,112.56800,114.59200,3.99,1,0,0,0,1,1,0,0,0,0,0,0,0,0,1,0
USDCHF,2017-01-26,LONG,5,win,2.73,0.99761,0.99595,1.00215,2.73,1,0,0,1,1,1,0,0,0,0,0,1,0,0,0,0
USDCHF,2017-01-30,LONG,5,loss,-1.00,0.99745,0.99595,1.00171,2.84,1,0,0,1,1,0,0,0,1,0,0,1,0,0,0,0
USDCHF,2017-01-30,LONG,6,loss,-1.00,0.99511,0.99288,1.00162,2.92,1,1,0,1,1,0,0,0,1,0,0,1,0,0,0,0
EURUSD,2017-01-31,SHORT,4,loss,-1.00,1.07505,1.07698,1.06741,3.96,1,0,0,0,1,0,0,0,1,0,0,1,0,0,0,0
USDCHF,2017-01-31,LONG,5,win,2.96,0.98616,0.98318,0.99498,2.96,1,1,0,1,1,0,0,0,1,0,0,0,0,0,0,0
AUDUSD,2017-01-31,SHORT,6,loss,-1.00,0.75908,0.76089,0.75367,2.99,1,0,0,0,1,1,0,1,1,0,0,1,0,0,0,0
USDCAD,2017-01-31,LONG,3,loss,-1.00,1.30351,1.30056,1.31611,4.27,1,0,0,0,1,1,0,0,0,0,0,0,0,0,0,0
USDCAD,2017-01-31,LONG,3,loss,-1.00,1.30235,1.29999,1.31611,5.83,1,0,0,0,1,1,0,0,0,0,0,0,0,0,0,0
GBPUSD,2017-02-01,SHORT,2,win,2.56,1.26496,1.27228,1.24618,2.56,1,0,0,0,1,0,0,0,0,0,0,0,0,0,0,0
AUDUSD,2017-02-01,SHORT,4,win,2.58,0.75956,0.76089,0.75613,2.58,1,0,0,0,1,0,0,0,1,0,0,1,0,0,0,0
NZDUSD,2017-02-01,LONG,3,win,3.42,0.72493,0.72220,0.73426,3.42,0,0,0,0,1,0,0,0,0,0,1,1,0,0,0,0
GBPUSD,2017-02-01,SHORT,3,loss,-1.00,1.26463,1.26731,1.25727,2.75,1,0,0,0,1,0,0,0,0,0,0,0,1,0,0,0
NZDUSD,2017-02-03,LONG,4,win,2.65,0.72646,0.72418,0.73250,2.65,0,0,0,0,1,0,0,0,0,0,1,1,0,1,0,0
USDJPY,2017-02-03,LONG,5,loss,-1.00,112.38600,112.05300,113.29600,2.73,1,0,0,0,1,1,0,0,0,0,0,0,0,1,1,0
NZDUSD,2017-02-10,LONG,4,loss,-1.00,0.71974,0.71729,0.72891,3.74,0,0,0,0,1,0,1,1,0,0,1,0,0,0,0,0
NZDUSD,2017-02-10,LONG,6,loss,-1.00,0.72004,0.71729,0.72891,3.23,0,0,0,0,1,0,1,1,0,0,1,1,1,0,0,0
AUDUSD,2017-02-14,LONG,6,win,2.94,0.76259,0.76105,0.76712,2.94,0,0,1,0,1,1,0,1,0,0,1,1,0,0,0,0
USDJPY,2017-02-16,LONG,6,loss,-1.00,113.11200,112.86000,113.94700,3.31,1,0,0,0,1,1,0,0,1,0,0,1,0,0,1,0
USDCAD,2017-02-17,SHORT,5,loss,-1.00,1.31027,1.31196,1.30278,4.43,0,0,0,0,1,1,0,0,1,0,1,1,0,0,0,0
NZDUSD,2017-02-21,LONG,7,loss,-1.00,0.71444,0.71341,0.71848,3.92,0,0,1,0,1,0,1,1,1,0,1,1,0,0,0,0
USDCAD,2017-02-22,SHORT,5,win,3.48,1.31928,1.32122,1.31252,3.48,0,1,0,0,1,0,1,0,0,0,1,1,0,0,0,0
GBPUSD,2017-02-23,SHORT,3,win,2.73,1.25471,1.25821,1.24517,2.73,1,0,0,0,1,0,0,0,0,0,0,1,0,0,0,0
GBPUSD,2017-02-24,SHORT,3,win,3.18,1.25509,1.25821,1.24517,3.18,1,0,0,0,1,0,0,0,0,0,0,1,0,0,0,0
USDJPY,2017-02-27,LONG,4,loss,-1.00,112.79400,112.61800,113.24200,2.55,1,0,0,0,1,1,0,0,0,0,0,1,0,0,0,0
USDCHF,2017-02-28,LONG,7,loss,-1.00,1.00450,1.00252,1.00947,2.51,1,0,1,0,1,1,1,0,0,0,1,1,0,0,0,0
USDJPY,2017-02-28,LONG,4,win,3.18,111.89200,111.63000,112.72400,3.18,1,0,0,0,1,1,0,0,0,0,0,0,0,0,1,0
USDCAD,2017-02-28,SHORT,2,loss,-1.00,1.32922,1.33346,1.31715,2.85,0,0,0,0,1,0,0,0,0,0,1,0,0,0,0,0
NZDUSD,2017-03-01,LONG,6,loss,-1.00,0.71401,0.71168,0.72312,3.91,0,0,0,0,1,1,1,0,1,0,1,1,0,0,0,0
AUDUSD,2017-03-02,LONG,3,loss,-1.00,0.75810,0.75510,0.76573,2.54,0,0,0,0,1,0,1,0,0,0,1,0,0,0,0,0
AUDUSD,2017-03-02,LONG,3,loss,-1.00,0.75673,0.75510,0.76572,5.52,0,0,0,0,1,0,1,0,0,0,1,0,0,0,0,0
AUDUSD,2017-03-03,LONG,2,loss,-1.00,0.75500,0.75276,0.76572,4.79,0,0,0,0,1,0,0,0,0,0,1,0,0,0,0,0
AUDUSD,2017-03-03,LONG,4,loss,-1.00,0.75653,0.75510,0.76572,6.43,0,0,0,0,1,0,1,0,0,0,1,0,0,0,0,1
AUDUSD,2017-03-08,LONG,3,loss,-1.00,0.75462,0.75276,0.75991,2.84,0,1,0,0,1,0,0,0,0,0,1,0,0,0,0,0
EURUSD,2017-03-10,SHORT,6,loss,-1.00,1.06573,1.06794,1.05307,5.73,1,0,0,0,1,1,1,0,0,0,1,1,0,0,0,0
EURUSD,2017-03-10,SHORT,4,loss,-1.00,1.06913,1.07139,1.05941,4.30,1,0,0,0,1,1,0,0,0,0,1,0,0,0,0,0
NZDUSD,2017-03-15,SHORT,6,loss,-1.00,0.69399,0.69494,0.69009,4.11,1,0,0,1,1,1,0,0,0,0,1,1,0,0,0,0
USDJPY,2017-03-15,LONG,6,loss,-1.00,114.65700,114.51900,115.16600,3.69,1,0,0,0,1,0,0,0,0,1,1,1,0,0,1,0
AUDUSD,2017-03-15,SHORT,3,loss,-1.00,0.77092,0.77404,0.75651,4.62,1,0,0,0,0,1,0,0,0,0,1,0,0,0,0,0
USDCHF,2017-03-15,LONG,5,loss,-1.00,0.99954,0.99665,1.01101,3.97,1,0,0,0,1,0,0,0,0,1,1,0,0,0,1,0
USDCHF,2017-03-16,LONG,5,loss,-1.00,0.99536,0.99297,1.00887,5.65,1,1,0,0,1,0,0,0,0,1,1,0,0,0,0,0
NZDUSD,2017-03-17,SHORT,6,loss,-1.00,0.70215,0.70485,0.69398,3.03,1,0,0,1,1,1,0,0,0,0,1,1,0,0,0,0
EURUSD,2017-03-20,SHORT,5,loss,-1.00,1.07496,1.07823,1.06310,3.63,1,0,0,0,1,1,0,1,0,0,0,1,0,0,0,0
EURUSD,2017-03-20,SHORT,5,loss,-1.00,1.07529,1.07823,1.06310,4.15,1,0,0,0,1,1,0,1,0,0,0,1,0,0,0,0
EURUSD,2017-03-20,SHORT,6,loss,-1.00,1.07432,1.07823,1.06310,2.87,1,0,0,0,1,1,0,1,0,0,0,1,0,0,0,1
NZDUSD,2017-03-21,SHORT,9,loss,-1.00,0.70560,0.70733,0.70121,2.54,1,1,0,1,1,1,1,1,0,0,1,1,0,0,0,0
EURUSD,2017-03-21,SHORT,2,loss,-1.00,1.08087,1.08288,1.07368,3.58,1,0,0,0,1,0,0,0,0,0,0,0,0,0,0,0
USDCHF,2017-03-21,LONG,5,loss,-1.00,0.99554,0.99420,0.99973,3.13,1,1,0,0,1,0,0,0,0,1,0,1,0,0,0,0
USDJPY,2017-03-21,LONG,3,loss,-1.00,111.90900,111.69000,112.82800,4.20,1,0,0,0,1,0,0,0,0,0,0,0,0,0,1,0
EURUSD,2017-03-21,SHORT,3,loss,-1.00,1.08087,1.08288,1.07553,2.66,1,0,0,0,1,0,0,0,0,0,0,0,1,0,0,0
USDJPY,2017-03-21,LONG,2,loss,-1.00,111.71300,111.35900,112.82600,3.14,1,0,0,0,1,0,0,0,0,0,0,0,0,0,0,0
EURUSD,2017-03-21,SHORT,2,loss,-1.00,1.08104,1.08288,1.07553,2.99,1,0,0,0,1,0,0,0,0,0,0,0,0,0,0,0
GBPUSD,2017-03-22,SHORT,3,loss,-1.00,1.24519,1.24785,1.23612,3.41,1,0,0,0,1,0,0,0,0,0,1,0,0,0,0,0
AUDUSD,2017-03-22,LONG,3,loss,-1.00,0.76796,0.76631,0.77344,3.32,0,0,0,0,1,0,0,0,0,0,1,1,0,0,0,0
USDJPY,2017-03-23,LONG,4,loss,-1.00,110.98700,110.26900,112.82600,2.56,1,1,0,0,1,0,0,0,0,0,0,0,0,0,1,0
EURUSD,2017-03-24,SHORT,3,loss,-1.00,1.08063,1.08245,1.07553,2.80,1,0,0,0,1,0,0,0,0,0,0,1,0,0,0,0
USDJPY,2017-03-24,LONG,5,loss,-1.00,110.97700,110.62800,112.82600,5.30,1,1,0,0,1,0,0,1,0,0,0,0,0,0,1,0
USDCAD,2017-03-29,LONG,7,loss,-1.00,1.33333,1.33157,1.33985,3.70,1,0,0,0,1,1,1,0,1,0,1,1,0,0,0,0
USDCAD,2017-03-30,LONG,8,win,6.62,1.32785,1.32640,1.33745,6.62,1,0,0,0,1,1,1,1,1,0,1,1,0,0,0,0
USDJPY,2017-04-04,LONG,6,win,3.68,110.29400,110.10900,110.97500,3.68,1,0,1,0,1,1,0,1,1,0,0,0,0,0,0,0
GBPUSD,2017-04-11,SHORT,5,loss,-1.00,1.24825,1.25057,1.24036,3.40,1,0,0,0,1,1,0,0,0,0,0,1,0,0,1,0
GBPUSD,2017-04-11,SHORT,5,loss,-1.00,1.24884,1.25057,1.24038,4.89,1,0,0,0,1,1,0,0,0,0,0,1,0,0,1,0
USDCAD,2017-04-12,LONG,6,loss,-1.00,1.33028,1.32843,1.34055,5.55,1,0,0,0,1,0,1,0,0,0,1,1,0,1,0,0
GBPUSD,2017-04-12,SHORT,4,loss,-1.00,1.25311,1.25581,1.24038,4.71,1,0,0,0,1,1,0,0,0,0,0,1,0,0,0,0
AUDUSD,2017-04-13,SHORT,5,loss,-1.00,0.75726,0.75871,0.75084,4.43,1,0,0,0,0,0,1,0,0,0,1,1,0,0,0,1
NZDUSD,2017-04-13,SHORT,10,loss,-1.00,0.69991,0.70219,0.69237,3.31,1,0,0,1,1,1,1,0,0,0,1,1,1,0,1,1
NZDUSD,2017-04-13,SHORT,8,loss,-1.00,0.70105,0.70219,0.69237,7.61,1,0,0,1,1,1,1,0,0,0,1,1,0,0,1,0
AUDUSD,2017-04-13,SHORT,4,loss,-1.00,0.75667,0.75871,0.75084,2.86,1,0,0,0,0,0,1,0,0,0,1,1,0,0,0,0
NZDUSD,2017-04-13,SHORT,9,loss,-1.00,0.69969,0.70219,0.69237,2.93,1,0,0,1,1,1,1,0,0,0,1,1,0,0,1,1
AUDUSD,2017-04-14,SHORT,4,loss,-1.00,0.75727,0.75952,0.75084,2.86,1,0,0,0,0,0,1,0,0,0,1,1,0,0,0,0
NZDUSD,2017-04-14,SHORT,8,loss,-1.00,0.70033,0.70149,0.69237,6.86,1,0,0,1,1,1,1,0,0,0,1,1,0,0,1,0
AUDUSD,2017-04-14,SHORT,5,loss,-1.00,0.75708,0.75952,0.75084,2.56,1,0,0,0,0,0,1,0,0,0,1,1,1,0,0,0
NZDUSD,2017-04-14,SHORT,8,loss,-1.00,0.69998,0.70149,0.69237,5.04,1,0,0,1,1,1,1,0,0,0,1,1,0,0,1,0
AUDUSD,2017-04-14,SHORT,4,loss,-1.00,0.75717,0.75952,0.75084,2.69,1,0,0,0,0,0,1,0,0,0,1,1,0,0,0,0
EURUSD,2017-04-17,SHORT,5,loss,-1.00,1.06598,1.06775,1.06106,2.78,1,0,0,0,1,0,1,0,0,0,1,1,0,0,0,0
GBPUSD,2017-04-17,SHORT,4,loss,-1.00,1.25863,1.26151,1.24989,3.03,1,0,0,0,1,1,0,0,0,0,0,1,0,0,0,0
EURUSD,2017-04-18,SHORT,5,loss,-1.00,1.06781,1.06889,1.06379,3.72,1,0,0,0,1,0,1,0,0,0,1,1,0,0,0,0
GBPUSD,2017-04-18,SHORT,2,loss,-1.00,1.26682,1.27060,1.25565,2.96,1,0,0,0,1,0,0,0,0,0,0,0,0,0,0,0
USDJPY,2017-04-18,LONG,3,win,2.82,108.40500,108.13200,109.17400,2.82,1,0,0,0,1,0,0,0,0,0,0,0,0,0,1,0
GBPUSD,2017-04-21,SHORT,3,loss,-1.00,1.27772,1.28471,1.25652,3.03,1,0,0,0,1,0,0,0,0,0,0,0,0,0,0,1
GBPUSD,2017-04-21,SHORT,2,loss,-1.00,1.27809,1.28471,1.25652,3.26,1,0,0,0,1,0,0,0,0,0,0,0,0,0,0,0
EURUSD,2017-04-24,SHORT,3,loss,-1.00,1.08479,1.09058,1.06938,2.66,1,1,0,0,1,0,0,0,0,0,0,0,0,0,0,0
EURUSD,2017-04-24,SHORT,3,loss,-1.00,1.08679,1.09164,1.06938,3.59,1,1,0,0,1,0,0,0,0,0,0,0,0,0,0,0
GBPUSD,2017-04-25,SHORT,3,loss,-1.00,1.28320,1.28471,1.27784,3.55,1,0,0,0,1,0,0,0,1,0,0,0,0,0,0,0
GBPUSD,2017-04-26,SHORT,4,loss,-1.00,1.28270,1.28456,1.27784,2.61,1,0,0,0,1,0,0,0,1,0,0,1,0,0,0,0
USDCHF,2017-04-26,LONG,5,loss,-1.00,0.99302,0.99183,0.99703,3.37,1,1,0,0,1,0,0,1,0,0,0,1,0,0,0,0
GBPUSD,2017-04-27,SHORT,5,loss,-1.00,1.28871,1.29053,1.27784,5.97,1,1,0,0,1,0,0,0,1,0,0,0,1,0,0,0
GBPUSD,2017-04-27,SHORT,4,loss,-1.00,1.28881,1.29053,1.27784,6.38,1,1,0,0,1,0,0,0,1,0,0,0,0,0,0,0
EURUSD,2017-05-02,SHORT,6,loss,-1.00,1.09259,1.09474,1.08667,2.75,1,0,0,0,1,1,0,0,1,1,0,1,0,0,0,0
AUDUSD,2017-05-11,SHORT,5,loss,-1.00,0.73804,0.73942,0.73411,2.85,1,0,1,0,1,0,0,0,0,0,1,1,0,0,0,0
USDCHF,2017-05-16,LONG,3,loss,-1.00,0.98791,0.98584,0.99574,3.78,1,0,0,0,1,0,0,0,0,0,1,0,0,0,0,0
USDJPY,2017-05-17,LONG,6,loss,-1.00,112.35200,112.08800,113.07100,2.72,1,0,0,0,1,0,1,0,0,0,1,1,0,0,1,0
USDJPY,2017-05-17,LONG,6,loss,-1.00,111.46300,110.87300,113.07100,2.73,1,1,0,0,1,0,1,0,0,0,1,0,0,0,1,0
NZDUSD,2017-05-19,SHORT,7,loss,-1.00,0.69337,0.69495,0.68908,2.72,1,0,0,0,1,1,1,0,1,0,1,1,0,0,0,0
EURUSD,2017-05-23,LONG,3,loss,-1.00,1.11826,1.11614,1.12525,3.30,0,0,0,0,1,0,0,0,0,0,1,1,0,0,0,0
USDCAD,2017-05-24,LONG,4,loss,-1.00,1.34554,1.34108,1.35707,2.59,1,0,0,0,1,0,1,0,0,0,1,0,0,0,0,0
AUDUSD,2017-05-24,SHORT,9,win,2.55,0.74970,0.75171,0.74458,2.55,1,1,1,0,1,1,1,0,0,0,1,1,0,0,1,0
USDCAD,2017-05-25,LONG,3,loss,-1.00,1.34368,1.34108,1.35070,2.70,1,0,0,0,1,0,0,0,0,0,0,1,0,0,0,0
NZDUSD,2017-05-26,SHORT,3,loss,-1.00,0.70576,0.70726,0.70081,3.30,1,1,0,0,1,0,0,0,0,0,0,0,0,0,0,0
GBPUSD,2017-05-26,LONG,3,loss,-1.00,1.27921,1.27721,1.28887,4.83,0,0,0,0,1,0,1,0,0,0,1,0,0,0,0,0
NZDUSD,2017-05-26,SHORT,4,loss,-1.00,0.70543,0.70677,0.70083,3.43,1,1,0,0,1,0,0,0,0,0,0,0,1,0,0,0
NZDUSD,2017-05-26,SHORT,3,loss,-1.00,0.70674,0.70897,0.70083,2.65,1,1,0,0,1,0,0,0,0,0,0,0,0,0,0,0
USDCHF,2017-05-29,SHORT,3,loss,-1.00,0.97648,0.97762,0.97174,4.16,0,0,0,0,1,0,0,0,0,0,1,1,0,0,0,0
USDJPY,2017-06-02,LONG,4,loss,-1.00,110.42100,110.23700,111.57000,6.24,1,0,0,0,1,0,0,0,0,0,0,1,0,0,1,0
USDJPY,2017-06-05,LONG,5,loss,-1.00,110.52800,110.23700,111.57000,3.58,1,0,0,0,1,0,0,0,0,0,0,1,1,0,1,0
USDJPY,2017-06-05,LONG,4,loss,-1.00,110.49100,110.23700,111.57000,4.25,1,0,0,0,1,0,0,0,0,0,0,1,0,0,1,0
USDJPY,2017-06-05,LONG,4,loss,-1.00,110.48600,110.23700,111.57000,4.35,1,0,0,0,1,0,0,0,0,0,0,1,0,0,1,0
USDJPY,2017-06-07,LONG,3,loss,-1.00,109.79300,109.59400,110.39400,3.02,1,0,0,0,1,0,0,0,0,0,0,1,0,0,0,0
USDCAD,2017-06-12,LONG,4,loss,-1.00,1.34373,1.34224,1.35177,5.40,1,0,0,0,1,0,1,0,0,0,0,1,0,0,0,0
USDCAD,2017-06-12,LONG,4,loss,-1.00,1.34481,1.34224,1.35177,2.71,1,0,0,0,1,0,1,0,0,0,0,1,0,0,0,0
USDCAD,2017-06-12,LONG,3,loss,-1.00,1.33311,1.32620,1.35177,2.70,1,1,0,0,1,0,0,0,0,0,0,0,0,0,0,0
USDCHF,2017-06-14,SHORT,4,loss,-1.00,0.97122,0.97275,0.96667,2.97,0,0,0,0,1,1,0,0,0,0,1,1,0,0,0,0
NZDUSD,2017-06-15,LONG,3,win,2.89,0.72041,0.71704,0.73015,2.89,0,0,0,0,1,0,0,0,0,0,1,1,0,0,0,0
GBPUSD,2017-06-19,SHORT,7,win,3.45,1.27881,1.28052,1.27291,3.45,1,0,0,0,0,0,1,0,1,0,1,1,1,1,0,0
USDCHF,2017-06-19,SHORT,4,win,3.03,0.97555,0.97703,0.97107,3.03,0,0,0,0,1,0,1,0,0,0,1,1,0,0,0,0
EURUSD,2017-06-19,LONG,4,loss,-1.00,1.11484,1.11321,1.11944,2.82,0,0,0,0,1,1,0,0,0,0,1,1,0,0,0,0
EURUSD,2017-06-20,LONG,4,loss,-1.00,1.11482,1.11321,1.11907,2.64,0,0,0,0,1,1,0,0,0,0,1,1,0,0,0,0
EURUSD,2017-06-20,LONG,5,win,4.69,1.11237,1.11094,1.11907,4.69,0,0,0,0,1,1,1,0,0,0,1,1,0,0,0,0
GBPUSD,2017-06-22,SHORT,3,loss,-1.00,1.26882,1.27098,1.25942,4.35,1,0,0,0,0,0,0,0,0,0,1,1,0,0,0,0
USDCAD,2017-06-23,LONG,6,loss,-1.00,1.32341,1.32078,1.33268,3.52,1,0,0,0,1,1,0,0,1,0,0,1,0,1,0,0
USDCAD,2017-06-26,LONG,5,loss,-1.00,1.32373,1.32078,1.33268,3.03,1,1,0,0,1,1,0,0,0,0,0,1,0,0,0,0
USDCAD,2017-06-26,LONG,5,loss,-1.00,1.32276,1.32078,1.33268,5.01,1,1,0,0,1,1,0,0,0,0,0,1,0,0,0,0
USDCAD,2017-06-27,LONG,3,loss,-1.00,1.32131,1.31910,1.33268,5.14,1,0,0,0,1,0,0,0,0,0,0,1,0,0,0,0
NZDUSD,2017-06-27,LONG,4,loss,-1.00,0.72769,0.72616,0.73182,2.70,0,0,0,0,1,0,0,0,0,0,1,1,1,0,0,0
USDCAD,2017-06-28,LONG,2,loss,-1.00,1.30864,1.30566,1.31834,3.26,1,0,0,0,1,0,0,0,0,0,0,0,0,0,0,0
USDCAD,2017-06-28,LONG,2,loss,-1.00,1.30426,1.30095,1.31560,3.43,1,0,0,0,1,0,0,0,0,0,0,0,0,0,0,0
GBPUSD,2017-06-28,SHORT,4,loss,-1.00,1.29354,1.29774,1.27323,4.84,1,1,0,0,0,1,0,0,0,0,1,0,0,0,0,0
USDCAD,2017-06-28,LONG,2,loss,-1.00,1.30296,1.29921,1.31560,3.37,1,0,0,0,1,0,0,0,0,0,0,0,0,0,0,0
USDCAD,2017-06-29,LONG,2,loss,-1.00,1.30327,1.30095,1.31560,5.31,1,0,0,0,1,0,0,0,0,0,0,0,0,0,0,0
GBPUSD,2017-06-29,SHORT,4,loss,-1.00,1.29705,1.30149,1.28219,3.35,1,1,0,0,0,0,0,0,0,0,1,0,1,0,0,0
USDCAD,2017-06-29,LONG,3,loss,-1.00,1.30097,1.29803,1.31560,4.98,1,0,0,0,1,0,0,0,0,0,0,0,0,0,1,0
GBPUSD,2017-06-29,SHORT,3,loss,-1.00,1.29824,1.30149,1.28219,4.94,1,0,0,0,0,0,0,0,0,0,1,0,0,0,1,0
USDJPY,2017-06-29,LONG,5,loss,-1.00,112.06400,111.83000,112.68300,2.65,1,0,0,0,1,0,0,0,0,0,1,1,0,0,1,0
USDCAD,2017-06-29,LONG,3,loss,-1.00,1.30044,1.29803,1.31560,6.29,1,0,0,0,1,0,0,0,0,0,0,0,0,0,1,0
USDCHF,2017-07-03,SHORT,4,loss,-1.00,0.96325,0.96470,0.95906,2.89,0,0,0,0,1,0,0,0,0,1,1,1,0,0,0,0
USDCHF,2017-07-03,SHORT,4,loss,-1.00,0.96356,0.96470,0.95906,3.95,0,0,0,0,1,0,0,0,0,1,1,1,0,0,0,0
NZDUSD,2017-07-04,LONG,4,loss,-1.00,0.72917,0.72754,0.73329,2.53,0,0,0,0,1,1,0,0,0,0,1,1,0,0,0,0
AUDUSD,2017-07-04,LONG,4,loss,-1.00,0.76017,0.75770,0.76781,3.09,0,0,0,0,1,1,0,0,0,0,1,1,0,0,0,0
NZDUSD,2017-07-04,LONG,4,loss,-1.00,0.72899,0.72754,0.73329,2.97,0,0,0,0,1,1,0,0,0,0,1,1,0,0,0,0
AUDUSD,2017-07-04,LONG,4,loss,-1.00,0.76045,0.75770,0.76781,2.68,0,0,0,0,1,1,0,0,0,0,1,1,0,0,0,0
AUDUSD,2017-07-05,LONG,4,loss,-1.00,0.75992,0.75770,0.76781,3.55,0,0,0,0,1,1,0,0,0,0,1,1,0,0,0,0
NZDUSD,2017-07-05,LONG,4,loss,-1.00,0.72740,0.72619,0.73329,4.87,0,0,0,0,1,1,0,0,0,0,1,1,0,0,0,0
NZDUSD,2017-07-05,LONG,4,loss,-1.00,0.72714,0.72535,0.73329,3.44,0,0,0,0,1,1,0,0,0,0,1,1,0,0,0,0
AUDUSD,2017-07-05,LONG,5,loss,-1.00,0.75993,0.75770,0.76781,3.53,0,0,0,0,1,1,0,0,0,0,1,1,0,0,0,1
AUDUSD,2017-07-06,LONG,5,win,6.44,0.75854,0.75710,0.76781,6.44,0,0,0,0,1,1,1,0,0,0,1,1,0,0,0,0
GBPUSD,2017-07-10,LONG,8,loss,-1.00,1.28832,1.28666,1.29686,5.14,0,1,0,0,1,0,1,0,0,1,1,1,1,1,0,0
GBPUSD,2017-07-10,LONG,7,loss,-1.00,1.28819,1.28666,1.29686,5.67,0,1,0,0,1,0,1,0,0,1,1,1,0,1,0,0
USDCHF,2017-07-11,SHORT,6,win,2.51,0.96723,0.96879,0.96331,2.51,0,0,0,0,1,1,1,0,0,0,1,1,0,0,0,1
NZDUSD,2017-07-11,LONG,5,win,3.79,0.72080,0.71963,0.72524,3.79,0,0,0,0,1,1,1,1,0,0,1,0,0,0,0,0
USDJPY,2017-07-14,LONG,5,loss,-1.00,113.06400,112.86000,113.82700,3.74,1,0,0,0,1,0,0,0,0,0,1,1,0,0,1,0
USDCHF,2017-07-14,SHORT,6,win,3.72,0.96817,0.96960,0.96285,3.72,0,0,0,0,1,1,1,0,0,0,1,1,1,0,0,0
USDJPY,2017-07-17,LONG,7,loss,-1.00,112.41200,112.26000,113.06400,4.29,1,0,0,0,1,1,1,0,0,0,1,1,0,0,1,0
GBPUSD,2017-07-19,LONG,3,loss,-1.00,1.30306,1.30049,1.31181,3.40,0,0,0,0,1,0,0,0,0,0,1,1,0,0,0,0
GBPUSD,2017-07-19,LONG,4,loss,-1.00,1.30357,1.30049,1.31181,2.68,0,0,0,0,1,0,0,0,0,0,1,1,1,0,0,0
USDJPY,2017-07-21,LONG,5,loss,-1.00,111.18000,110.95000,111.96700,3.42,1,1,0,0,1,0,0,0,0,0,1,0,0,0,1,0
USDJPY,2017-07-24,LONG,6,win,4.83,110.83500,110.64600,111.74700,4.83,1,1,0,0,1,0,0,1,0,0,0,0,1,0,1,0
USDJPY,2017-07-24,LONG,6,loss,-1.00,111.11100,110.95000,111.74700,3.95,1,1,0,0,1,0,0,1,0,0,0,1,0,0,1,0
USDCHF,2017-07-27,SHORT,3,loss,-1.00,0.96579,0.97003,0.95010,3.70,0,0,0,0,1,0,1,0,0,0,1,0,0,0,0,0
USDCHF,2017-07-28,SHORT,3,win,2.60,0.97100,0.97379,0.96374,2.60,0,0,0,0,1,0,0,1,0,0,1,0,0,0,0,0
USDJPY,2017-07-28,LONG,6,loss,-1.00,110.83500,110.62200,111.63000,3.73,1,1,0,0,1,1,0,0,0,0,0,1,0,0,1,0
USDJPY,2017-08-03,LONG,6,loss,-1.00,110.13000,109.91900,110.70500,2.73,1,0,1,0,1,1,0,0,0,0,0,1,0,0,1,0
GBPUSD,2017-08-04,LONG,3,loss,-1.00,1.31444,1.31123,1.32251,2.51,0,0,0,0,1,0,0,0,0,0,1,1,0,0,0,0
USDJPY,2017-08-04,LONG,8,win,3.39,110.09800,109.91900,110.70500,3.39,1,0,1,0,1,1,0,0,0,0,0,1,1,0,1,1
GBPUSD,2017-08-04,LONG,4,loss,-1.00,1.30346,1.29996,1.32251,5.44,0,0,0,0,1,0,1,0,0,0,1,1,0,0,0,0
AUDUSD,2017-08-04,LONG,4,loss,-1.00,0.79303,0.79140,0.79763,2.82,0,0,0,0,1,1,0,0,0,0,1,1,0,0,0,0
GBPUSD,2017-08-04,LONG,3,loss,-1.00,1.30451,1.29996,1.31611,2.55,0,0,0,0,1,0,0,0,0,0,1,1,0,0,0,0
GBPUSD,2017-08-07,LONG,4,loss,-1.00,1.30492,1.30238,1.31611,4.41,0,0,0,0,1,1,0,0,0,0,1,1,0,0,0,0
GBPUSD,2017-08-07,LONG,6,loss,-1.00,1.30197,1.29996,1.31611,7.03,0,0,0,0,1,1,1,0,0,0,1,1,0,0,1,0
NZDUSD,2017-08-07,LONG,3,loss,-1.00,0.73516,0.73336,0.74026,2.83,0,0,0,0,1,0,1,0,0,0,1,0,0,0,0,0
GBPUSD,2017-08-08,LONG,5,loss,-1.00,1.29660,1.29329,1.30500,2.54,0,1,0,0,1,1,1,0,0,0,1,0,0,0,0,0
AUDUSD,2017-08-08,LONG,3,loss,-1.00,0.79045,0.78911,0.79427,2.85,0,0,0,0,1,0,0,0,0,0,1,1,0,0,0,0
EURUSD,2017-08-08,LONG,5,loss,-1.00,1.17490,1.17281,1.18085,2.85,0,0,1,0,1,1,0,0,0,0,1,1,0,0,0,0
AUDUSD,2017-08-09,LONG,4,loss,-1.00,0.78906,0.78776,0.79341,3.35,0,0,0,0,1,0,0,0,0,0,1,1,1,0,0,0
USDCHF,2017-08-09,LONG,6,loss,-1.00,0.96495,0.96309,0.97401,4.87,1,0,0,0,0,1,1,0,0,0,1,1,0,0,0,1
USDCHF,2017-08-10,LONG,4,loss,-1.00,0.96471,0.96119,0.97401,2.64,1,0,0,0,0,0,1,0,0,0,1,1,0,0,0,0
NZDUSD,2017-08-10,LONG,2,loss,-1.00,0.72805,0.72628,0.73539,4.15,0,0,0,0,1,0,0,0,0,0,1,0,0,0,0,0
GBPUSD,2017-08-15,LONG,3,loss,-1.00,1.28687,1.28116,1.30145,2.55,0,1,0,0,1,0,0,0,0,0,1,0,0,0,0,0
EURUSD,2017-08-16,LONG,4,loss,-1.00,1.17115,1.16872,1.18268,4.74,0,0,0,0,1,1,0,0,0,0,1,1,0,0,0,0
NZDUSD,2017-08-16,SHORT,4,loss,-1.00,0.73097,0.73304,0.72344,3.64,1,0,0,0,0,0,1,0,0,0,1,1,0,0,0,0
EURUSD,2017-08-17,LONG,4,win,2.58,1.16994,1.16501,1.18268,2.58,0,0,0,0,1,1,0,0,0,0,1,1,0,0,0,0
NZDUSD,2017-08-18,SHORT,5,loss,-1.00,0.73214,0.73350,0.72811,2.96,1,0,0,0,0,1,1,0,0,0,1,1,0,0,0,0
NZDUSD,2017-08-21,SHORT,5,win,4.04,0.73243,0.73350,0.72811,4.04,1,0,0,0,0,1,1,0,0,0,1,1,0,0,0,0
NZDUSD,2017-08-21,SHORT,6,win,3.45,0.73229,0.73350,0.72811,3.45,1,0,0,0,0,1,1,0,0,0,1,1,1,0,0,0
USDJPY,2017-08-22,SHORT,7,loss,-1.00,109.40800,109.59900,108.90000,2.66,0,0,1,0,1,0,0,0,1,1,1,1,0,0,1,0
USDJPY,2017-08-24,SHORT,7,loss,-1.00,109.57400,109.82400,108.90000,2.70,0,0,1,0,1,0,0,0,1,1,1,1,0,0,1,0
NZDUSD,2017-08-28,SHORT,5,loss,-1.00,0.72478,0.72583,0.72179,2.85,1,0,0,0,0,0,0,1,1,0,1,1,0,0,0,0
USDCAD,2017-08-29,SHORT,4,loss,-1.00,1.25232,1.25394,1.24646,3.62,0,0,0,0,1,0,0,1,0,0,1,1,0,0,0,0
USDCHF,2017-08-30,SHORT,5,loss,-1.00,0.96398,0.96621,0.95439,4.30,0,0,0,0,1,0,1,0,1,0,1,1,0,0,0,0
USDJPY,2017-08-30,SHORT,6,win,2.82,110.32400,110.94800,108.56400,2.82,0,0,0,0,1,0,1,0,0,1,1,1,0,0,1,0
USDCHF,2017-08-31,SHORT,6,win,4.61,0.96767,0.96984,0.95766,4.61,0,0,0,0,1,1,1,0,1,0,1,1,0,0,0,0
USDCAD,2017-08-31,SHORT,4,win,3.29,1.26520,1.26908,1.25244,3.29,0,0,0,0,1,0,1,0,0,0,1,1,0,0,0,0
USDJPY,2017-08-31,SHORT,7,win,5.16,110.56100,110.94800,108.56400,5.16,0,1,0,0,1,1,1,0,0,1,1,0,0,0,1,0
USDJPY,2017-09-01,SHORT,6,win,3.19,110.16700,110.67000,108.56400,3.19,0,0,0,0,1,0,1,0,0,1,1,1,0,0,1,0
USDJPY,2017-09-01,SHORT,7,win,2.63,110.09000,110.67000,108.56400,2.63,0,0,0,0,1,0,1,0,0,1,1,1,1,0,1,0
USDJPY,2017-09-01,SHORT,5,win,4.15,110.26100,110.67000,108.56400,4.15,0,0,0,0,1,0,1,0,0,1,1,1,0,0,0,0
NZDUSD,2017-09-05,SHORT,5,loss,-1.00,0.71865,0.72065,0.71355,2.55,1,1,0,0,0,0,0,0,1,0,1,1,0,0,0,0
GBPUSD,2017-09-05,SHORT,4,loss,-1.00,1.30125,1.30313,1.29230,4.76,1,0,0,0,0,0,0,0,0,0,1,1,0,0,1,0
USDCAD,2017-09-12,SHORT,2,loss,-1.00,1.21442,1.21700,1.20725,2.78,0,0,0,0,1,0,0,0,0,0,1,0,0,0,0,0
USDCHF,2017-09-12,SHORT,5,loss,-1.00,0.95906,0.96144,0.94979,3.89,0,0,0,0,1,1,1,0,0,0,1,1,0,0,0,0
USDJPY,2017-09-12,SHORT,4,loss,-1.00,110.20200,110.48800,109.36800,2.92,0,0,0,0,1,0,1,0,0,1,1,0,0,0,0,0
EURUSD,2017-09-13,LONG,4,loss,-1.00,1.18983,1.18682,1.20145,3.86,0,0,0,0,1,1,0,0,0,0,1,1,0,0,0,0
EURUSD,2017-09-13,LONG,4,loss,-1.00,1.18843,1.18499,1.19851,2.93,0,0,0,0,1,1,0,0,0,0,1,1,0,0,0,0
GBPUSD,2017-09-13,LONG,3,loss,-1.00,1.32026,1.31587,1.33180,2.63,0,0,0,0,1,0,0,0,0,0,1,1,0,0,0,0
AUDUSD,2017-09-13,LONG,5,loss,-1.00,0.79827,0.79631,0.80388,2.86,0,0,0,0,1,1,0,0,0,0,1,1,0,0,1,0
EURUSD,2017-09-14,LONG,4,loss,-1.00,1.18920,1.18682,1.19851,3.91,0,0,0,0,1,1,0,0,0,0,1,1,0,0,0,0
USDCHF,2017-09-14,SHORT,4,loss,-1.00,0.96712,0.96984,0.95888,3.03,0,0,0,0,1,1,0,1,0,0,1,0,0,0,0,0
USDJPY,2017-09-14,SHORT,6,loss,-1.00,110.71100,110.94800,109.94100,3.25,0,1,0,0,1,1,0,1,0,1,1,0,0,0,0,0
AUDUSD,2017-09-14,LONG,4,loss,-1.00,0.79785,0.79631,0.80388,3.92,0,0,0,0,1,1,0,0,0,0,1,1,0,0,0,0
EURUSD,2017-09-14,LONG,4,win,2.76,1.18859,1.18499,1.19851,2.76,0,0,0,0,1,1,0,0,0,0,1,1,0,0,0,0
USDCHF,2017-09-14,SHORT,5,win,3.76,0.96603,0.96793,0.95888,3.76,0,0,0,0,1,1,0,1,0,0,1,0,1,0,0,0
USDJPY,2017-09-15,SHORT,4,loss,-1.00,111.24600,111.71100,109.94100,2.81,0,1,0,0,1,0,0,0,0,1,1,0,0,0,0,0
AUDUSD,2017-09-18,LONG,4,loss,-1.00,0.79652,0.79410,0.80276,2.58,0,0,0,0,1,1,0,0,0,0,1,1,0,0,0,0
NZDUSD,2017-09-19,SHORT,4,loss,-1.00,0.73213,0.73437,0.72625,2.62,1,0,0,0,0,1,0,0,1,0,1,0,0,0,0,0
USDCAD,2017-09-25,SHORT,5,loss,-1.00,1.23352,1.23511,1.22684,4.20,0,0,0,0,1,1,0,0,0,0,1,1,0,1,0,0
EURUSD,2017-09-25,LONG,5,loss,-1.00,1.18708,1.18380,1.19688,2.99,0,0,0,0,1,0,1,0,1,0,1,1,0,0,0,0
EURUSD,2017-09-25,LONG,5,loss,-1.00,1.18511,1.18231,1.19325,2.91,0,0,0,0,1,0,1,0,1,0,1,1,0,0,0,0
USDCAD,2017-09-25,SHORT,5,loss,-1.00,1.23807,1.24146,1.22684,3.31,0,0,0,0,1,1,0,0,0,0,1,1,0,1,0,0
EURUSD,2017-09-25,LONG,5,loss,-1.00,1.18479,1.18231,1.19325,3.41,0,0,0,0,1,0,1,0,1,0,1,1,0,0,0,0
AUDUSD,2017-09-26,LONG,2,loss,-1.00,0.78896,0.78710,0.79447,2.96,0,0,0,0,1,0,0,0,0,0,1,0,0,0,0,0
USDCAD,2017-09-26,SHORT,7,win,2.51,1.23920,1.24146,1.23352,2.51,0,0,0,0,1,1,1,1,0,0,1,1,0,1,0,0
NZDUSD,2017-09-26,LONG,3,loss,-1.00,0.72043,0.71832,0.72732,3.27,0,0,0,0,1,1,0,0,0,0,1,0,0,0,0,0
EURUSD,2017-09-26,LONG,2,loss,-1.00,1.17702,1.17403,1.18611,3.04,0,0,0,0,1,0,0,0,0,0,1,0,0,0,0,0
AUDUSD,2017-09-26,LONG,2,loss,-1.00,0.78784,0.78664,0.79447,5.53,0,0,0,0,1,0,0,0,0,0,1,0,0,0,0,0
AUDUSD,2017-09-26,LONG,3,loss,-1.00,0.78845,0.78710,0.79447,4.46,0,0,0,0,1,0,0,0,0,0,1,0,1,0,0,0
USDCAD,2017-09-27,SHORT,4,loss,-1.00,1.24054,1.24263,1.23531,2.50,0,0,0,0,1,0,1,0,0,0,1,1,0,0,0,0
USDJPY,2017-10-04,LONG,6,win,3.13,112.36800,112.21300,112.85300,3.13,1,0,0,0,1,0,0,1,0,0,1,1,0,0,1,0
USDJPY,2017-10-10,LONG,5,loss,-1.00,112.33400,112.21300,112.75300,3.46,1,0,0,0,1,0,0,0,0,0,1,1,0,0,1,0
EURUSD,2017-10-10,SHORT,5,loss,-1.00,1.18149,1.18325,1.17651,2.83,1,0,0,0,0,1,1,0,0,0,1,1,0,0,0,0
USDCHF,2017-10-11,LONG,4,loss,-1.00,0.97292,0.97092,0.97860,2.84,1,0,0,0,0,1,0,0,0,0,1,1,0,0,0,0
USDCAD,2017-10-12,LONG,4,win,2.73,1.24654,1.24485,1.25115,2.73,1,0,0,0,0,0,1,0,0,0,1,1,0,0,0,0
GBPUSD,2017-10-12,SHORT,5,loss,-1.00,1.32604,1.32915,1.31389,3.91,1,0,0,0,0,1,1,0,0,0,1,1,0,0,0,0
USDJPY,2017-10-13,LONG,5,loss,-1.00,112.21500,112.08000,112.68000,3.44,1,0,0,0,1,0,0,0,0,0,1,1,0,0,0,1
NZDUSD,2017-10-13,SHORT,5,loss,-1.00,0.71850,0.72051,0.71081,3.83,1,1,0,0,0,1,1,0,0,0,1,0,0,0,0,0
NZDUSD,2017-10-16,SHORT,6,loss,-1.00,0.71929,0.72051,0.71410,4.25,1,0,0,0,0,1,1,1,0,0,1,1,0,0,0,0
USDCAD,2017-10-18,LONG,5,loss,-1.00,1.24735,1.24520,1.25678,4.39,1,0,0,0,0,0,1,0,1,0,1,1,0,0,0,0
EURUSD,2017-10-19,SHORT,6,win,3.00,1.18424,1.18748,1.17452,3.00,1,0,0,0,0,1,1,0,1,0,1,1,0,0,0,0
EURUSD,2017-10-19,SHORT,7,win,2.78,1.18405,1.18748,1.17452,2.78,1,0,0,0,0,1,1,0,1,0,1,1,1,0,0,0
USDCAD,2017-11-06,LONG,3,loss,-1.00,1.27458,1.27151,1.28598,3.71,1,0,0,0,0,0,0,0,0,0,1,1,0,0,0,0
NZDUSD,2017-11-06,SHORT,4,loss,-1.00,0.69339,0.69501,0.68849,3.02,1,0,0,0,1,0,0,0,0,0,1,1,0,0,0,0
USDCAD,2017-11-08,LONG,3,loss,-1.00,1.27243,1.27022,1.27973,3.30,1,0,0,0,0,0,0,0,0,0,1,1,0,0,0,0
USDCHF,2017-11-09,LONG,5,loss,-1.00,0.99586,0.99458,0.99995,3.20,1,0,0,0,1,1,0,0,0,0,1,1,0,0,0,0
AUDUSD,2017-11-09,SHORT,6,win,4.49,0.76891,0.77005,0.76379,4.49,1,1,0,0,0,1,0,0,1,0,1,1,0,0,0,0
USDJPY,2017-11-09,LONG,8,win,2.99,113.17400,112.95500,113.82900,2.99,1,0,0,0,1,1,1,0,1,0,1,1,0,0,1,0
EURUSD,2017-11-13,SHORT,6,loss,-1.00,1.16672,1.16778,1.16402,2.55,1,0,0,0,0,1,1,0,1,0,1,1,0,0,0,0
USDCHF,2017-11-14,LONG,5,loss,-1.00,0.99463,0.99362,0.99808,3.42,1,0,0,0,1,1,0,0,0,0,1,1,0,0,0,0
EURUSD,2017-11-15,SHORT,4,win,4.36,1.18466,1.18748,1.17237,4.36,1,0,0,0,0,1,0,1,0,0,1,0,0,0,0,0
USDJPY,2017-11-22,LONG,4,loss,-1.00,111.62100,111.47500,112.33800,4.91,1,1,0,0,1,0,0,0,0,0,0,0,0,0,1,0
USDCAD,2017-11-22,LONG,4,loss,-1.00,1.27241,1.27006,1.28105,3.68,1,0,0,0,0,0,1,0,0,0,1,1,0,0,0,0
AUDUSD,2017-11-23,SHORT,4,win,4.43,0.76338,0.76495,0.75642,4.43,1,0,0,0,1,0,0,0,0,0,1,1,0,0,0,0
NZDUSD,2017-11-23,SHORT,6,loss,-1.00,0.68956,0.69188,0.68315,2.76,1,0,0,0,1,1,0,1,0,0,1,1,0,0,0,0
NZDUSD,2017-11-24,SHORT,5,loss,-1.00,0.68853,0.69052,0.68315,2.70,1,0,0,0,1,1,0,0,0,0,1,1,0,0,0,0
USDJPY,2017-11-27,LONG,4,loss,-1.00,111.22800,111.06900,111.66200,2.73,1,1,0,0,1,0,0,0,0,0,0,1,0,0,0,0
USDCAD,2017-11-27,LONG,5,win,3.09,1.26822,1.26658,1.27328,3.09,1,0,0,0,0,1,1,0,0,0,1,1,0,0,0,0
AUDUSD,2017-11-27,SHORT,4,win,9.28,0.76412,0.76495,0.75642,9.28,1,0,0,0,1,0,0,0,0,0,1,1,0,0,0,0
NZDUSD,2017-11-27,SHORT,6,loss,-1.00,0.69078,0.69188,0.68732,3.15,1,0,1,0,1,1,0,0,0,0,1,1,0,0,0,0
GBPUSD,2017-11-28,LONG,5,loss,-1.00,1.32963,1.32783,1.33486,2.91,0,0,0,0,1,1,0,1,0,0,1,1,0,0,0,0
GBPUSD,2017-11-28,LONG,6,win,4.81,1.32325,1.32133,1.33249,4.81,0,0,0,0,1,1,1,1,0,0,1,1,0,0,0,0
USDCHF,2017-12-01,LONG,3,win,5.33,0.97575,0.97364,0.98700,5.33,1,0,1,0,1,0,0,0,0,0,0,0,0,0,0,0
USDCAD,2017-12-01,LONG,6,loss,-1.00,1.26927,1.26724,1.28781,9.13,1,0,0,0,0,1,1,0,1,1,1,0,0,0,0,0
USDCAD,2017-12-04,LONG,5,loss,-1.00,1.26746,1.26338,1.28781,4.99,1,0,0,0,0,0,1,0,1,1,1,0,0,0,0,0
NZDUSD,2017-12-05,SHORT,6,loss,-1.00,0.68944,0.69118,0.68495,2.58,1,0,0,0,1,0,0,0,1,1,1,1,0,0,0,0
EURUSD,2017-12-08,LONG,6,win,3.41,1.17379,1.17128,1.18234,3.41,0,0,0,0,1,1,1,1,0,0,1,1,0,0,0,0
NZDUSD,2017-12-11,SHORT,6,loss,-1.00,0.69190,0.69448,0.68409,3.03,1,0,0,0,1,0,1,0,0,1,1,1,0,0,0,0
GBPUSD,2017-12-11,LONG,3,loss,-1.00,1.33613,1.33198,1.34920,3.15,0,0,0,0,1,0,0,0,0,0,1,1,0,0,0,0
NZDUSD,2017-12-11,SHORT,6,loss,-1.00,0.69196,0.69448,0.68409,3.12,1,0,0,0,1,0,1,0,0,1,1,1,0,0,0,0
AUDUSD,2017-12-13,SHORT,5,loss,-1.00,0.76369,0.76533,0.75628,4.52,1,0,0,0,1,0,1,0,1,0,1,0,0,0,0,0
USDJPY,2017-12-14,LONG,8,win,5.77,112.19100,111.99300,113.33300,5.77,1,1,0,0,1,1,1,0,0,0,1,1,0,0,1,0
USDCHF,2017-12-18,LONG,7,loss,-1.00,0.98547,0.98396,0.99193,4.28,1,1,0,0,1,1,1,0,0,0,1,1,0,0,0,0
USDCHF,2017-12-20,LONG,7,win,3.21,0.98478,0.98343,0.98911,3.21,1,1,0,0,1,1,1,0,0,0,1,1,0,0,0,0
USDCAD,2017-12-21,LONG,5,loss,-1.00,1.27293,1.27134,1.28668,8.65,1,0,0,0,0,1,1,0,1,0,1,0,0,0,0,0
USDCAD,2017-12-21,LONG,7,loss,-1.00,1.27322,1.27134,1.28328,5.35,1,0,0,0,0,1,1,0,1,0,1,1,1,0,0,0
AUDUSD,2017-12-22,SHORT,3,loss,-1.00,0.77183,0.77296,0.76676,4.49,1,0,0,0,1,0,0,1,0,0,0,0,0,0,0,0
AUDUSD,2017-12-22,SHORT,3,loss,-1.00,0.77171,0.77296,0.76676,3.96,1,0,0,0,1,0,0,1,0,0,0,0,0,0,0,0
AUDUSD,2017-12-22,SHORT,5,loss,-1.00,0.77159,0.77296,0.76676,3.53,1,0,0,0,1,0,0,1,0,0,0,1,1,0,0,0
USDCAD,2017-12-22,LONG,6,loss,-1.00,1.27338,1.27134,1.28328,4.85,1,0,0,0,0,1,1,0,1,0,1,1,0,0,0,0
GBPUSD,2017-12-26,LONG,6,win,4.74,1.33554,1.33449,1.34052,4.74,0,0,0,0,1,0,1,1,1,0,1,1,0,0,0,0
AUDUSD,2017-12-26,SHORT,5,loss,-1.00,0.77138,0.77296,0.76676,2.92,1,1,0,0,1,0,0,0,0,0,0,1,0,0,0,1
AUDUSD,2017-12-26,SHORT,4,loss,-1.00,0.77193,0.77296,0.76676,5.02,1,1,0,0,1,0,0,0,0,0,0,1,0,0,0,0
USDJPY,2017-12-29,LONG,7,loss,-1.00,112.51300,112.30900,113.21700,3.45,1,0,0,0,1,1,1,0,0,0,1,1,0,0,1,0
USDCHF,2017-12-29,LONG,3,loss,-1.00,0.97543,0.97347,0.98583,5.31,1,0,0,0,1,0,0,0,1,0,0,0,0,0,0,0
USDCHF,2017-12-29,LONG,3,loss,-1.00,0.97431,0.97295,0.97861,3.16,1,0,0,0,1,0,0,0,1,0,0,0,0,0,0,0
USDCHF,2017-12-29,LONG,4,loss,-1.00,0.97471,0.97347,0.97861,3.15,1,0,0,0,1,0,0,0,1,0,0,0,1,0,0,0
USDJPY,2018-01-02,LONG,7,win,4.91,112.23100,112.03000,113.21700,4.91,1,1,0,0,1,1,1,0,0,0,1,1,0,0,0,0
USDCHF,2018-01-02,LONG,3,win,3.49,0.97229,0.97048,0.97861,3.49,1,0,1,0,1,0,0,0,0,0,0,0,0,0,0,0
USDJPY,2018-01-02,LONG,7,win,4.63,112.14900,112.03000,112.70000,4.63,1,1,0,0,1,1,0,0,0,0,1,1,0,0,1,0
USDCHF,2018-01-02,LONG,3,win,4.77,0.97189,0.97048,0.97861,4.77,1,0,1,0,1,0,0,0,0,0,0,0,0,0,0,0
USDJPY,2018-01-03,LONG,6,win,2.62,112.23300,112.05500,112.70000,2.62,1,1,0,0,1,1,1,0,0,0,0,1,0,0,0,0
AUDUSD,2018-01-03,SHORT,3,loss,-1.00,0.78322,0.78444,0.77987,2.75,1,0,0,0,1,1,0,0,0,0,0,0,0,0,0,0
AUDUSD,2018-01-03,SHORT,4,loss,-1.00,0.78321,0.78444,0.77987,2.72,1,0,0,0,1,1,0,0,0,0,0,0,1,0,0,0
NZDUSD,2018-01-04,SHORT,2,loss,-1.00,0.71482,0.71709,0.70865,2.72,1,0,0,0,1,0,0,0,0,0,0,0,0,0,0,0
AUDUSD,2018-01-05,SHORT,2,win,3.02,0.78693,0.78835,0.78264,3.02,1,0,0,0,1,0,0,0,0,0,0,0,0,0,0,0
GBPUSD,2018-01-09,LONG,4,loss,-1.00,1.35371,1.35229,1.35755,2.70,0,0,0,0,1,1,0,0,0,0,1,1,0,0,0,0
AUDUSD,2018-01-09,LONG,4,win,2.64,0.78197,0.78049,0.78587,2.64,0,0,0,0,1,1,0,0,0,0,1,1,0,0,0,0
USDCAD,2018-01-11,SHORT,4,loss,-1.00,1.25229,1.25549,1.24414,2.55,0,0,0,0,1,1,0,0,0,0,1,1,0,0,0,0
USDJPY,2018-01-11,LONG,5,loss,-1.00,111.08300,110.84100,112.28700,4.98,1,0,0,0,1,0,0,0,1,1,0,0,0,0,1,0
USDCHF,2018-01-12,LONG,4,loss,-1.00,0.97087,0.96699,0.98099,2.61,1,0,0,0,1,0,0,0,1,0,0,1,0,0,0,0
USDJPY,2018-01-12,LONG,5,loss,-1.00,111.05600,110.84100,111.61500,2.60,1,0,0,0,1,0,0,0,1,1,0,0,0,0,1,0
USDCHF,2018-01-12,LONG,3,loss,-1.00,0.96866,0.96699,0.97542,4.05,1,0,0,0,1,0,0,0,1,0,0,0,0,0,0,0
USDCHF,2018-01-15,LONG,2,loss,-1.00,0.96194,0.95874,0.97145,2.97,1,0,0,0,1,0,0,0,0,0,0,0,0,0,0,0
NZDUSD,2018-01-15,SHORT,2,loss,-1.00,0.73096,0.73437,0.72215,2.58,1,0,0,0,1,0,0,0,0,0,0,0,0,0,0,0
NZDUSD,2018-02-02,LONG,3,loss,-1.00,0.73044,0.72791,0.73689,2.55,0,0,0,0,1,0,0,0,0,0,1,1,0,0,0,0
NZDUSD,2018-02-05,LONG,4,loss,-1.00,0.72990,0.72791,0.73689,3.51,0,0,0,0,1,1,0,0,0,0,1,1,0,0,0,0
GBPUSD,2018-02-05,LONG,4,loss,-1.00,1.40491,1.39798,1.42472,2.86,0,0,0,0,1,1,0,0,0,0,1,1,0,0,0,0
USDCAD,2018-02-05,SHORT,3,loss,-1.00,1.24671,1.24909,1.23885,3.30,0,0,0,0,1,0,1,0,0,0,1,0,0,0,0,0
NZDUSD,2018-02-05,LONG,4,loss,-1.00,0.72980,0.72791,0.73689,3.75,0,0,0,0,1,1,0,0,0,0,1,1,0,0,0,0
GBPUSD,2018-02-05,LONG,5,loss,-1.00,1.40160,1.39798,1.42472,6.39,0,0,0,0,1,1,0,0,0,0,1,1,0,0,1,0
USDCAD,2018-02-05,SHORT,4,loss,-1.00,1.25071,1.25407,1.23885,3.53,0,0,0,0,1,0,1,0,0,0,1,0,0,0,1,0
GBPUSD,2018-02-05,LONG,5,loss,-1.00,1.40008,1.39158,1.42472,2.90,0,0,0,0,1,1,0,0,0,0,1,1,0,0,1,0
NZDUSD,2018-02-06,LONG,4,loss,-1.00,0.73020,0.72791,0.73689,2.92,0,0,0,0,1,1,0,0,0,0,1,1,0,0,0,0
EURUSD,2018-02-07,LONG,4,loss,-1.00,1.23498,1.23138,1.24476,2.72,0,0,0,0,1,1,0,0,0,0,1,1,0,0,0,0
USDCAD,2018-02-07,SHORT,3,loss,-1.00,1.25402,1.25671,1.24330,3.99,0,0,0,0,1,0,1,0,0,0,1,0,0,0,0,0
AUDUSD,2018-02-07,LONG,2,loss,-1.00,0.78247,0.78072,0.78720,2.70,0,0,0,0,1,0,0,0,0,0,1,0,0,0,0,0
NZDUSD,2018-02-07,LONG,2,loss,-1.00,0.72576,0.72346,0.73158,2.53,0,0,0,0,1,0,0,0,0,0,1,0,0,0,0,0
USDJPY,2018-02-07,SHORT,5,loss,-1.00,109.40200,109.71000,108.61100,2.57,0,0,0,0,1,1,0,0,0,0,1,1,0,0,1,0
GBPUSD,2018-02-09,LONG,5,win,2.76,1.38047,1.37417,1.39783,2.76,0,0,0,0,1,1,1,0,0,0,1,0,0,1,0,0
GBPUSD,2018-02-09,LONG,6,win,2.69,1.38059,1.37417,1.39783,2.69,0,0,0,0,1,1,1,0,0,0,1,0,1,1,0,0
GBPUSD,2018-02-12,LONG,4,win,3.78,1.38090,1.37642,1.39783,3.78,0,0,0,0,1,1,1,0,0,0,1,0,0,0,0,0
GBPUSD,2018-02-14,LONG,5,win,2.52,1.38477,1.37958,1.39783,2.52,0,0,0,0,1,1,1,0,0,0,1,1,0,0,0,0
USDCAD,2018-02-14,LONG,5,loss,-1.00,1.25204,1.24899,1.26126,3.02,1,0,0,0,0,1,1,0,0,0,1,1,0,0,0,0
AUDUSD,2018-02-19,LONG,5,loss,-1.00,0.79081,0.78921,0.79692,3.82,0,0,0,0,1,1,1,0,0,0,1,1,0,0,0,0
USDCHF,2018-02-20,SHORT,4,loss,-1.00,0.93584,0.93740,0.93068,3.31,0,0,0,0,1,1,0,0,0,0,1,1,0,0,0,0
USDCHF,2018-02-21,SHORT,4,loss,-1.00,0.93858,0.94085,0.93068,3.48,0,0,0,0,1,1,0,0,0,0,1,1,0,0,0,0
EURUSD,2018-02-21,LONG,5,loss,-1.00,1.23022,1.22758,1.24001,3.71,1,0,0,0,1,1,0,0,0,0,1,1,0,0,0,0
GBPUSD,2018-02-27,LONG,4,loss,-1.00,1.38808,1.38565,1.40480,6.88,0,0,0,0,1,0,1,0,0,0,1,1,0,0,0,0
EURUSD,2018-02-27,LONG,7,loss,-1.00,1.22390,1.22054,1.23356,2.87,1,0,1,0,1,1,1,0,0,0,1,1,0,0,0,0
NZDUSD,2018-02-27,LONG,3,loss,-1.00,0.72452,0.72317,0.73134,5.05,0,0,0,0,1,0,1,0,0,0,1,0,0,0,0,0
USDJPY,2018-02-27,SHORT,5,win,2.98,107.56100,107.90200,106.54500,2.98,0,0,0,0,1,0,0,0,1,0,1,1,0,0,1,0
EURUSD,2018-02-27,LONG,7,loss,-1.00,1.22356,1.22054,1.23356,3.31,1,0,1,0,1,1,1,0,0,0,1,1,0,0,0,0
GBPUSD,2018-02-28,LONG,4,loss,-1.00,1.38448,1.37996,1.39850,3.10,0,0,0,0,1,0,1,0,0,0,1,1,0,0,0,0
GBPUSD,2018-02-28,LONG,2,loss,-1.00,1.37803,1.37417,1.39001,3.10,0,0,0,0,1,0,0,0,0,0,1,0,0,0,0,0
EURUSD,2018-02-28,LONG,5,loss,-1.00,1.21958,1.21650,1.23356,4.54,1,0,1,0,1,0,1,0,0,0,1,0,0,0,0,0
GBPUSD,2018-02-28,LONG,2,loss,-1.00,1.37707,1.37417,1.38960,4.32,0,0,0,0,1,0,0,0,0,0,1,0,0,0,0,0
USDCHF,2018-03-01,SHORT,4,loss,-1.00,0.94575,0.94695,0.93990,4.88,1,0,0,0,1,0,1,0,0,0,1,0,0,0,0,0
AUDUSD,2018-03-06,SHORT,4,loss,-1.00,0.78047,0.78187,0.77435,4.37,1,0,0,0,0,1,0,0,0,0,1,1,0,0,0,0
USDCHF,2018-03-08,SHORT,7,loss,-1.00,0.94647,0.94903,0.93947,2.73,1,0,0,0,1,0,1,0,1,1,1,1,0,0,0,0
EURUSD,2018-03-08,LONG,7,win,2.96,1.23049,1.22688,1.24116,2.96,1,0,0,0,1,1,1,0,1,0,1,1,0,0,0,0
EURUSD,2018-03-09,LONG,7,win,3.32,1.22983,1.22688,1.23962,3.32,1,0,0,0,1,1,1,0,1,0,1,1,0,0,0,0
USDJPY,2018-03-09,SHORT,4,loss,-1.00,106.94900,107.20200,106.08200,3.43,0,0,0,0,1,0,0,0,0,0,1,1,0,0,1,0
USDCAD,2018-03-09,LONG,4,loss,-1.00,1.28400,1.28086,1.29897,4.77,1,0,0,0,0,1,0,0,0,0,1,1,0,0,0,0
EURUSD,2018-03-12,LONG,7,win,5.45,1.22921,1.22730,1.23962,5.45,1,0,0,0,1,1,1,1,0,0,1,1,0,0,0,0
GBPUSD,2018-03-12,SHORT,6,loss,-1.00,1.39086,1.39291,1.38535,2.69,1,0,0,0,0,1,1,0,1,0,1,1,0,0,0,0
AUDUSD,2018-03-12,SHORT,5,loss,-1.00,0.78783,0.78931,0.78027,5.11,1,0,0,0,0,1,1,0,0,0,1,1,0,0,0,0
AUDUSD,2018-03-13,SHORT,6,loss,-1.00,0.78801,0.78931,0.78027,5.95,1,0,0,0,0,1,1,1,0,0,1,1,0,0,0,0
USDCHF,2018-03-15,SHORT,6,loss,-1.00,0.95178,0.95341,0.94540,3.91,1,0,0,0,1,1,0,0,1,0,0,1,0,0,1,0
NZDUSD,2018-03-16,LONG,4,loss,-1.00,0.72149,0.72025,0.72575,3.44,0,0,0,0,1,1,0,0,0,1,1,0,0,0,0,0
EURUSD,2018-03-16,LONG,6,loss,-1.00,1.22863,1.22730,1.23281,3.14,1,0,0,0,1,1,1,0,0,0,1,1,0,0,0,0
EURUSD,2018-03-19,LONG,7,win,3.37,1.22856,1.22730,1.23281,3.37,1,0,0,0,1,1,1,0,0,0,1,1,0,0,0,1
USDJPY,2018-03-19,SHORT,5,loss,-1.00,106.19300,106.41200,105.62500,2.59,0,0,0,0,1,0,0,0,1,0,1,1,0,0,1,0
USDCHF,2018-03-21,SHORT,3,win,2.87,0.95402,0.95514,0.95081,2.87,1,0,0,0,1,0,0,0,0,0,0,1,0,0,0,0
USDCAD,2018-03-21,LONG,5,loss,-1.00,1.29576,1.29208,1.30826,3.40,1,0,0,0,1,0,0,0,1,0,1,1,0,0,0,0
NZDUSD,2018-03-21,SHORT,6,loss,-1.00,0.72326,0.72601,0.71573,2.74,1,0,0,0,0,1,1,0,1,0,1,1,0,0,0,0
NZDUSD,2018-03-22,SHORT,8,loss,-1.00,0.72410,0.72601,0.71574,4.38,1,0,0,0,0,1,1,1,1,0,1,1,1,0,0,0
NZDUSD,2018-03-23,SHORT,7,loss,-1.00,0.72491,0.72623,0.72149,2.59,1,0,0,0,0,1,1,0,1,0,1,1,0,1,0,0
USDCAD,2018-03-23,LONG,5,loss,-1.00,1.28722,1.28294,1.30142,3.32,1,0,0,0,1,1,0,0,0,0,1,1,0,0,0,0
USDCAD,2018-03-23,LONG,6,loss,-1.00,1.28726,1.28294,1.30142,3.28,1,0,0,0,1,1,0,0,0,0,1,1,1,0,0,0
USDCAD,2018-03-26,LONG,4,loss,-1.00,1.28665,1.28237,1.30142,3.45,1,0,0,0,1,0,0,0,0,0,1,1,0,0,0,0
USDCAD,2018-03-26,LONG,4,loss,-1.00,1.28577,1.28237,1.30142,4.60,1,0,0,0,1,0,0,0,0,0,1,1,0,0,0,0
GBPUSD,2018-03-28,LONG,3,loss,-1.00,1.41070,1.40659,1.42344,3.10,0,0,0,0,1,0,0,0,0,0,1,1,0,0,0,0
USDJPY,2018-03-28,SHORT,6,loss,-1.00,106.96700,107.29100,105.46300,4.64,0,0,0,0,1,1,1,0,1,0,1,0,0,0,1,0
EURUSD,2018-03-29,LONG,6,loss,-1.00,1.23179,1.22855,1.24041,2.66,1,0,0,0,1,0,1,0,1,0,1,1,0,0,0,0
EURUSD,2018-03-30,LONG,5,loss,-1.00,1.23181,1.22838,1.24041,2.51,1,0,0,0,1,0,1,0,0,0,1,1,0,0,0,0
NZDUSD,2018-04-02,SHORT,5,win,3.46,0.72380,0.72472,0.72062,3.46,1,0,0,0,0,0,1,0,1,0,1,1,0,0,0,0
EURUSD,2018-04-03,LONG,6,loss,-1.00,1.22608,1.22399,1.23179,2.73,1,0,0,0,1,1,1,0,0,0,1,1,0,0,0,0
EURUSD,2018-04-03,LONG,6,loss,-1.00,1.22635,1.22399,1.23241,2.57,1,0,0,0,1,1,1,0,0,0,1,1,0,0,0,0
USDJPY,2018-04-04,SHORT,5,loss,-1.00,106.79600,107.00900,106.24700,2.58,0,0,0,0,1,0,1,0,1,0,1,1,0,0,0,0
USDCHF,2018-04-05,SHORT,5,loss,-1.00,0.96244,0.96395,0.95686,3.70,1,1,0,0,1,0,0,0,0,1,0,1,0,0,0,0
USDJPY,2018-04-05,SHORT,7,loss,-1.00,107.04200,107.29100,106.24700,3.19,0,0,0,0,1,0,1,0,1,0,1,1,1,0,1,0
GBPUSD,2018-04-05,LONG,5,loss,-1.00,1.40285,1.40088,1.40874,2.99,0,0,0,0,1,1,1,0,0,0,1,1,0,0,0,0
USDJPY,2018-04-05,SHORT,4,loss,-1.00,107.48000,107.67400,106.24700,6.36,0,0,0,0,1,0,0,0,1,0,1,0,0,0,1,0
GBPUSD,2018-04-05,LONG,6,win,2.66,1.40021,1.39826,1.40540,2.66,0,0,0,0,1,1,1,0,0,0,1,1,0,0,1,0
USDCHF,2018-04-05,SHORT,4,win,2.53,0.96384,0.96660,0.95686,2.53,1,1,0,0,1,0,0,0,0,1,0,0,0,0,0,0
USDCHF,2018-04-06,SHORT,5,win,2.65,0.96393,0.96660,0.95686,2.65,1,1,0,0,1,0,0,0,0,1,0,1,0,0,0,0
USDCAD,2018-04-10,LONG,3,loss,-1.00,1.26644,1.26148,1.27894,2.52,1,0,0,0,1,0,0,0,0,1,0,0,0,0,0,0
USDCHF,2018-04-12,SHORT,6,loss,-1.00,0.96342,0.96491,0.95733,4.09,1,1,0,0,1,1,0,0,1,0,0,1,0,0,0,0
USDCAD,2018-04-12,LONG,3,loss,-1.00,1.25841,1.25442,1.26953,2.79,1,0,0,0,1,0,0,0,0,1,0,0,0,0,0,0
USDCAD,2018-04-13,LONG,4,loss,-1.00,1.25684,1.25442,1.26953,5.24,1,0,0,0,1,0,0,0,0,1,0,0,1,0,0,0
USDCHF,2018-04-13,SHORT,6,win,3.01,0.96299,0.96461,0.95811,3.01,1,1,0,0,1,1,0,0,1,0,0,1,0,0,0,0
EURUSD,2018-04-13,LONG,7,win,4.32,1.23123,1.22993,1.23685,4.32,1,0,0,0,1,0,1,0,1,1,1,1,0,0,0,0
NZDUSD,2018-04-16,LONG,3,loss,-1.00,0.73561,0.73443,0.73874,2.65,0,0,0,0,1,0,0,0,0,0,1,1,0,0,0,0
USDCHF,2018-04-19,SHORT,5,loss,-1.00,0.96731,0.96982,0.95956,3.09,1,1,0,0,1,0,0,0,0,0,0,1,1,0,0,0
NZDUSD,2018-04-20,LONG,4,loss,-1.00,0.72089,0.71948,0.72547,3.25,0,1,0,0,1,1,0,0,0,0,1,0,0,0,0,0
NZDUSD,2018-04-20,LONG,4,loss,-1.00,0.72016,0.71878,0.72547,3.85,0,1,0,0,1,1,0,0,0,0,1,0,0,0,0,0
EURUSD,2018-04-23,LONG,5,loss,-1.00,1.22361,1.22151,1.23881,7.24,1,0,0,0,1,0,0,0,0,1,1,1,0,0,0,0
USDCHF,2018-04-24,SHORT,2,loss,-1.00,0.98022,0.98157,0.97582,3.26,1,0,0,0,1,0,0,0,0,0,0,0,0,0,0,0
EURUSD,2018-04-25,LONG,3,loss,-1.00,1.21773,1.21546,1.22372,2.64,1,0,0,0,1,0,0,0,0,1,0,0,0,0,0,0
EURUSD,2018-04-25,LONG,3,loss,-1.00,1.21765,1.21546,1.22372,2.77,1,0,0,0,1,0,0,0,0,1,0,0,0,0,0,0
USDCHF,2018-04-25,SHORT,2,loss,-1.00,0.98308,0.98450,0.97876,3.04,1,0,0,0,1,0,0,0,0,0,0,0,0,0,0,0
EURUSD,2018-04-25,LONG,3,loss,-1.00,1.21708,1.21546,1.22372,4.10,1,0,0,0,1,0,0,0,0,1,0,0,0,0,0,0
USDCHF,2018-04-26,SHORT,2,loss,-1.00,0.98800,0.99154,0.97876,2.61,1,0,0,0,1,0,0,0,0,0,0,0,0,0,0,0
USDCHF,2018-04-26,SHORT,2,loss,-1.00,0.98915,0.99154,0.97876,4.35,1,0,0,0,1,0,0,0,0,0,0,0,0,0,0,0
USDCAD,2018-04-27,LONG,5,loss,-1.00,1.28303,1.28125,1.28921,3.47,1,1,0,0,1,0,0,0,0,0,1,1,0,0,0,0
USDCHF,2018-04-30,SHORT,2,loss,-1.00,0.99117,0.99340,0.98460,2.95,1,0,0,0,1,0,0,0,0,0,0,0,0,0,0,0
EURUSD,2018-04-30,LONG,2,loss,-1.00,1.20737,1.20556,1.21248,2.82,1,0,0,0,1,0,0,0,0,0,0,0,0,0,0,0
EURUSD,2018-05-02,LONG,3,loss,-1.00,1.20021,1.19814,1.20758,3.56,1,0,0,0,1,0,0,0,0,0,0,0,0,0,1,0
EURUSD,2018-05-02,LONG,2,loss,-1.00,1.19672,1.19291,1.20758,2.85,1,0,0,0,1,0,0,0,0,0,0,0,0,0,0,0
EURUSD,2018-05-02,LONG,3,loss,-1.00,1.19400,1.19156,1.20162,3.12,1,1,0,0,1,0,0,0,0,0,0,0,0,0,0,0
USDJPY,2018-05-03,LONG,4,loss,-1.00,109.22200,108.96400,109.92100,2.71,1,1,0,0,0,0,0,0,0,0,1,1,0,0,0,0
USDJPY,2018-05-04,LONG,7,loss,-1.00,109.16600,108.96400,109.67500,2.52,1,0,0,0,0,1,0,1,0,0,1,1,0,0,1,1
EURUSD,2018-05-07,LONG,3,loss,-1.00,1.19265,1.19107,1.19669,2.56,1,1,0,0,1,0,0,0,0,0,0,0,0,0,0,0
EURUSD,2018-05-08,LONG,3,loss,-1.00,1.18719,1.18465,1.19669,3.74,1,1,0,0,1,0,0,0,0,0,0,0,0,0,0,0
EURUSD,2018-05-08,LONG,3,loss,-1.00,1.18622,1.18465,1.19169,3.48,1,1,0,0,1,0,0,0,0,0,0,0,0,0,0,0
AUDUSD,2018-05-10,SHORT,5,loss,-1.00,0.75356,0.75602,0.74269,4.42,1,0,0,0,1,1,0,0,0,0,1,1,0,0,0,0
NZDUSD,2018-05-11,SHORT,5,win,2.63,0.69784,0.69966,0.69306,2.63,1,0,0,0,1,0,0,1,0,0,1,1,0,0,0,0
USDCHF,2018-05-14,LONG,8,loss,-1.00,0.99809,0.99657,1.00301,3.24,1,0,1,0,1,1,0,1,0,0,1,1,0,0,1,0
GBPUSD,2018-05-14,SHORT,6,win,2.82,1.35939,1.36174,1.35276,2.82,1,1,0,0,0,1,0,1,0,0,1,1,0,0,0,0
EURUSD,2018-05-15,LONG,4,loss,-1.00,1.18420,1.18227,1.19330,4.72,1,1,0,0,1,1,0,0,0,0,0,0,0,0,0,0
USDCHF,2018-05-18,LONG,5,loss,-1.00,0.99701,0.99573,1.00256,4.34,1,0,1,0,1,0,0,0,0,0,1,1,0,0,0,0
AUDUSD,2018-05-21,SHORT,5,loss,-1.00,0.75641,0.75835,0.75155,2.51,1,0,0,0,1,0,0,0,1,0,1,1,0,0,0,0
AUDUSD,2018-05-22,SHORT,6,win,3.55,0.75757,0.75886,0.75299,3.55,1,0,0,0,1,0,1,0,1,0,1,1,0,0,0,0
EURUSD,2018-05-25,LONG,2,win,2.60,1.16608,1.16373,1.17220,2.60,1,0,0,0,1,0,0,0,0,0,0,0,0,0,0,0
USDCHF,2018-05-30,LONG,4,loss,-1.00,0.99005,0.98854,0.99684,4.50,1,0,0,0,1,0,0,0,0,0,1,1,0,0,0,0
NZDUSD,2018-05-30,SHORT,5,loss,-1.00,0.69690,0.69867,0.68880,4.58,1,0,0,0,1,0,0,0,1,0,1,1,0,0,0,0
AUDUSD,2018-05-30,SHORT,7,loss,-1.00,0.75722,0.75897,0.74930,4.53,1,0,0,0,1,1,1,0,1,0,1,1,0,0,0,0
AUDUSD,2018-05-30,SHORT,7,loss,-1.00,0.75773,0.76053,0.74930,3.01,1,0,0,0,1,1,1,0,1,0,1,1,0,0,0,0
USDCHF,2018-05-31,LONG,6,loss,-1.00,0.98532,0.98161,0.99684,3.11,1,0,0,0,1,0,1,0,0,0,1,1,0,1,0,0
AUDUSD,2018-05-31,SHORT,8,loss,-1.00,0.75895,0.76053,0.74930,6.11,1,0,0,0,1,1,1,1,1,0,1,1,0,0,0,0
NZDUSD,2018-05-31,SHORT,6,loss,-1.00,0.70132,0.70306,0.69239,5.13,1,0,0,0,1,0,1,0,1,0,1,0,0,0,1,0
USDCHF,2018-06-04,LONG,6,win,3.03,0.98328,0.98161,0.98834,3.03,1,0,0,0,1,0,1,1,0,0,1,1,0,0,0,0
GBPUSD,2018-06-05,SHORT,6,loss,-1.00,1.33894,1.34216,1.32627,3.93,1,0,0,1,1,1,0,0,0,0,1,1,0,0,0,0
NZDUSD,2018-06-13,SHORT,6,win,3.99,0.70458,0.70563,0.70039,3.99,1,0,0,0,1,0,1,0,1,0,1,1,0,0,0,0
GBPUSD,2018-06-25,SHORT,6,win,4.35,1.32832,1.33146,1.31465,4.35,1,0,0,1,1,0,0,0,1,0,1,1,0,0,0,0
EURUSD,2018-06-29,SHORT,4,loss,-1.00,1.16768,1.17203,1.15634,2.61,0,0,1,0,1,0,0,0,0,0,1,1,0,0,0,0
EURUSD,2018-06-29,SHORT,4,loss,-1.00,1.16772,1.17203,1.15634,2.64,0,0,1,0,1,0,0,0,0,0,1,1,0,0,0,0
USDCAD,2018-07-02,LONG,5,loss,-1.00,1.31833,1.31589,1.32483,2.66,1,0,0,0,1,0,0,0,0,0,1,1,1,0,0,0
GBPUSD,2018-07-03,SHORT,6,loss,-1.00,1.31953,1.32136,1.31329,3.41,1,0,0,1,1,0,0,0,1,0,1,1,0,0,0,0
USDCAD,2018-07-04,LONG,5,loss,-1.00,1.31468,1.31301,1.31978,3.05,1,0,0,0,1,1,0,0,0,0,1,1,0,0,0,0
GBPUSD,2018-07-05,SHORT,6,loss,-1.00,1.32649,1.32918,1.31729,3.42,1,0,0,1,1,0,0,1,0,0,1,1,0,0,0,0
USDCAD,2018-07-05,LONG,6,loss,-1.00,1.31312,1.31116,1.31978,3.40,1,0,0,0,1,1,0,0,0,0,1,1,0,1,0,0
AUDUSD,2018-07-05,SHORT,6,loss,-1.00,0.74007,0.74240,0.73360,2.78,1,0,0,0,1,1,0,0,0,0,1,1,0,1,0,0
USDCAD,2018-07-05,LONG,6,loss,-1.00,1.31325,1.31116,1.31978,3.12,1,0,0,0,1,1,0,0,0,0,1,1,0,1,0,0
USDCAD,2018-07-06,LONG,5,loss,-1.00,1.31330,1.31152,1.31978,3.64,1,0,0,0,1,0,0,0,0,0,1,1,1,0,0,0
USDJPY,2018-07-06,LONG,6,win,2.53,110.48400,110.28800,110.98000,2.53,1,0,0,0,1,0,0,0,0,1,1,1,0,0,1,0
AUDUSD,2018-07-06,SHORT,5,loss,-1.00,0.74282,0.74433,0.73842,2.91,1,0,0,0,1,1,0,0,0,0,1,1,0,0,0,0
USDJPY,2018-07-06,LONG,6,win,4.01,110.42600,110.28800,110.98000,4.01,1,0,0,0,1,0,0,0,0,1,1,1,0,0,1,0
EURUSD,2018-07-20,SHORT,5,loss,-1.00,1.17084,1.17446,1.16034,2.90,0,0,0,0,1,1,1,0,0,0,1,1,0,0,0,0
EURUSD,2018-07-20,SHORT,5,win,2.67,1.17261,1.17580,1.16408,2.67,0,0,0,0,1,1,1,0,0,0,1,1,0,0,0,0
USDCHF,2018-07-20,LONG,7,loss,-1.00,0.99211,0.99048,0.99896,4.20,1,0,0,0,1,1,1,0,0,1,1,1,0,0,0,0
EURUSD,2018-07-23,SHORT,5,win,2.54,1.17153,1.17446,1.16408,2.54,0,0,0,0,1,1,1,0,0,0,1,1,0,0,0,0
USDCAD,2018-07-23,LONG,5,loss,-1.00,1.31334,1.31095,1.32338,4.20,1,0,0,0,1,0,1,0,0,0,1,1,0,0,0,0
GBPUSD,2018-07-24,SHORT,6,loss,-1.00,1.31318,1.31580,1.30454,3.30,1,0,0,0,1,1,0,0,0,1,1,1,0,0,0,0
NZDUSD,2018-07-24,SHORT,6,loss,-1.00,0.68089,0.68243,0.67641,2.91,1,0,0,0,1,1,0,0,0,0,1,1,0,1,0,0
GBPUSD,2018-07-24,SHORT,6,loss,-1.00,1.31332,1.31580,1.30454,3.54,1,0,0,0,1,1,0,0,0,1,1,1,0,0,0,0
USDCHF,2018-07-25,LONG,7,win,3.59,0.99161,0.99007,0.99714,3.59,1,0,0,0,1,1,1,0,0,1,1,1,0,0,0,0
EURUSD,2018-07-25,SHORT,5,loss,-1.00,1.16952,1.17168,1.16408,2.52,0,0,0,0,1,1,1,0,0,0,1,1,0,0,0,0
AUDUSD,2018-07-25,SHORT,6,win,2.68,0.74554,0.74836,0.73797,2.68,1,0,0,0,1,1,1,0,0,0,1,1,0,0,0,0
USDCHF,2018-07-25,LONG,7,win,5.15,0.99122,0.99007,0.99714,5.15,1,0,0,0,1,1,1,0,0,1,1,1,0,0,0,0
USDCAD,2018-07-30,LONG,4,loss,-1.00,1.30476,1.30242,1.31197,3.08,1,0,0,0,1,0,1,0,0,0,0,1,0,0,0,0
USDCHF,2018-07-30,LONG,8,win,3.28,0.98842,0.98575,0.99717,3.28,1,0,1,0,1,0,1,0,1,1,1,1,0,0,0,0
NZDUSD,2018-07-30,SHORT,5,win,2.78,0.68282,0.68503,0.67667,2.78,1,0,0,0,1,0,1,0,0,0,1,1,0,0,0,0
EURUSD,2018-07-30,SHORT,6,loss,-1.00,1.17170,1.17436,1.16263,3.41,0,0,0,0,1,0,1,0,1,1,1,1,0,0,0,0
AUDUSD,2018-07-30,SHORT,4,loss,-1.00,0.74031,0.74143,0.73742,2.58,1,0,0,0,1,0,0,0,0,0,1,1,0,0,0,0
USDCHF,2018-07-31,LONG,7,win,3.08,0.98769,0.98575,0.99366,3.08,1,0,1,0,1,0,1,0,1,1,0,1,0,0,0,0
EURUSD,2018-07-31,SHORT,7,win,4.70,1.17355,1.17497,1.16688,4.70,0,0,0,0,1,1,1,0,1,1,1,1,0,0,0,0
USDJPY,2018-08-03,LONG,7,loss,-1.00,111.12900,110.75000,112.11300,2.60,1,0,0,0,1,0,1,0,1,0,1,1,0,0,1,0
USDCAD,2018-08-03,LONG,4,win,3.26,1.29761,1.29493,1.30636,3.26,1,0,0,0,1,0,0,0,0,0,0,1,0,1,0,0
USDCAD,2018-08-07,LONG,3,win,3.45,1.29689,1.29493,1.30365,3.45,1,0,0,0,1,0,0,0,0,0,0,1,0,0,0,0
AUDUSD,2018-08-07,SHORT,7,win,2.70,0.74273,0.74405,0.73916,2.70,1,0,0,0,1,1,1,0,0,1,1,1,0,0,0,0
USDCHF,2018-08-08,LONG,7,loss,-1.00,0.99311,0.99200,0.99666,3.20,1,0,0,0,1,1,1,0,1,0,1,1,0,0,0,0
USDJPY,2018-08-09,LONG,7,loss,-1.00,110.90400,110.75000,111.36400,2.99,1,0,0,0,1,1,1,0,0,0,1,1,0,0,1,0
USDJPY,2018-08-10,LONG,7,loss,-1.00,110.81000,110.59000,111.36400,2.52,1,0,0,0,1,1,1,0,0,0,1,1,0,0,1,0
NZDUSD,2018-08-16,SHORT,6,loss,-1.00,0.65959,0.66098,0.65568,2.81,1,0,0,0,1,1,0,0,0,1,1,1,0,0,0,0
NZDUSD,2018-08-17,SHORT,5,loss,-1.00,0.66004,0.66098,0.65568,4.64,1,0,0,0,1,0,0,0,0,1,1,1,0,0,0,0
EURUSD,2018-08-17,SHORT,3,loss,-1.00,1.14087,1.14328,1.13416,2.78,0,0,0,0,1,0,0,0,0,0,1,1,0,0,0,0
USDCAD,2018-08-20,LONG,6,loss,-1.00,1.30719,1.30518,1.31510,3.94,1,0,0,0,1,0,1,0,0,0,1,1,0,1,0,0
AUDUSD,2018-08-20,SHORT,6,loss,-1.00,0.73061,0.73192,0.72662,3.05,1,0,0,0,1,0,0,0,0,1,1,1,0,0,0,1
AUDUSD,2018-08-20,SHORT,5,loss,-1.00,0.73076,0.73192,0.72662,3.57,1,0,0,0,1,0,0,0,0,1,1,1,0,0,0,0
USDCHF,2018-08-20,LONG,8,loss,-1.00,0.99438,0.99326,0.99731,2.62,1,0,0,0,1,1,1,0,1,1,1,1,0,0,0,0
USDCAD,2018-08-21,LONG,5,loss,-1.00,1.30196,1.30001,1.30888,3.55,1,0,0,0,1,0,1,0,0,0,0,1,0,0,1,0
USDCHF,2018-08-21,LONG,5,loss,-1.00,0.98770,0.98669,0.99033,2.60,1,0,0,0,1,0,0,0,1,1,0,1,0,0,0,0
USDCAD,2018-08-22,LONG,6,loss,-1.00,1.30224,1.30001,1.30888,2.98,1,0,0,0,1,1,1,1,0,0,0,1,0,0,0,0
USDCAD,2018-08-22,LONG,7,loss,-1.00,1.30148,1.30001,1.30888,5.03,1,0,0,0,1,1,1,1,0,0,0,1,0,0,1,0
USDCAD,2018-08-22,LONG,6,win,3.76,1.29885,1.29618,1.30888,3.76,1,0,0,0,1,1,0,1,0,0,0,1,0,0,1,0
USDCHF,2018-08-27,LONG,5,loss,-1.00,0.98030,0.97878,0.98614,3.84,1,1,0,0,1,0,0,0,0,1,0,1,0,0,0,0
AUDUSD,2018-08-27,SHORT,7,win,2.84,0.73449,0.73697,0.72745,2.84,1,0,0,0,1,1,1,0,1,0,1,1,0,0,0,0
EURUSD,2018-08-28,SHORT,4,win,3.93,1.17162,1.17458,1.16000,3.93,0,1,1,0,1,0,0,0,0,0,1,0,0,0,0,0
GBPUSD,2018-08-28,SHORT,7,loss,-1.00,1.29161,1.29362,1.28388,3.85,1,0,0,0,1,1,0,1,1,0,1,1,0,0,0,0
USDJPY,2018-08-28,LONG,6,win,2.92,111.03400,110.93600,111.32000,2.92,1,0,0,0,1,1,1,0,0,0,0,1,0,0,1,0
AUDUSD,2018-08-28,SHORT,7,win,3.03,0.73543,0.73697,0.73076,3.03,1,0,0,0,1,1,1,0,1,0,1,1,0,0,0,0
USDCAD,2018-08-29,LONG,5,win,3.21,1.29082,1.28871,1.29760,3.21,1,1,1,0,1,0,0,0,0,0,0,1,0,0,0,0
EURUSD,2018-09-03,LONG,6,loss,-1.00,1.16114,1.15845,1.16838,2.69,1,0,0,0,0,0,1,1,0,0,1,1,1,0,0,0
USDCHF,2018-09-06,LONG,5,loss,-1.00,0.96945,0.96829,0.97491,4.71,1,0,0,0,1,1,0,0,0,1,0,1,0,0,0,0
EURUSD,2018-09-07,LONG,5,loss,-1.00,1.15582,1.15301,1.16456,3.11,1,0,0,0,0,1,1,0,0,0,1,1,0,0,0,0
GBPUSD,2018-09-11,SHORT,7,loss,-1.00,1.30140,1.30433,1.29368,2.63,1,0,0,0,1,1,1,0,0,0,1,1,0,0,1,0
GBPUSD,2018-09-11,SHORT,7,loss,-1.00,1.30179,1.30433,1.29368,3.19,1,0,0,0,1,1,1,0,0,0,1,1,0,0,1,0
EURUSD,2018-09-12,LONG,4,win,3.28,1.15805,1.15654,1.16300,3.28,1,0,0,0,0,0,1,0,0,0,1,1,0,0,0,0
USDCHF,2018-09-13,LONG,5,loss,-1.00,0.96566,0.96412,0.97424,5.57,1,0,0,0,1,1,0,0,1,0,0,1,0,0,0,0
GBPUSD,2018-09-17,SHORT,4,loss,-1.00,1.31230,1.31435,1.30374,4.18,1,0,1,0,1,0,0,0,0,0,0,1,0,0,0,0
USDCAD,2018-09-19,LONG,4,loss,-1.00,1.29246,1.28871,1.30304,2.82,1,1,0,0,1,1,0,0,0,0,0,0,0,0,0,0
USDCAD,2018-09-20,LONG,4,win,3.20,1.28984,1.28572,1.30304,3.20,1,1,0,0,1,1,0,0,0,0,0,0,0,0,0,0
USDCAD,2018-09-20,LONG,5,loss,-1.00,1.29213,1.28871,1.30304,3.19,1,1,0,0,1,1,0,0,0,0,0,1,0,0,0,0
USDCAD,2018-09-20,LONG,5,loss,-1.00,1.29037,1.28871,1.30304,7.63,1,1,0,0,1,1,0,0,0,0,0,1,0,0,0,0
USDCAD,2018-09-21,LONG,7,win,2.98,1.29212,1.28845,1.30304,2.98,1,1,0,0,1,1,0,1,0,0,0,1,0,0,0,1
USDCAD,2018-09-21,LONG,6,win,4.12,1.29130,1.28845,1.30304,4.12,1,1,0,0,1,1,0,1,0,0,0,1,0,0,0,0
USDCAD,2018-09-21,LONG,7,win,3.71,1.29155,1.28845,1.30304,3.71,1,1,0,0,1,1,0,1,0,0,0,1,1,0,0,0
USDCHF,2018-09-26,SHORT,4,loss,-1.00,0.96888,0.97001,0.95937,8.42,0,0,0,0,1,1,0,0,0,0,1,1,0,0,0,0
EURUSD,2018-09-27,LONG,4,loss,-1.00,1.16697,1.16500,1.17509,4.12,1,0,0,0,0,0,1,0,0,0,1,1,0,0,0,0
USDCHF,2018-09-28,SHORT,5,loss,-1.00,0.97583,0.97827,0.96912,2.75,0,1,0,0,1,0,1,0,0,0,1,0,0,0,0,1
USDCHF,2018-09-28,SHORT,3,loss,-1.00,0.98138,0.98455,0.96912,3.87,0,1,0,0,1,0,0,0,0,0,1,0,0,0,0,0
USDCAD,2018-09-28,LONG,6,loss,-1.00,1.29172,1.28853,1.30123,2.98,1,1,0,0,1,0,0,0,1,1,0,1,0,0,0,0
EURUSD,2018-10-02,LONG,6,loss,-1.00,1.15585,1.15260,1.16477,2.74,1,0,0,0,0,1,0,1,0,0,1,1,0,0,0,1
EURUSD,2018-10-02,LONG,4,loss,-1.00,1.15517,1.15260,1.16477,3.74,1,0,0,0,0,1,0,1,0,0,1,0,0,0,0,0
USDJPY,2018-10-05,LONG,6,loss,-1.00,113.57400,113.31600,114.29900,2.81,1,0,0,0,1,1,0,0,0,0,1,1,0,0,1,0
GBPUSD,2018-10-08,SHORT,5,win,2.72,1.30954,1.31153,1.30413,2.72,1,0,1,0,1,0,1,0,0,0,0,1,0,0,0,0
USDJPY,2018-10-12,LONG,6,loss,-1.00,112.03000,111.83300,112.70700,3.44,1,0,0,0,1,1,1,0,0,0,1,0,0,0,1,0
GBPUSD,2018-10-16,SHORT,6,win,2.59,1.32266,1.32575,1.31465,2.59,1,1,1,0,1,1,0,0,0,0,0,1,0,0,0,0
USDCAD,2018-10-16,LONG,6,loss,-1.00,1.29541,1.29265,1.30266,2.63,1,1,0,0,1,1,1,0,0,0,0,1,0,0,0,0
USDJPY,2018-10-23,LONG,9,loss,-1.00,112.11300,111.94800,112.75700,3.90,1,0,0,0,1,1,1,1,1,0,1,1,0,0,1,0
USDJPY,2018-10-24,LONG,8,loss,-1.00,112.13800,111.95200,112.75700,3.33,1,0,0,0,1,1,1,0,1,0,1,1,0,0,1,0
USDCHF,2018-10-26,LONG,4,win,2.78,0.99727,0.99546,1.00231,2.78,1,0,0,0,1,0,0,0,0,0,1,1,0,0,0,0
EURUSD,2018-10-26,SHORT,5,win,2.85,1.14078,1.14326,1.13372,2.85,1,0,0,0,1,0,0,0,1,0,1,1,0,0,0,0
AUDUSD,2018-10-29,SHORT,6,loss,-1.00,0.70863,0.70992,0.70277,4.54,1,0,0,0,1,1,0,0,0,0,1,1,0,0,0,1
AUDUSD,2018-10-31,SHORT,4,loss,-1.00,0.71045,0.71218,0.70595,2.60,1,0,0,0,1,0,0,0,0,0,1,1,0,0,0,0
NZDUSD,2018-11-01,SHORT,3,loss,-1.00,0.66160,0.66392,0.65247,3.94,1,0,0,0,1,0,0,0,0,0,1,0,0,0,0,0
EURUSD,2018-11-01,SHORT,6,loss,-1.00,1.13946,1.14209,1.13145,3.05,1,0,1,0,1,1,0,0,0,0,1,1,0,0,0,0
GBPUSD,2018-11-01,SHORT,5,loss,-1.00,1.29738,1.30439,1.27670,2.95,1,0,0,0,1,1,1,0,0,0,1,0,0,0,0,0
AUDUSD,2018-11-01,SHORT,3,loss,-1.00,0.72088,0.72375,0.71305,2.73,1,0,0,0,1,0,0,0,0,0,1,0,0,0,0,0
GBPUSD,2018-11-01,SHORT,6,loss,-1.00,1.30118,1.30439,1.28826,4.02,1,0,0,0,1,1,1,0,0,0,1,0,0,0,1,0
EURUSD,2018-11-01,SHORT,6,loss,-1.00,1.14104,1.14326,1.13463,2.89,1,0,1,0,1,1,0,0,0,0,1,1,0,0,0,0
USDCHF,2018-11-02,LONG,6,win,5.46,0.99715,0.99546,1.00637,5.46,1,0,0,0,1,1,0,1,0,0,1,1,0,0,0,0
NZDUSD,2018-11-02,SHORT,3,loss,-1.00,0.66746,0.66955,0.66160,2.80,1,0,0,0,1,0,0,1,0,0,0,0,0,0,0,0
GBPUSD,2018-11-05,SHORT,8,loss,-1.00,1.30034,1.30406,1.28826,3.25,1,0,1,0,1,0,1,0,0,0,1,1,1,0,1,0
GBPUSD,2018-11-05,SHORT,7,loss,-1.00,1.30174,1.30406,1.28826,5.81,1,0,1,0,1,0,1,0,0,0,1,1,0,0,1,0
GBPUSD,2018-11-05,SHORT,5,loss,-1.00,1.30533,1.31037,1.28826,3.39,1,0,1,0,1,0,1,0,0,0,1,0,0,0,0,0
NZDUSD,2018-11-06,SHORT,2,loss,-1.00,0.66778,0.66893,0.66363,3.61,1,0,0,0,1,0,0,0,0,0,0,0,0,0,0,0
AUDUSD,2018-11-06,SHORT,2,loss,-1.00,0.72349,0.72581,0.71688,2.85,1,0,0,0,1,0,0,0,0,0,0,0,0,0,0,0
GBPUSD,2018-11-06,SHORT,4,loss,-1.00,1.30792,1.31037,1.30034,3.09,1,0,1,0,1,0,0,0,0,0,1,0,0,0,0,0
AUDUSD,2018-11-07,SHORT,2,win,3.55,0.72925,0.73145,0.72145,3.55,1,0,0,0,1,0,0,0,0,0,0,0,0,0,0,0
GBPUSD,2018-11-14,SHORT,8,win,2.68,1.30035,1.30469,1.28870,2.68,1,0,0,0,1,0,1,1,1,0,1,1,0,0,1,0
NZDUSD,2018-11-15,SHORT,4,loss,-1.00,0.68228,0.68342,0.67891,2.96,1,1,0,0,1,0,0,0,1,0,0,0,0,0,0,0
USDJPY,2018-11-16,LONG,9,loss,-1.00,113.32600,113.09800,113.91000,2.56,1,0,0,0,1,1,1,0,0,1,1,1,1,0,1,0
USDJPY,2018-11-16,LONG,8,loss,-1.00,112.83100,112.56000,113.91000,3.98,1,0,0,0,1,1,1,0,0,1,1,1,0,0,1,0
USDCHF,2018-11-19,LONG,4,loss,-1.00,0.99596,0.99375,1.00765,5.29,1,0,0,0,1,0,1,0,0,0,1,0,0,0,0,0
EURUSD,2018-11-19,SHORT,4,win,2.62,1.14526,1.14995,1.13296,2.62,1,0,0,0,1,0,1,0,0,0,1,0,0,0,0,0
USDJPY,2018-11-20,LONG,6,win,3.73,112.72200,112.56000,113.32600,3.73,1,0,0,0,1,0,1,0,0,1,1,1,0,0,0,0
USDCAD,2018-11-22,LONG,5,win,2.67,1.31936,1.31550,1.32966,2.67,1,0,0,0,1,0,0,0,1,0,1,1,0,0,0,0
USDCAD,2018-11-26,LONG,6,win,4.57,1.32021,1.31814,1.32966,4.57,1,0,1,0,1,0,0,0,1,0,1,1,0,0,0,0
GBPUSD,2018-11-28,SHORT,6,win,3.07,1.28335,1.28637,1.27408,3.07,1,0,0,0,1,1,0,0,1,0,1,1,0,0,0,0
AUDUSD,2018-11-28,SHORT,3,loss,-1.00,0.73145,0.73370,0.72203,4.19,1,0,0,0,1,1,0,0,0,0,0,0,0,0,0,0
EURUSD,2018-11-29,SHORT,6,loss,-1.00,1.13664,1.13837,1.12751,5.28,1,0,0,0,1,0,0,0,1,1,1,1,0,0,0,0
EURUSD,2018-11-29,SHORT,7,loss,-1.00,1.13890,1.14340,1.12751,2.53,1,0,0,0,1,0,1,0,1,1,1,1,0,0,0,0
USDCAD,2018-11-29,LONG,5,loss,-1.00,1.32748,1.32417,1.33577,2.50,1,0,1,0,1,0,0,0,0,0,1,1,0,0,0,0
EURUSD,2018-11-30,SHORT,9,loss,-1.00,1.13714,1.14016,1.12751,3.19,1,0,0,0,1,1,1,0,1,1,1,1,0,1,0,0
AUDUSD,2018-12-03,SHORT,3,loss,-1.00,0.73479,0.73622,0.73006,3.31,1,0,0,0,1,0,0,0,0,0,0,1,0,0,0,0
USDCAD,2018-12-04,LONG,6,win,3.79,1.31759,1.31550,1.32551,3.79,1,0,0,0,1,0,1,0,0,0,1,1,1,0,0,0
USDJPY,2018-12-04,LONG,7,loss,-1.00,112.81100,112.66100,113.30600,3.30,1,0,0,0,1,1,1,0,0,0,1,1,0,0,1,0
USDCHF,2018-12-06,LONG,6,loss,-1.00,0.99313,0.99172,0.99870,3.95,1,0,0,0,1,1,1,0,1,0,0,1,0,0,0,0
EURUSD,2018-12-07,SHORT,8,loss,-1.00,1.13906,1.14123,1.13302,2.78,1,0,0,0,1,1,1,1,0,1,1,1,0,0,0,0
USDCHF,2018-12-07,LONG,5,loss,-1.00,0.99184,0.98941,0.99870,2.82,1,0,0,0,1,0,1,0,1,0,0,1,0,0,0,0
USDCHF,2018-12-07,LONG,5,win,2.86,0.98920,0.98588,0.99870,2.86,1,1,0,0,1,0,0,0,1,0,0,1,0,0,0,0
USDCHF,2018-12-17,LONG,6,loss,-1.00,0.99249,0.99116,0.99767,3.89,1,0,0,0,1,1,1,0,1,0,0,1,0,0,0,0
NZDUSD,2018-12-18,SHORT,4,win,4.42,0.68670,0.68792,0.68131,4.42,1,1,0,0,1,0,0,0,0,0,0,1,0,0,0,0
USDCHF,2018-12-18,LONG,6,loss,-1.00,0.99277,0.99116,0.99767,3.04,1,0,0,0,1,1,1,0,1,0,0,1,0,0,0,0
USDCHF,2018-12-18,LONG,6,loss,-1.00,0.99271,0.99116,0.99767,3.20,1,0,0,0,1,1,1,0,1,0,0,1,0,0,0,0
EURUSD,2018-12-19,SHORT,9,loss,-1.00,1.14211,1.14426,1.13543,3.11,1,0,0,0,1,1,1,1,1,1,1,1,0,0,0,0
USDCHF,2018-12-20,LONG,5,loss,-1.00,0.98784,0.98629,0.99476,4.46,1,1,0,0,1,0,0,0,1,0,0,1,0,0,0,0
EURUSD,2018-12-20,SHORT,4,win,2.57,1.14664,1.14995,1.13814,2.57,1,0,0,0,1,0,0,0,0,1,1,0,0,0,0,0
USDCHF,2018-12-20,LONG,5,win,3.67,0.98691,0.98477,0.99476,3.67,1,1,0,0,1,0,0,0,1,0,0,1,0,0,0,0
EURUSD,2018-12-20,SHORT,4,win,3.19,1.14713,1.14995,1.13814,3.19,1,0,0,0,1,0,0,0,0,1,1,0,0,0,0,0
USDCHF,2018-12-27,LONG,5,loss,-1.00,0.98600,0.98358,0.99491,3.68,1,1,0,0,1,1,0,0,0,0,0,1,0,0,0,0
EURUSD,2018-12-27,SHORT,7,loss,-1.00,1.14484,1.14859,1.13527,2.55,1,0,0,0,1,1,1,0,1,1,0,1,0,0,0,0
AUDUSD,2018-12-28,SHORT,5,win,3.59,0.70648,0.70774,0.70196,3.59,1,0,0,0,1,1,0,0,0,0,1,1,0,0,0,0
USDCAD,2019-01-02,LONG,5,win,2.59,1.35864,1.35658,1.36397,2.59,1,0,0,0,1,1,0,0,0,0,1,1,0,0,0,0
USDJPY,2019-01-03,LONG,3,timeout,2.15,107.54900,106.88300,109.67000,3.18,1,0,0,0,1,0,0,0,0,0,0,0,0,0,1,0
USDJPY,2019-01-03,LONG,3,timeout,1.88,107.54100,106.88300,109.67000,3.24,1,0,0,0,1,0,0,0,0,0,0,0,0,0,1,0
GBPUSD,2019-01-04,SHORT,7,loss,-1.00,1.27230,1.27729,1.25581,3.30,1,0,0,0,1,1,1,0,1,0,1,1,0,0,0,0
GBPUSD,2019-01-04,SHORT,7,loss,-1.00,1.27416,1.27729,1.25581,5.86,1,0,0,0,1,1,1,0,1,0,1,1,0,0,0,0
GBPUSD,2019-01-07,SHORT,5,loss,-1.00,1.27543,1.28118,1.25581,3.41,1,0,0,0,1,0,1,0,0,0,1,1,0,0,0,0
GBPUSD,2019-01-07,SHORT,5,loss,-1.00,1.27714,1.28118,1.25581,5.28,1,0,0,0,1,0,1,0,0,0,1,1,0,0,0,0
EURUSD,2019-01-07,SHORT,5,loss,-1.00,1.14635,1.14967,1.13414,3.68,1,0,0,0,1,1,0,0,0,1,0,1,0,0,0,0
GBPUSD,2019-01-07,SHORT,6,loss,-1.00,1.27697,1.28118,1.25581,5.03,1,0,0,0,1,0,1,0,0,0,1,1,1,0,0,0
GBPUSD,2019-01-08,SHORT,5,loss,-1.00,1.27738,1.28118,1.25581,5.68,1,0,0,0,1,0,1,0,0,0,1,1,0,0,0,0
USDCAD,2019-01-08,LONG,3,loss,-1.00,1.32780,1.32532,1.33585,3.25,1,0,0,0,1,0,0,0,0,0,1,0,0,0,0,0
GBPUSD,2019-01-08,SHORT,6,loss,-1.00,1.27311,1.27729,1.25581,4.14,1,0,0,0,1,0,1,0,0,0,1,1,0,0,0,1
GBPUSD,2019-01-08,SHORT,5,loss,-1.00,1.27178,1.27729,1.25581,2.90,1,0,0,0,1,0,1,0,0,0,1,1,0,0,0,0
USDCAD,2019-01-08,LONG,3,loss,-1.00,1.32817,1.32532,1.33585,2.69,1,0,0,0,1,0,0,0,0,0,1,0,0,0,0,0
GBPUSD,2019-01-11,SHORT,3,loss,-1.00,1.28232,1.28494,1.27412,3.13,1,0,0,0,1,0,0,0,0,0,0,1,0,0,0,0
GBPUSD,2019-01-11,SHORT,4,loss,-1.00,1.28221,1.28494,1.27412,2.96,1,0,0,0,1,0,0,0,0,0,0,1,1,0,0,0
GBPUSD,2019-01-14,SHORT,2,loss,-1.00,1.28741,1.29270,1.27412,2.51,1,0,0,0,1,0,0,0,0,0,0,0,0,0,0,0
USDJPY,2019-01-16,SHORT,5,loss,-1.00,108.84500,109.08700,108.20100,2.66,0,0,0,0,1,1,0,0,0,0,1,1,0,0,1,0
GBPUSD,2019-01-23,SHORT,3,loss,-1.00,1.30341,1.30718,1.28689,4.38,1,1,0,0,1,0,0,0,0,0,0,0,0,0,0,0
GBPUSD,2019-01-24,SHORT,3,loss,-1.00,1.30421,1.30718,1.29503,3.09,1,1,0,0,1,0,0,0,0,0,0,0,0,0,0,0
USDCAD,2019-01-25,LONG,3,loss,-1.00,1.32607,1.32314,1.33531,3.15,1,0,0,0,1,0,0,0,0,0,0,1,0,0,0,0
NZDUSD,2019-01-25,SHORT,5,loss,-1.00,0.68314,0.68483,0.67498,4.83,1,1,0,0,1,1,0,0,1,0,0,0,0,0,0,0
USDCAD,2019-01-25,LONG,3,loss,-1.00,1.32282,1.31829,1.33531,2.76,1,0,0,0,1,0,0,0,0,0,0,1,0,0,0,0
GBPUSD,2019-01-25,SHORT,2,win,2.65,1.31975,1.32362,1.30949,2.65,1,0,0,0,1,0,0,0,0,0,0,0,0,0,0,0
USDCAD,2019-01-30,LONG,3,loss,-1.00,1.32272,1.32029,1.33098,3.40,1,0,0,0,1,0,0,0,0,0,0,1,0,0,0,0
USDCAD,2019-01-30,LONG,3,loss,-1.00,1.32013,1.31829,1.33098,5.90,1,0,0,0,1,0,0,0,0,0,0,1,0,0,0,0
AUDUSD,2019-01-30,SHORT,4,loss,-1.00,0.71913,0.72036,0.71480,3.52,1,0,0,0,1,0,1,0,0,0,0,1,0,0,0,0
EURUSD,2019-01-31,SHORT,3,win,3.51,1.14752,1.14896,1.14247,3.51,1,0,0,0,1,0,0,0,0,0,0,1,0,0,0,0
USDCAD,2019-01-31,LONG,4,loss,-1.00,1.31344,1.31184,1.32272,5.80,1,1,0,0,1,0,0,0,0,0,0,0,1,0,0,0
USDCHF,2019-01-31,LONG,6,win,4.66,0.99186,0.99051,0.99815,4.66,1,0,0,0,1,1,1,0,0,0,1,1,0,0,0,0
USDCAD,2019-02-01,LONG,4,loss,-1.00,1.31391,1.31184,1.32272,4.26,1,1,0,0,1,0,0,0,0,0,0,1,0,0,0,0
USDCAD,2019-02-01,LONG,3,win,2.97,1.30991,1.30559,1.32272,2.97,1,1,0,0,1,0,0,0,0,0,0,0,0,0,0,0
USDJPY,2019-02-01,SHORT,5,loss,-1.00,109.52100,109.74300,108.88700,2.86,0,0,0,0,1,0,0,0,1,0,1,1,0,0,1,0
USDJPY,2019-02-04,SHORT,5,loss,-1.00,109.87000,109.99900,109.44300,3.31,0,0,0,0,1,0,1,0,0,0,1,1,0,0,1,0
NZDUSD,2019-02-06,LONG,5,loss,-1.00,0.68432,0.68205,0.69001,2.51,0,1,0,0,1,1,0,0,0,0,1,1,0,0,0,0
USDJPY,2019-02-06,SHORT,5,loss,-1.00,109.97300,110.16100,109.44300,2.82,0,0,0,0,1,0,1,0,0,0,1,1,0,0,1,0
NZDUSD,2019-02-06,LONG,6,loss,-1.00,0.68315,0.68205,0.69001,6.24,0,1,0,0,1,1,1,0,0,0,1,1,0,0,0,0
AUDUSD,2019-02-12,SHORT,4,loss,-1.00,0.70983,0.71075,0.70745,2.59,1,0,0,0,1,0,0,0,0,0,1,1,0,0,0,0
GBPUSD,2019-02-18,SHORT,6,loss,-1.00,1.29329,1.29584,1.28183,4.49,1,0,0,0,1,1,1,0,0,0,1,1,0,0,0,0
GBPUSD,2019-02-18,SHORT,6,loss,-1.00,1.29271,1.29584,1.28183,3.48,1,0,0,0,1,1,1,0,0,0,1,1,0,0,0,0
GBPUSD,2019-02-18,SHORT,7,loss,-1.00,1.29268,1.29584,1.28183,3.43,1,0,0,0,1,1,1,0,0,0,1,1,1,0,0,0
GBPUSD,2019-02-19,SHORT,5,loss,-1.00,1.29178,1.29385,1.28183,4.81,1,0,0,0,1,0,1,0,0,0,1,1,0,0,0,0
GBPUSD,2019-02-19,SHORT,4,loss,-1.00,1.30309,1.31034,1.28183,2.93,1,1,0,0,1,0,0,0,0,0,1,0,0,0,0,0
USDCHF,2019-02-19,LONG,6,loss,-1.00,1.00079,0.99886,1.00565,2.52,1,0,0,0,1,0,1,0,0,0,1,1,0,0,1,0
USDCAD,2019-02-19,LONG,4,loss,-1.00,1.32124,1.31957,1.32807,4.09,1,0,0,0,1,0,1,0,0,0,0,1,0,0,0,0
GBPUSD,2019-02-19,SHORT,3,loss,-1.00,1.30653,1.31034,1.29088,4.11,1,1,0,0,1,0,0,0,0,0,0,0,0,0,0,0
GBPUSD,2019-02-20,SHORT,5,loss,-1.00,1.30633,1.31034,1.29178,3.63,1,1,0,0,1,1,0,1,0,0,0,0,0,0,0,0
USDCHF,2019-02-20,LONG,8,loss,-1.00,1.00019,0.99886,1.00565,4.11,1,0,0,0,1,1,1,0,0,0,1,1,1,0,1,0
EURUSD,2019-02-21,SHORT,7,loss,-1.00,1.13472,1.13711,1.12830,2.69,1,0,0,0,1,1,1,0,0,0,1,1,1,0,0,0
USDCHF,2019-02-21,LONG,8,loss,-1.00,0.99956,0.99811,1.00565,4.20,1,0,0,0,1,1,1,1,0,0,1,1,0,0,1,0
USDCHF,2019-02-22,LONG,7,loss,-1.00,0.99983,0.99811,1.00565,3.38,1,0,0,0,1,1,1,0,0,0,1,1,0,0,1,0
GBPUSD,2019-02-22,SHORT,5,loss,-1.00,1.30576,1.31088,1.29178,2.73,1,1,0,0,1,1,0,0,0,0,0,1,0,0,0,0
GBPUSD,2019-02-22,SHORT,5,loss,-1.00,1.30604,1.31088,1.29178,2.95,1,1,0,0,1,1,0,0,0,0,0,1,0,0,0,0
USDCHF,2019-02-22,LONG,8,loss,-1.00,1.00012,0.99811,1.00565,2.75,1,0,0,0,1,1,1,0,0,0,1,1,1,0,1,0
GBPUSD,2019-02-26,SHORT,2,loss,-1.00,1.32130,1.32362,1.30667,6.31,1,0,0,0,1,0,0,0,0,0,0,0,0,0,0,0
GBPUSD,2019-02-26,SHORT,2,loss,-1.00,1.32722,1.32980,1.31376,5.22,1,0,0,0,1,0,0,0,0,0,0,0,0,0,0,0
AUDUSD,2019-02-26,SHORT,7,win,3.16,0.71926,0.72066,0.71484,3.16,1,0,0,0,1,1,0,0,1,0,1,1,0,1,0,0
USDCAD,2019-02-27,LONG,5,win,3.46,1.31350,1.31123,1.32135,3.46,1,1,0,0,1,1,0,0,0,0,0,1,0,0,0,0
GBPUSD,2019-02-27,SHORT,2,win,2.83,1.33184,1.33625,1.31938,2.83,1,0,0,0,1,0,0,0,0,0,0,0,0,0,0,0
GBPUSD,2019-02-27,SHORT,2,win,3.26,1.33347,1.33625,1.32442,3.26,1,0,0,0,1,0,0,0,0,0,0,0,0,0,0,0
USDCHF,2019-02-28,LONG,9,win,3.04,0.99318,0.99075,1.00056,3.04,1,1,1,0,1,1,1,0,1,0,1,1,0,0,0,0
GBPUSD,2019-03-07,LONG,5,loss,-1.00,1.31180,1.30975,1.31767,2.86,0,1,0,0,1,1,0,0,0,0,1,1,0,0,0,0
AUDUSD,2019-03-08,SHORT,5,loss,-1.00,0.70397,0.70512,0.70065,2.89,1,0,0,0,1,1,0,0,0,0,1,1,0,0,0,0
GBPUSD,2019-03-08,LONG,5,loss,-1.00,1.30043,1.29680,1.31767,4.75,0,1,0,0,1,0,1,0,0,0,1,0,0,0,1,0
AUDUSD,2019-03-12,SHORT,5,loss,-1.00,0.70813,0.70916,0.70368,4.32,1,0,0,0,1,0,1,0,0,0,1,1,0,0,0,0
EURUSD,2019-03-12,SHORT,6,loss,-1.00,1.12962,1.13245,1.12096,3.06,1,0,0,0,1,1,1,0,0,0,1,1,0,0,0,0
USDCHF,2019-03-13,LONG,6,loss,-1.00,1.00455,1.00313,1.00992,3.78,1,0,0,0,1,1,1,0,0,0,1,1,0,0,0,0
EURUSD,2019-03-13,SHORT,6,loss,-1.00,1.13091,1.13245,1.12536,3.60,1,0,0,0,1,1,1,0,0,0,1,1,0,0,0,0
USDCHF,2019-03-18,LONG,6,loss,-1.00,1.00012,0.99815,1.00598,2.97,1,0,0,0,1,0,1,0,0,0,1,1,0,0,1,0
USDCHF,2019-03-18,LONG,6,loss,-1.00,1.00025,0.99815,1.00598,2.73,1,0,0,0,1,0,1,0,0,0,1,1,0,0,1,0
USDJPY,2019-03-21,LONG,7,loss,-1.00,110.48700,110.35100,111.51400,7.55,1,1,0,0,0,1,1,0,0,0,1,1,0,0,1,0
USDJPY,2019-03-22,LONG,2,win,4.93,109.76500,109.56000,110.77600,4.93,1,0,0,0,0,0,0,0,0,0,1,0,0,0,0,0
USDCHF,2019-03-25,LONG,5,win,2.73,0.99191,0.98943,0.99868,2.73,1,1,0,0,1,1,0,0,0,0,0,1,0,0,0,0
NZDUSD,2019-03-27,LONG,5,loss,-1.00,0.67899,0.67443,0.69110,2.66,0,0,0,0,1,1,0,1,0,1,1,0,0,0,0,0
USDJPY,2019-03-28,SHORT,7,loss,-1.00,110.55400,110.71300,110.07600,3.01,0,1,0,0,1,1,1,0,0,0,1,1,0,0,1,0
USDJPY,2019-03-28,SHORT,7,loss,-1.00,110.57700,110.71300,110.07600,3.68,0,1,0,0,1,1,1,0,0,0,1,1,0,0,1,0
GBPUSD,2019-03-28,LONG,7,loss,-1.00,1.30565,1.30039,1.31898,2.53,0,1,0,0,1,1,1,0,1,1,1,0,0,0,0,0
NZDUSD,2019-03-29,LONG,6,loss,-1.00,0.68187,0.68082,0.69110,8.79,0,1,0,0,1,0,1,0,0,1,1,1,0,0,0,0
GBPUSD,2019-03-29,LONG,6,win,2.72,1.30220,1.29604,1.31898,2.72,0,1,0,0,1,1,0,0,1,1,1,0,0,0,0,0
USDJPY,2019-04-01,SHORT,5,loss,-1.00,111.29700,111.69500,110.07600,3.07,0,1,0,0,1,0,1,0,0,0,1,1,0,0,0,0
GBPUSD,2019-04-02,LONG,6,win,3.39,1.30151,1.29776,1.31423,3.39,0,1,0,0,1,1,0,0,0,1,1,0,0,0,1,0
USDCAD,2019-04-03,LONG,7,win,3.45,1.33123,1.32973,1.33641,3.45,1,0,0,0,1,1,1,0,0,0,1,1,1,0,0,0
AUDUSD,2019-04-03,SHORT,5,loss,-1.00,0.71183,0.71314,0.70567,4.70,1,0,0,0,1,0,1,0,0,0,1,1,0,0,0,0
AUDUSD,2019-04-03,SHORT,5,loss,-1.00,0.71241,0.71473,0.70567,2.91,1,0,0,0,1,0,1,0,0,0,1,1,0,0,0,0
USDCAD,2019-04-03,LONG,7,win,2.82,1.33148,1.32973,1.33641,2.82,1,0,0,0,1,1,1,0,0,0,1,1,1,0,0,0
AUDUSD,2019-04-03,SHORT,5,loss,-1.00,0.71145,0.71314,0.70567,3.42,1,0,0,0,1,0,1,0,0,0,1,1,0,0,0,0
EURUSD,2019-04-03,SHORT,8,loss,-1.00,1.12383,1.12498,1.12032,3.05,1,0,1,0,1,1,0,0,0,1,1,1,1,0,0,0
AUDUSD,2019-04-04,SHORT,5,loss,-1.00,0.71101,0.71314,0.70567,2.51,1,0,0,0,1,0,1,0,0,0,1,1,0,0,0,0
AUDUSD,2019-04-04,SHORT,5,loss,-1.00,0.71118,0.71295,0.70567,3.11,1,0,0,0,1,0,1,0,0,0,1,1,0,0,0,0
AUDUSD,2019-04-04,SHORT,5,loss,-1.00,0.71186,0.71295,0.70567,5.68,1,0,0,0,1,0,1,0,0,0,1,1,0,0,0,0
USDCAD,2019-04-08,LONG,5,loss,-1.00,1.33067,1.32958,1.33749,6.26,1,0,0,0,1,0,1,0,0,0,1,1,0,0,0,0
AUDUSD,2019-04-10,SHORT,4,loss,-1.00,0.71567,0.71677,0.71271,2.69,1,0,0,0,1,1,0,0,0,0,0,1,0,0,0,0
EURUSD,2019-04-15,SHORT,7,win,2.99,1.13078,1.13239,1.12596,2.99,1,0,0,0,1,1,1,0,0,0,1,1,0,0,0,1
AUDUSD,2019-04-15,SHORT,3,loss,-1.00,0.71733,0.71919,0.71247,2.61,1,0,0,0,1,0,0,0,0,0,0,1,0,0,0,0
NZDUSD,2019-04-15,SHORT,4,loss,-1.00,0.67622,0.67735,0.67292,2.92,1,0,0,0,1,0,0,0,0,0,1,1,0,0,0,0
AUDUSD,2019-04-15,SHORT,3,loss,-1.00,0.71777,0.71919,0.71247,3.73,1,0,0,0,1,0,0,0,0,0,0,1,0,0,0,0
NZDUSD,2019-04-15,SHORT,5,loss,-1.00,0.67623,0.67735,0.67292,2.96,1,0,0,0,1,0,0,0,0,0,1,1,1,0,0,0
EURUSD,2019-04-16,SHORT,6,win,3.40,1.13093,1.13239,1.12596,3.40,1,0,0,0,1,0,1,0,0,0,1,1,1,0,0,0
AUDUSD,2019-04-16,SHORT,3,loss,-1.00,0.71664,0.71818,0.71247,2.71,1,0,0,0,1,0,0,0,0,0,0,1,0,0,0,0
AUDUSD,2019-04-16,SHORT,3,loss,-1.00,0.71729,0.71818,0.71474,2.87,1,0,0,0,1,0,0,0,0,0,0,1,0,0,0,0
GBPUSD,2019-04-29,SHORT,3,loss,-1.00,1.29370,1.29635,1.28677,2.62,1,0,0,0,0,0,0,0,0,0,1,1,0,0,0,0
USDCHF,2019-04-29,LONG,5,loss,-1.00,1.01947,1.01839,1.02236,2.68,1,0,0,0,1,0,0,1,0,0,1,1,0,0,0,0
GBPUSD,2019-05-01,SHORT,6,loss,-1.00,1.30703,1.31188,1.29402,2.68,1,1,0,0,0,1,1,0,0,0,1,1,0,0,0,0
EURUSD,2019-05-01,SHORT,7,loss,-1.00,1.12452,1.12620,1.11860,3.52,1,0,0,0,1,1,1,1,0,0,1,1,0,0,0,0
GBPUSD,2019-05-03,SHORT,3,win,3.41,1.31377,1.31956,1.29402,3.41,1,1,0,0,0,0,0,0,0,0,1,0,0,0,0,0
GBPUSD,2019-05-03,SHORT,2,win,5.78,1.31670,1.31956,1.30018,5.78,1,0,0,0,0,0,0,0,0,0,1,0,0,0,0,0
USDJPY,2019-05-07,LONG,5,loss,-1.00,110.59100,110.28000,111.50900,2.95,1,1,0,0,1,0,0,0,0,0,0,1,0,0,1,0
USDJPY,2019-05-07,LONG,4,loss,-1.00,110.34500,110.01800,111.50900,3.56,1,0,0,0,1,0,0,0,0,0,0,1,0,0,1,0
EURUSD,2019-05-08,SHORT,8,loss,-1.00,1.12028,1.12178,1.11521,3.38,1,0,0,0,1,0,1,0,1,0,1,1,1,0,0,1
USDCHF,2019-05-08,LONG,5,loss,-1.00,1.01731,1.01604,1.02146,3.27,1,0,0,0,1,0,0,0,1,0,1,1,0,0,0,0
EURUSD,2019-05-08,SHORT,6,loss,-1.00,1.12055,1.12178,1.11521,4.34,1,0,0,0,1,0,1,0,1,0,1,1,0,0,0,0
USDCHF,2019-05-10,LONG,6,loss,-1.00,1.01354,1.01236,1.01846,4.17,1,0,0,0,1,0,1,0,1,0,1,1,0,0,0,0
USDCAD,2019-05-10,LONG,6,loss,-1.00,1.34283,1.34092,1.34918,3.32,1,0,0,0,1,0,1,0,1,0,1,1,0,0,0,0
USDJPY,2019-05-16,SHORT,4,loss,-1.00,109.89000,110.04900,109.15900,4.60,0,0,0,0,1,0,0,0,0,0,1,1,0,0,1,0
USDJPY,2019-05-17,SHORT,4,loss,-1.00,109.88000,110.04900,109.45200,2.53,0,0,0,0,1,0,0,0,0,0,1,1,0,0,1,0
USDCHF,2019-05-22,LONG,6,loss,-1.00,1.00894,1.00803,1.01139,2.69,1,0,0,0,1,1,1,0,1,0,0,1,0,0,0,0
USDCHF,2019-05-23,LONG,5,loss,-1.00,1.00787,1.00662,1.01139,2.82,1,0,0,0,1,0,1,0,1,0,0,1,0,0,0,0
NZDUSD,2019-05-24,SHORT,4,loss,-1.00,0.65378,0.65461,0.64910,5.64,1,0,0,0,1,0,0,0,0,0,1,1,0,0,0,0
AUDUSD,2019-05-27,SHORT,5,loss,-1.00,0.69251,0.69337,0.69018,2.71,1,0,0,0,1,1,0,0,0,0,1,1,0,0,0,0
NZDUSD,2019-05-28,SHORT,6,loss,-1.00,0.65500,0.65589,0.64910,6.63,1,0,0,0,1,1,0,1,0,0,1,1,0,0,0,0
NZDUSD,2019-05-28,SHORT,6,loss,-1.00,0.65475,0.65589,0.64910,4.96,1,0,0,0,1,1,0,1,0,0,1,1,0,0,0,0
AUDUSD,2019-05-28,SHORT,5,win,3.09,0.69293,0.69382,0.69018,3.09,1,0,0,0,1,1,0,0,0,0,1,1,0,0,0,0
AUDUSD,2019-05-31,SHORT,5,loss,-1.00,0.69288,0.69382,0.69049,2.54,1,0,0,0,1,1,0,0,0,0,1,1,0,0,0,0
USDCHF,2019-05-31,LONG,5,loss,-1.00,1.00103,0.99968,1.00607,3.73,1,0,0,0,1,0,0,0,1,0,0,1,0,0,1,0
GBPUSD,2019-05-31,SHORT,4,loss,-1.00,1.26440,1.26710,1.25626,3.01,1,0,0,0,1,0,0,0,0,0,1,1,0,0,0,0
EURUSD,2019-06-03,SHORT,8,loss,-1.00,1.12044,1.12151,1.11434,5.70,1,0,0,0,1,1,1,0,1,1,1,1,0,0,0,0
USDCAD,2019-06-03,LONG,7,loss,-1.00,1.34453,1.34291,1.35180,4.49,1,0,0,0,1,1,1,0,0,1,1,1,0,0,0,0
NZDUSD,2019-06-03,SHORT,6,loss,-1.00,0.65988,0.66141,0.65267,4.71,1,0,0,0,1,1,1,0,1,0,1,0,0,0,0,0
EURUSD,2019-06-03,SHORT,8,loss,-1.00,1.12472,1.12635,1.11727,4.57,1,0,0,0,1,1,1,0,1,1,1,1,0,0,0,0
USDCHF,2019-06-03,LONG,4,loss,-1.00,0.99238,0.99050,1.00067,4.41,1,1,0,0,1,0,0,0,1,0,0,0,0,0,0,0
USDCHF,2019-06-04,LONG,4,loss,-1.00,0.99143,0.98943,0.99948,4.02,1,1,0,0,1,0,0,0,1,0,0,0,0,0,0,0
USDCAD,2019-06-04,LONG,6,loss,-1.00,1.33958,1.33571,1.34982,2.65,1,0,0,0,1,0,1,0,0,1,1,1,0,0,0,0
NZDUSD,2019-06-04,SHORT,5,loss,-1.00,0.66138,0.66302,0.65617,3.18,1,0,0,0,1,0,1,0,1,0,1,0,0,0,0,0
USDCAD,2019-06-05,LONG,7,loss,-1.00,1.33867,1.33571,1.34982,3.77,1,0,0,0,1,0,1,0,0,1,1,1,0,0,0,1
EURUSD,2019-06-06,SHORT,4,loss,-1.00,1.12938,1.13237,1.11809,3.78,1,0,0,0,1,0,0,0,0,1,0,1,0,0,0,0
USDCAD,2019-06-06,LONG,6,loss,-1.00,1.33742,1.33571,1.34982,7.25,1,0,0,0,1,0,1,0,0,1,1,1,0,0,0,0
EURUSD,2019-06-06,SHORT,4,loss,-1.00,1.12745,1.13065,1.11809,2.93,1,0,0,0,1,0,0,0,0,1,0,1,0,0,0,0
USDCAD,2019-06-07,LONG,5,loss,-1.00,1.33549,1.33350,1.34110,2.82,1,0,0,0,1,0,1,0,0,1,0,1,0,0,0,0
USDCAD,2019-06-07,LONG,4,loss,-1.00,1.32874,1.32572,1.34110,4.09,1,1,0,0,1,0,0,0,0,1,0,0,0,0,0,0
USDCHF,2019-06-07,LONG,2,win,2.77,0.98767,0.98537,0.99404,2.77,1,0,0,0,1,0,0,0,0,0,0,0,0,0,0,0
NZDUSD,2019-06-07,SHORT,3,win,2.63,0.66636,0.66846,0.66083,2.63,1,0,0,0,1,0,0,0,0,0,1,0,0,0,0,0
AUDUSD,2019-06-07,SHORT,7,loss,-1.00,0.69980,0.70071,0.69681,3.29,1,0,0,0,1,1,1,0,0,0,1,1,0,0,1,0
USDCAD,2019-06-07,LONG,4,loss,-1.00,1.32798,1.32572,1.33549,3.32,1,1,0,0,1,0,0,0,0,1,0,0,0,0,0,0
USDCHF,2019-06-07,LONG,2,win,3.10,0.98734,0.98537,0.99345,3.10,1,0,0,0,1,0,0,0,0,0,0,0,0,0,0,0
USDCAD,2019-06-10,LONG,6,loss,-1.00,1.32742,1.32572,1.33549,4.75,1,1,0,0,1,0,0,0,0,1,0,0,1,0,0,1
USDCAD,2019-06-10,LONG,4,win,2.88,1.32679,1.32377,1.33549,2.88,1,1,0,0,1,0,0,0,0,1,0,0,0,0,0,0
USDCAD,2019-06-11,LONG,5,win,4.77,1.32580,1.32377,1.33549,4.77,1,1,0,0,1,0,0,0,0,1,0,1,0,0,0,0
EURUSD,2019-06-11,SHORT,4,win,3.34,1.13281,1.13477,1.12626,3.34,1,0,0,0,1,0,0,0,0,1,0,1,0,0,0,0
GBPUSD,2019-06-12,SHORT,4,win,2.80,1.27450,1.27627,1.26954,2.80,1,0,0,0,1,0,0,0,0,0,1,1,0,0,0,0
USDJPY,2019-06-17,SHORT,5,win,4.44,108.69000,108.80000,108.20200,4.44,0,0,0,0,1,0,0,0,1,0,1,1,0,0,1,0
USDCAD,2019-06-19,LONG,5,loss,-1.00,1.32865,1.32731,1.34175,9.78,1,1,0,0,1,0,0,0,1,0,0,1,0,0,0,0
USDCHF,2019-06-19,LONG,4,loss,-1.00,0.99385,0.99177,0.99917,2.56,1,1,0,0,1,0,0,0,0,0,0,1,0,0,0,0
USDCAD,2019-06-20,LONG,2,loss,-1.00,1.31659,1.31295,1.32700,2.86,1,0,0,0,1,0,0,0,0,0,0,0,0,0,0,0
USDCHF,2019-06-20,LONG,2,loss,-1.00,0.98216,0.98001,0.99006,3.67,1,0,0,0,1,0,0,0,0,0,0,0,0,0,0,0
NZDUSD,2019-06-20,SHORT,6,loss,-1.00,0.65823,0.65923,0.65530,2.93,1,0,0,0,1,0,1,0,0,0,1,1,0,0,0,1
EURUSD,2019-06-21,SHORT,3,loss,-1.00,1.13165,1.13434,1.12357,3.00,1,0,0,0,1,0,0,0,0,0,0,1,0,0,0,0
USDCHF,2019-06-21,LONG,2,loss,-1.00,0.98190,0.98001,0.98773,3.08,1,0,0,0,1,0,0,0,0,0,0,0,0,0,0,0
EURUSD,2019-06-21,SHORT,3,loss,-1.00,1.13285,1.13434,1.12357,6.23,1,0,0,0,1,0,0,0,0,0,0,1,0,0,0,0
EURUSD,2019-06-26,SHORT,4,win,3.55,1.13910,1.14119,1.13168,3.55,1,1,0,0,1,0,0,0,0,0,0,1,0,0,0,0
AUDUSD,2019-06-27,SHORT,4,loss,-1.00,0.70069,0.70218,0.69601,3.14,1,0,0,0,1,1,0,0,0,0,0,0,0,0,1,0
AUDUSD,2019-06-28,SHORT,6,loss,-1.00,0.70044,0.70218,0.69601,2.55,1,0,0,0,1,1,0,0,0,0,0,1,0,0,1,1
USDCAD,2019-06-28,LONG,3,loss,-1.00,1.30892,1.30682,1.31618,3.46,1,0,0,0,1,0,0,0,0,0,0,1,0,0,0,0
USDCAD,2019-06-28,LONG,4,loss,-1.00,1.30909,1.30682,1.31618,3.12,1,0,0,0,1,0,0,0,0,0,0,1,1,0,0,0
AUDUSD,2019-06-28,SHORT,5,loss,-1.00,0.70081,0.70218,0.69601,3.50,1,0,0,0,1,1,0,0,0,0,0,1,0,0,1,0
USDJPY,2019-07-01,SHORT,6,win,2.56,108.43300,108.67600,107.81200,2.56,0,0,0,0,1,1,1,0,0,0,1,1,0,0,1,0
AUDUSD,2019-07-03,SHORT,5,win,2.61,0.70324,0.70476,0.69927,2.61,1,0,1,0,1,1,0,0,0,0,0,1,0,0,0,0
NZDUSD,2019-07-03,SHORT,4,win,2.69,0.67087,0.67265,0.66609,2.69,1,0,0,0,1,1,0,0,0,0,0,1,0,0,0,0
USDCAD,2019-07-03,LONG,4,loss,-1.00,1.30649,1.30482,1.31143,2.96,1,0,0,0,1,1,0,0,0,0,0,1,0,0,0,0
AUDUSD,2019-07-03,SHORT,5,win,2.92,0.70336,0.70476,0.69927,2.92,1,0,1,0,1,1,0,0,0,0,0,1,0,0,0,0
USDCHF,2019-07-05,SHORT,3,loss,-1.00,0.98794,0.98887,0.98476,3.42,0,0,0,0,1,0,0,0,0,0,1,1,0,0,0,0
USDJPY,2019-07-08,SHORT,5,loss,-1.00,108.57100,108.67600,108.05100,4.95,0,0,0,0,1,0,1,0,0,0,1,1,0,0,1,0
USDCAD,2019-07-09,SHORT,4,loss,-1.00,1.31237,1.31362,1.30589,5.18,0,0,0,0,1,1,0,0,0,0,1,1,0,0,0,0
USDCAD,2019-07-09,SHORT,5,loss,-1.00,1.31232,1.31362,1.30589,4.95,0,0,0,0,1,1,0,0,0,0,1,1,1,0,0,0
USDCAD,2019-07-09,SHORT,4,loss,-1.00,1.31249,1.31362,1.30589,5.84,0,0,0,0,1,1,0,0,0,0,1,1,0,0,0,0
USDCAD,2019-07-10,SHORT,4,loss,-1.00,1.31230,1.31362,1.30589,4.86,0,0,0,0,1,1,0,0,0,0,1,1,0,0,0,0
NZDUSD,2019-07-10,SHORT,6,loss,-1.00,0.66427,0.66527,0.66156,2.71,1,0,0,0,1,0,1,0,1,1,0,1,0,0,0,0
GBPUSD,2019-07-12,SHORT,5,loss,-1.00,1.25523,1.25713,1.25035,2.57,1,0,0,0,1,0,0,0,0,1,1,1,0,0,0,0
EURUSD,2019-07-12,SHORT,5,win,3.89,1.12709,1.12857,1.12134,3.89,1,0,0,0,1,0,1,0,0,0,1,1,0,0,0,0
NZDUSD,2019-07-15,SHORT,5,loss,-1.00,0.67170,0.67265,0.66929,2.54,1,1,0,0,1,0,0,0,0,1,0,1,0,0,0,0
AUDUSD,2019-07-15,SHORT,5,loss,-1.00,0.70351,0.70474,0.69878,3.85,1,0,0,0,1,1,0,0,0,1,0,1,0,0,0,0
AUDUSD,2019-07-15,SHORT,5,loss,-1.00,0.70394,0.70474,0.69878,6.45,1,0,0,0,1,1,0,0,0,1,0,1,0,0,0,0
AUDUSD,2019-07-16,SHORT,5,loss,-1.00,0.70312,0.70474,0.69878,2.68,1,0,0,0,1,1,0,0,0,1,0,1,0,0,0,0
USDCHF,2019-07-17,SHORT,8,win,2.86,0.98911,0.99078,0.98434,2.86,0,1,1,0,1,1,1,0,1,0,1,1,0,0,0,0
AUDUSD,2019-07-18,SHORT,3,loss,-1.00,0.70351,0.70441,0.70079,3.02,1,0,0,0,1,0,0,0,0,0,0,1,0,0,0,0
NZDUSD,2019-07-18,SHORT,2,win,3.00,0.67789,0.67996,0.67167,3.00,1,0,0,0,1,0,0,0,0,0,0,0,0,0,0,0
GBPUSD,2019-07-18,SHORT,5,win,4.75,1.25541,1.25786,1.24378,4.75,1,0,0,0,1,0,0,0,1,0,1,1,0,0,0,0
NZDUSD,2019-07-19,SHORT,3,loss,-1.00,0.67713,0.67826,0.67418,2.61,1,1,0,0,1,0,0,0,0,0,0,0,0,0,0,0
USDCAD,2019-07-19,SHORT,5,win,2.82,1.30818,1.30952,1.30440,2.82,0,0,0,0,1,1,0,0,1,0,1,1,0,0,0,0
USDJPY,2019-07-23,SHORT,6,loss,-1.00,108.12200,108.37500,107.40300,2.84,0,0,0,0,1,1,1,0,0,0,1,1,0,0,1,0
USDJPY,2019-07-23,SHORT,5,loss,-1.00,108.24400,108.37500,107.40300,6.42,0,0,0,0,1,1,1,0,0,0,1,1,0,0,0,0
USDCAD,2019-07-24,SHORT,8,loss,-1.00,1.31317,1.31637,1.30467,2.66,0,0,0,0,1,1,1,1,0,0,1,1,1,0,0,1
USDCAD,2019-07-24,SHORT,6,loss,-1.00,1.31351,1.31637,1.30467,3.09,0,0,0,0,1,1,1,1,0,0,1,1,0,0,0,0
USDCAD,2019-07-24,SHORT,7,loss,-1.00,1.31482,1.31637,1.30467,6.55,0,1,0,0,1,1,1,1,0,0,1,1,0,0,0,0
USDCAD,2019-07-25,SHORT,4,loss,-1.00,1.31452,1.31637,1.30467,5.32,0,0,0,0,1,0,1,0,0,0,1,1,0,0,0,0
USDJPY,2019-07-25,SHORT,4,loss,-1.00,108.72400,108.99000,108.05400,2.52,0,0,0,0,1,0,1,0,0,0,1,1,0,0,0,0
USDCHF,2019-07-26,SHORT,6,loss,-1.00,0.99331,0.99513,0.98807,2.88,0,1,0,0,1,1,1,0,0,0,1,1,0,0,0,0
USDCAD,2019-07-26,SHORT,5,win,2.71,1.31868,1.32079,1.31296,2.71,0,1,0,0,1,0,1,0,0,0,1,1,0,0,0,0
USDCHF,2019-07-26,SHORT,6,loss,-1.00,0.99392,0.99513,0.98807,4.83,0,1,0,0,1,1,1,0,0,0,1,1,0,0,0,0
USDJPY,2019-07-29,SHORT,6,loss,-1.00,108.63700,108.82800,108.13400,2.63,0,0,0,0,1,1,1,0,0,0,1,1,0,0,1,0
USDJPY,2019-07-29,SHORT,6,loss,-1.00,108.85100,108.99000,108.13400,5.16,0,0,0,0,1,1,1,0,0,0,1,1,0,0,1,0
USDJPY,2019-08-01,LONG,5,loss,-1.00,108.28900,107.93300,109.23700,2.66,1,0,0,0,0,0,1,0,0,1,1,1,0,0,0,0
USDCAD,2019-08-01,SHORT,5,loss,-1.00,1.32049,1.32289,1.31431,2.57,0,1,0,0,1,0,1,0,0,0,1,1,0,0,0,0
USDJPY,2019-08-01,LONG,3,loss,-1.00,107.28100,106.77800,109.13900,3.69,1,0,0,0,0,0,0,0,0,1,1,0,0,0,0,0
USDCHF,2019-08-02,LONG,4,loss,-1.00,0.98201,0.98036,0.98999,4.84,1,0,0,0,0,1,0,0,0,0,1,1,0,0,0,0
USDCHF,2019-08-02,LONG,5,loss,-1.00,0.98213,0.98036,0.98999,4.44,1,0,0,0,0,1,0,0,0,0,1,1,1,0,0,0
AUDUSD,2019-08-08,SHORT,5,loss,-1.00,0.67856,0.68004,0.66997,5.80,1,0,0,0,1,0,0,0,0,1,1,1,0,0,0,0
USDCAD,2019-08-09,LONG,7,win,3.10,1.32072,1.31773,1.33000,3.10,1,1,0,0,0,0,1,1,1,0,1,1,0,0,0,0
GBPUSD,2019-08-13,SHORT,5,loss,-1.00,1.20842,1.21063,1.20191,2.95,1,0,0,0,1,0,0,1,0,0,1,1,0,0,0,0
USDJPY,2019-08-13,SHORT,6,win,3.04,106.60300,107.08700,105.13400,3.04,1,0,0,0,1,0,0,0,0,1,1,1,0,0,1,0
USDCAD,2019-08-13,LONG,6,win,3.03,1.32216,1.31957,1.33000,3.03,1,1,0,0,0,1,1,0,0,0,1,1,0,0,0,0
USDJPY,2019-08-13,SHORT,6,win,3.75,106.68800,107.08700,105.19200,3.75,1,0,0,0,1,0,0,0,0,1,1,1,0,0,1,0
USDCHF,2019-08-13,SHORT,4,loss,-1.00,0.97618,0.97865,0.96764,3.46,0,0,0,0,1,0,0,0,0,1,1,1,0,0,0,0
GBPUSD,2019-08-16,SHORT,5,win,4.78,1.21661,1.21825,1.20877,4.78,1,0,0,0,1,1,0,0,0,0,1,1,0,0,0,0
USDCHF,2019-08-16,SHORT,6,loss,-1.00,0.97853,0.97969,0.97409,3.83,0,0,0,0,1,0,0,1,0,1,1,1,0,0,0,1
USDJPY,2019-08-19,SHORT,6,win,4.90,106.61100,106.77700,105.79700,4.90,1,0,0,0,1,0,0,0,1,0,1,1,0,0,1,0
GBPUSD,2019-08-20,SHORT,5,loss,-1.00,1.21508,1.21753,1.20877,2.58,1,0,0,0,1,1,0,0,0,0,1,1,0,0,0,0
USDJPY,2019-08-21,SHORT,7,win,2.79,106.62500,106.77700,106.20100,2.79,1,0,0,0,1,0,0,1,1,0,1,1,0,0,1,0
USDJPY,2019-08-22,SHORT,6,loss,-1.00,106.58200,106.69600,106.20100,3.34,1,0,0,0,1,0,0,0,1,0,1,1,0,0,1,0
GBPUSD,2019-08-26,SHORT,4,loss,-1.00,1.22402,1.22730,1.21364,3.16,1,0,0,0,1,0,0,0,0,0,1,1,0,0,0,0
AUDUSD,2019-08-26,SHORT,5,loss,-1.00,0.67650,0.67776,0.67062,4.67,1,0,1,0,1,0,0,0,0,0,1,1,0,0,0,0
USDCHF,2019-08-28,SHORT,4,loss,-1.00,0.98196,0.98370,0.97584,3.52,0,0,0,0,1,0,1,0,0,0,1,1,0,0,0,0
USDJPY,2019-08-28,SHORT,5,loss,-1.00,106.17600,106.41300,104.84600,5.61,1,0,0,0,1,0,0,0,0,0,1,1,0,0,1,0
USDCHF,2019-08-29,SHORT,4,loss,-1.00,0.98261,0.98370,0.97584,6.21,0,0,0,0,1,0,1,0,0,0,1,1,0,0,0,0
USDCHF,2019-08-29,SHORT,4,loss,-1.00,0.98528,0.98768,0.97584,3.93,0,0,0,0,1,0,1,0,0,0,1,1,0,0,0,0
USDJPY,2019-08-29,SHORT,8,win,2.51,106.49700,106.73400,105.90200,2.51,1,0,0,0,1,1,1,0,1,0,1,1,0,0,1,0
GBPUSD,2019-09-04,SHORT,5,loss,-1.00,1.21962,1.22255,1.20901,3.62,1,0,0,0,1,0,0,0,1,0,1,1,0,0,0,0
USDCHF,2019-09-04,LONG,6,loss,-1.00,0.98173,0.98001,0.98767,3.45,1,0,0,0,0,1,1,0,1,0,1,1,0,0,0,0
GBPUSD,2019-09-04,SHORT,5,loss,-1.00,1.21885,1.22255,1.20901,2.66,1,0,0,0,1,0,0,0,1,0,1,1,0,0,0,0
USDCHF,2019-09-05,LONG,4,win,2.81,0.98202,0.98001,0.98767,2.81,1,0,0,0,0,0,1,0,0,0,1,1,0,0,0,0
EURUSD,2019-09-05,SHORT,6,win,3.30,1.10657,1.10930,1.09757,3.30,1,0,0,1,1,1,0,0,0,0,1,1,0,0,0,0
USDCAD,2019-09-05,LONG,8,loss,-1.00,1.31966,1.31773,1.33172,6.25,1,1,0,0,0,1,1,0,1,1,1,1,0,0,0,0
NZDUSD,2019-09-05,SHORT,5,loss,-1.00,0.63949,0.64095,0.63550,2.73,1,0,0,0,1,1,0,0,0,0,1,1,0,0,0,0
USDJPY,2019-09-06,SHORT,6,loss,-1.00,107.01400,107.23200,106.33800,3.10,1,0,0,0,1,0,1,0,0,0,1,1,0,0,1,0
AUDUSD,2019-09-06,SHORT,4,loss,-1.00,0.68562,0.68675,0.68114,3.96,1,0,0,0,1,0,1,0,0,0,1,0,0,0,0,0
AUDUSD,2019-09-10,SHORT,3,loss,-1.00,0.68676,0.68753,0.68298,4.91,1,0,0,0,1,0,0,0,0,0,1,0,0,0,0,0
AUDUSD,2019-09-11,SHORT,3,loss,-1.00,0.68665,0.68753,0.68298,4.17,1,0,0,0,1,0,0,0,0,0,0,1,0,0,0,0
EURUSD,2019-09-12,SHORT,7,loss,-1.00,1.10648,1.10847,1.09658,4.97,1,0,0,0,1,1,1,0,1,0,1,1,0,0,0,0
USDCAD,2019-09-12,SHORT,7,loss,-1.00,1.32197,1.32461,1.31502,2.63,0,1,0,0,1,1,1,0,0,1,1,1,0,0,0,0
USDCAD,2019-09-13,SHORT,7,loss,-1.00,1.32230,1.32461,1.31502,3.15,0,1,0,0,1,0,1,0,1,1,1,1,0,0,0,0
GBPUSD,2019-09-13,SHORT,3,loss,-1.00,1.24919,1.25174,1.23288,6.40,1,0,0,0,1,0,0,0,0,0,0,0,0,0,1,0
USDJPY,2019-09-17,SHORT,5,loss,-1.00,108.14200,108.25900,107.74900,3.36,1,0,1,0,1,0,0,0,0,0,0,1,0,0,1,0
GBPUSD,2019-09-17,SHORT,4,loss,-1.00,1.24922,1.25174,1.23288,6.48,1,0,0,0,1,1,0,0,0,0,0,0,0,0,1,0
USDJPY,2019-09-17,SHORT,6,loss,-1.00,108.12900,108.25900,107.74900,2.92,1,0,1,0,1,0,0,0,0,0,0,1,1,0,1,0
GBPUSD,2019-09-17,SHORT,4,loss,-1.00,1.25022,1.25220,1.23973,5.30,1,0,0,0,1,1,0,0,0,0,0,0,0,0,1,0
USDJPY,2019-09-17,SHORT,5,loss,-1.00,108.14200,108.25900,107.74900,3.36,1,0,1,0,1,0,0,0,0,0,0,1,0,0,1,0
USDCAD,2019-09-18,SHORT,6,loss,-1.00,1.32839,1.32994,1.32231,3.92,0,1,0,0,1,0,1,0,0,1,1,1,0,0,0,0
USDCAD,2019-09-18,SHORT,6,loss,-1.00,1.32849,1.32994,1.32231,4.26,0,1,0,0,1,0,1,0,0,1,1,1,0,0,0,0
GBPUSD,2019-09-19,SHORT,2,loss,-1.00,1.25210,1.25581,1.23973,3.33,1,0,0,0,1,0,0,0,0,0,0,0,0,0,0,0
GBPUSD,2019-09-20,SHORT,5,win,4.03,1.24892,1.25120,1.23973,4.03,1,0,0,0,1,0,0,0,0,0,0,1,0,0,1,1
GBPUSD,2019-09-20,SHORT,5,win,3.72,1.24877,1.25120,1.23973,3.72,1,0,0,0,1,0,0,0,0,0,0,1,1,0,1,0
USDCHF,2019-09-23,LONG,7,loss,-1.00,0.98998,0.98892,0.99301,2.86,1,1,1,0,0,0,1,0,1,0,1,1,0,0,0,0
USDCHF,2019-09-24,LONG,7,loss,-1.00,0.98732,0.98539,0.99301,2.95,1,1,1,0,0,0,1,0,1,0,1,1,0,0,0,0
USDJPY,2019-09-26,SHORT,8,loss,-1.00,107.66600,107.79700,107.28500,2.91,1,0,0,0,1,1,1,0,1,0,0,1,0,0,1,1
USDJPY,2019-10-01,SHORT,4,win,5.51,108.35300,108.47500,107.68100,5.51,1,0,0,0,1,0,0,0,0,0,0,1,0,0,1,0
USDCHF,2019-10-01,LONG,6,win,3.19,0.99247,0.98978,1.00106,3.19,1,1,0,0,0,0,1,0,1,0,1,1,0,0,0,0
EURUSD,2019-10-02,SHORT,4,loss,-1.00,1.09497,1.09672,1.08879,3.53,1,0,0,0,1,0,0,0,0,0,1,1,0,0,0,0
GBPUSD,2019-10-02,SHORT,4,loss,-1.00,1.23114,1.23389,1.22412,2.55,1,0,0,0,1,0,1,0,0,0,0,1,0,0,0,0
EURUSD,2019-10-03,SHORT,4,loss,-1.00,1.09564,1.09672,1.09289,2.55,1,0,0,0,1,0,0,0,0,0,1,1,0,0,0,0
GBPUSD,2019-10-03,SHORT,5,loss,-1.00,1.23203,1.23458,1.22412,3.10,1,0,0,0,1,1,1,0,0,0,0,1,0,0,0,0
NZDUSD,2019-10-03,SHORT,5,loss,-1.00,0.63127,0.63267,0.62632,3.54,1,0,0,0,1,0,0,0,1,0,1,1,0,0,0,0
AUDUSD,2019-10-03,SHORT,5,loss,-1.00,0.67501,0.67755,0.66821,2.68,1,0,1,0,1,0,0,0,0,0,1,1,0,0,0,0
AUDUSD,2019-10-04,SHORT,7,win,3.11,0.67699,0.67791,0.67413,3.11,1,0,1,0,1,1,1,0,0,0,1,1,0,0,0,0
EURUSD,2019-10-07,SHORT,7,loss,-1.00,1.09869,1.09990,1.09444,3.51,1,0,0,0,1,0,1,1,0,0,1,1,0,0,1,0
USDCHF,2019-10-07,LONG,7,loss,-1.00,0.99422,0.99267,0.99899,3.08,1,1,1,0,0,0,1,0,0,0,1,1,0,1,0,0
EURUSD,2019-10-07,SHORT,8,win,2.57,1.09837,1.09990,1.09444,2.57,1,0,0,0,1,0,1,1,0,0,1,1,1,0,1,0
USDCHF,2019-10-08,LONG,6,win,5.40,0.99122,0.98978,0.99899,5.40,1,1,1,0,0,0,1,0,0,0,1,1,0,0,0,0
EURUSD,2019-10-08,SHORT,6,win,3.44,1.09878,1.10004,1.09444,3.44,1,0,0,0,1,0,1,0,0,0,1,1,0,0,1,0
AUDUSD,2019-10-10,SHORT,5,loss,-1.00,0.67612,0.67735,0.67280,2.70,1,0,0,0,1,0,1,0,0,0,1,1,0,0,0,0
NZDUSD,2019-10-10,SHORT,5,loss,-1.00,0.63282,0.63379,0.62876,4.19,1,0,0,0,1,0,0,0,1,0,1,1,0,0,0,0
GBPUSD,2019-10-10,SHORT,5,loss,-1.00,1.24549,1.25028,1.22319,4.66,1,0,0,0,1,1,0,0,1,0,1,0,0,0,0,0
EURUSD,2019-10-11,SHORT,6,loss,-1.00,1.10541,1.10735,1.09841,3.61,1,0,0,0,1,1,1,0,0,0,1,1,0,0,0,0
GBPUSD,2019-10-11,SHORT,4,loss,-1.00,1.26824,1.27345,1.24371,4.71,1,1,0,0,1,0,0,0,1,0,0,0,0,0,0,0
USDCAD,2019-10-11,LONG,5,loss,-1.00,1.31814,1.31333,1.33114,2.70,1,1,0,0,1,0,0,0,1,0,1,0,0,0,0,0
USDCAD,2019-10-11,LONG,7,loss,-1.00,1.32023,1.31764,1.32815,3.06,1,1,0,0,1,0,1,0,1,0,1,1,0,0,0,0
GBPUSD,2019-10-11,SHORT,4,loss,-1.00,1.26606,1.27345,1.24371,3.02,1,1,0,0,1,0,0,0,1,0,0,0,0,0,0,0
GBPUSD,2019-10-15,SHORT,3,loss,-1.00,1.27344,1.27836,1.25575,3.60,1,1,0,0,1,0,0,0,0,0,0,0,0,0,0,0
GBPUSD,2019-10-15,SHORT,2,loss,-1.00,1.27786,1.28137,1.26309,4.21,1,0,0,0,1,0,0,0,0,0,0,0,0,0,0,0
USDJPY,2019-10-16,SHORT,5,loss,-1.00,108.76700,108.89900,108.32800,3.33,1,1,0,0,1,0,0,0,0,1,0,1,0,0,0,0
USDJPY,2019-10-17,SHORT,6,win,2.66,108.74300,108.89900,108.32800,2.66,1,1,0,0,1,0,0,0,0,1,0,1,0,0,0,1
NZDUSD,2019-10-17,SHORT,5,loss,-1.00,0.63293,0.63537,0.62504,3.23,1,0,0,0,1,0,1,0,0,0,1,1,0,0,0,0
NZDUSD,2019-10-17,SHORT,6,loss,-1.00,0.63481,0.63619,0.63055,3.09,1,0,0,0,1,0,1,0,0,0,1,1,1,0,0,0
USDCHF,2019-10-18,LONG,6,loss,-1.00,0.98645,0.98435,0.99296,3.10,1,1,0,0,0,0,1,0,1,0,1,1,0,0,0,0
EURUSD,2019-10-18,SHORT,2,loss,-1.00,1.11430,1.11639,1.10773,3.14,1,0,0,0,1,0,0,0,0,0,0,0,0,0,0,0
USDCHF,2019-10-18,LONG,3,loss,-1.00,0.98555,0.98435,0.99296,6.17,1,0,0,0,0,0,0,0,1,0,1,0,0,0,0,0
AUDUSD,2019-10-18,SHORT,3,loss,-1.00,0.68448,0.68688,0.67836,2.55,1,0,0,0,1,0,0,0,0,0,1,0,0,0,0,0
GBPUSD,2019-10-18,SHORT,2,loss,-1.00,1.29425,1.29892,1.27049,5.09,1,0,0,0,1,0,0,0,0,0,0,0,0,0,0,0
EURUSD,2019-10-18,SHORT,2,win,2.90,1.11617,1.11908,1.10773,2.90,1,0,0,0,1,0,0,0,0,0,0,0,0,0,0,0
AUDUSD,2019-10-18,SHORT,2,loss,-1.00,0.68529,0.68688,0.67836,4.36,1,0,0,0,1,0,0,0,0,0,0,0,0,0,0,0
GBPUSD,2019-10-21,SHORT,3,win,2.60,1.30022,1.30407,1.29022,2.60,1,0,0,0,1,0,0,0,0,0,0,0,0,0,1,0
EURUSD,2019-10-21,SHORT,2,win,4.02,1.11682,1.11908,1.10773,4.02,1,0,0,0,1,0,0,0,0,0,0,0,0,0,0,0
AUDUSD,2019-10-21,SHORT,2,win,3.04,0.68791,0.68902,0.68454,3.04,1,0,0,0,1,0,0,0,0,0,0,0,0,0,0,0
EURUSD,2019-10-21,SHORT,3,win,3.51,1.11447,1.11639,1.10773,3.51,1,0,0,0,1,0,0,0,0,0,0,1,0,0,0,0
EURUSD,2019-10-21,SHORT,3,win,4.97,1.11494,1.11639,1.10773,4.97,1,0,0,0,1,0,0,0,0,0,0,1,0,0,0,0
USDJPY,2019-10-24,SHORT,8,loss,-1.00,108.63900,108.72700,108.37200,3.03,1,1,0,0,1,1,0,0,1,1,0,1,0,0,1,0
USDJPY,2019-10-24,SHORT,8,loss,-1.00,108.63000,108.72700,108.37200,2.66,1,1,0,0,1,1,0,0,1,1,0,1,0,0,1,0
USDJPY,2019-10-24,SHORT,8,loss,-1.00,108.64600,108.72700,108.37200,3.38,1,1,0,0,1,1,0,0,1,1,0,1,0,0,1,0
USDJPY,2019-10-25,SHORT,9,loss,-1.00,108.66300,108.75300,108.37200,3.23,1,1,0,0,1,1,0,1,1,1,0,1,0,0,1,0
AUDUSD,2019-10-29,SHORT,4,loss,-1.00,0.68513,0.68573,0.68192,5.35,1,0,0,0,1,0,0,0,1,0,0,1,0,0,0,0
USDCAD,2019-10-30,SHORT,3,loss,-1.00,1.30821,1.30928,1.30510,2.91,0,0,0,0,1,0,0,0,0,0,1,1,0,0,0,0
NZDUSD,2019-10-30,SHORT,6,loss,-1.00,0.63666,0.63752,0.63431,2.73,1,0,0,0,1,1,1,0,1,0,0,1,0,0,0,0
EURUSD,2019-10-30,SHORT,5,loss,-1.00,1.11439,1.11627,1.10816,3.31,1,0,0,0,1,1,0,0,1,0,0,1,0,0,0,0
NZDUSD,2019-10-31,SHORT,5,loss,-1.00,0.64119,0.64262,0.63757,2.53,1,0,0,0,1,1,0,0,1,0,0,1,0,0,0,0
AUDUSD,2019-10-31,SHORT,5,loss,-1.00,0.68876,0.68988,0.68554,2.87,1,0,0,0,1,0,0,0,1,0,0,1,1,0,0,0
NZDUSD,2019-10-31,SHORT,5,loss,-1.00,0.64130,0.64262,0.63757,2.83,1,0,0,0,1,1,0,0,1,0,0,1,0,0,0,0
EURUSD,2019-11-04,SHORT,5,win,3.86,1.11647,1.11755,1.11230,3.86,1,0,0,0,1,1,0,0,0,0,0,1,0,0,0,1
GBPUSD,2019-11-05,LONG,3,loss,-1.00,1.28654,1.28448,1.29215,2.72,0,0,0,0,1,0,0,0,0,0,1,1,0,0,0,0
USDJPY,2019-11-05,SHORT,6,win,4.88,109.22800,109.31800,108.78900,4.88,1,1,0,0,1,1,0,0,1,0,0,1,0,0,0,0
USDCAD,2019-11-06,SHORT,6,loss,-1.00,1.31787,1.31960,1.31289,2.88,0,1,0,0,1,0,1,0,1,0,1,1,0,0,0,0
GBPUSD,2019-11-06,LONG,4,loss,-1.00,1.28733,1.28587,1.29103,2.53,0,0,0,0,1,1,0,0,0,0,1,1,0,0,0,0
USDCAD,2019-11-06,SHORT,6,loss,-1.00,1.31838,1.31960,1.31289,4.50,0,1,0,0,1,0,1,0,1,0,1,1,0,0,0,0
USDCHF,2019-11-07,SHORT,9,loss,-1.00,0.99183,0.99398,0.98563,2.88,0,1,0,0,1,1,1,0,1,1,1,1,0,0,0,1
USDJPY,2019-11-07,SHORT,7,loss,-1.00,109.10900,109.24200,108.67400,3.27,1,1,0,0,1,1,0,0,1,0,0,1,0,0,1,0
USDCHF,2019-11-07,SHORT,8,loss,-1.00,0.99474,0.99698,0.98563,4.07,0,1,0,0,1,1,1,0,1,1,1,1,0,0,0,0
GBPUSD,2019-11-07,LONG,4,loss,-1.00,1.28225,1.28062,1.28850,3.83,0,0,0,0,1,1,0,0,0,0,1,1,0,0,0,0
USDCAD,2019-11-07,SHORT,6,loss,-1.00,1.31824,1.31960,1.31289,3.93,0,1,0,0,1,0,1,0,1,0,1,1,0,0,0,0
USDCAD,2019-11-08,SHORT,7,loss,-1.00,1.31904,1.32081,1.31289,3.47,0,1,0,0,1,1,1,0,1,0,1,1,0,0,0,0
GBPUSD,2019-11-08,LONG,4,loss,-1.00,1.28022,1.27880,1.28850,5.83,0,0,0,0,1,1,0,0,0,0,1,1,0,0,0,0
USDCAD,2019-11-08,SHORT,7,loss,-1.00,1.32146,1.32334,1.31289,4.56,0,1,0,0,1,1,1,0,1,0,1,1,0,0,0,0
USDCAD,2019-11-08,SHORT,7,loss,-1.00,1.32276,1.32392,1.31289,8.51,0,1,0,0,1,1,1,0,1,0,1,1,0,0,0,0
USDCAD,2019-11-11,SHORT,6,loss,-1.00,1.32284,1.32368,1.31906,4.50,0,1,1,0,1,0,1,0,0,0,1,1,0,0,0,0
EURUSD,2019-11-15,SHORT,5,loss,-1.00,1.10320,1.10430,1.09905,3.77,1,0,0,0,1,0,1,0,0,0,1,1,0,0,0,0
AUDUSD,2019-11-18,SHORT,5,loss,-1.00,0.68142,0.68218,0.67911,3.04,1,0,0,0,1,0,1,0,0,0,1,1,0,0,0,0
EURUSD,2019-11-19,SHORT,7,loss,-1.00,1.10805,1.10899,1.10176,6.69,1,0,0,0,1,1,1,1,0,0,1,1,0,0,0,0
EURUSD,2019-11-19,SHORT,7,loss,-1.00,1.10784,1.10899,1.10176,5.29,1,0,0,0,1,1,1,1,0,0,1,1,0,0,0,0
GBPUSD,2019-11-22,LONG,5,win,5.61,1.28303,1.28151,1.29156,5.61,0,0,0,0,1,1,0,0,0,1,1,1,0,0,0,0
GBPUSD,2019-11-22,LONG,5,win,5.61,1.28303,1.28151,1.29156,5.61,0,0,0,0,1,1,0,0,0,1,1,1,0,0,0,0
GBPUSD,2019-11-26,LONG,5,win,6.11,1.28362,1.28232,1.29156,6.11,0,0,0,0,1,1,0,0,0,1,1,1,0,0,0,0
USDCAD,2019-11-27,LONG,5,win,4.57,1.32646,1.32540,1.33130,4.57,1,1,0,0,0,0,1,0,0,0,1,1,0,0,0,0
USDJPY,2019-11-28,SHORT,4,loss,-1.00,109.53400,109.60900,109.11400,5.60,1,0,0,0,1,0,0,0,0,0,0,1,0,0,1,0
USDJPY,2019-11-28,SHORT,4,loss,-1.00,109.52100,109.60900,109.11400,4.63,1,0,0,0,1,0,0,0,0,0,0,1,0,0,1,0
NZDUSD,2019-11-29,SHORT,4,win,2.66,0.64304,0.64371,0.64126,2.66,1,0,0,0,1,0,0,0,1,0,0,1,0,0,0,0
USDJPY,2019-11-29,SHORT,5,loss,-1.00,109.49100,109.60900,109.11400,3.19,1,0,0,0,1,0,0,1,0,0,0,1,0,0,1,0
USDJPY,2019-11-29,SHORT,6,loss,-1.00,109.47200,109.60900,109.11400,2.61,1,0,0,0,1,0,0,1,0,0,0,1,1,0,1,0
USDCAD,2019-11-29,LONG,6,win,2.99,1.32732,1.32599,1.33130,2.99,1,1,0,0,0,0,1,0,1,0,1,1,0,0,0,0
EURUSD,2019-11-29,SHORT,8,loss,-1.00,1.10174,1.10256,1.09962,2.59,1,0,1,0,1,0,1,0,1,0,1,1,0,0,1,0
EURUSD,2019-12-02,SHORT,7,loss,-1.00,1.10707,1.10969,1.09962,2.84,1,0,0,0,1,1,1,0,1,0,1,1,0,0,0,0
USDCHF,2019-12-02,LONG,7,loss,-1.00,0.99152,0.98902,0.99997,3.38,1,1,0,0,1,0,1,0,0,1,1,1,0,0,0,0
EURUSD,2019-12-02,SHORT,7,loss,-1.00,1.10784,1.10969,1.10081,3.80,1,0,0,0,1,1,1,0,1,0,1,1,0,0,0,0
AUDUSD,2019-12-02,SHORT,5,loss,-1.00,0.68213,0.68345,0.67730,3.66,1,0,0,0,1,0,1,0,0,0,1,1,0,0,0,0
USDCHF,2019-12-03,LONG,7,loss,-1.00,0.98857,0.98680,0.99772,5.17,1,1,0,0,1,0,1,0,0,1,1,1,0,0,0,0
EURUSD,2019-12-03,SHORT,8,loss,-1.00,1.10749,1.10969,1.10081,3.04,1,0,0,0,1,1,1,0,0,0,1,1,1,0,0,1
EURUSD,2019-12-03,SHORT,6,loss,-1.00,1.10821,1.10969,1.10081,5.00,1,0,0,0,1,1,1,0,0,0,1,1,0,0,0,0
USDCHF,2019-12-03,LONG,4,loss,-1.00,0.98640,0.98484,0.99223,3.74,1,0,0,0,1,0,0,0,0,1,1,0,0,0,0,0
EURUSD,2019-12-03,SHORT,7,loss,-1.00,1.10811,1.10907,1.10081,7.60,1,0,0,0,1,1,1,0,0,0,1,1,1,0,0,0
EURUSD,2019-12-04,SHORT,6,loss,-1.00,1.10687,1.10907,1.10081,2.75,1,0,0,0,1,1,1,0,0,0,1,1,0,0,0,0
AUDUSD,2019-12-04,SHORT,5,win,3.11,0.68509,0.68617,0.68173,3.11,1,0,0,0,1,1,0,0,0,0,1,1,0,0,0,0
AUDUSD,2019-12-04,SHORT,5,win,3.27,0.68513,0.68617,0.68173,3.27,1,0,0,0,1,1,0,0,0,0,1,1,0,0,0,0
USDCAD,2019-12-04,LONG,6,loss,-1.00,1.31919,1.31596,1.32952,3.20,1,1,0,1,0,0,1,0,0,0,1,1,0,0,0,0
EURUSD,2019-12-04,SHORT,6,loss,-1.00,1.10744,1.10907,1.10081,4.07,1,0,0,0,1,1,1,0,0,0,1,1,0,0,0,0
USDCAD,2019-12-05,LONG,6,loss,-1.00,1.31789,1.31596,1.32809,5.28,1,1,0,1,0,0,1,0,0,0,1,1,0,0,0,0
EURUSD,2019-12-05,SHORT,5,loss,-1.00,1.10905,1.11161,1.10081,3.22,1,0,0,0,1,0,1,0,0,0,1,1,0,0,0,0
USDCAD,2019-12-05,LONG,8,loss,-1.00,1.31834,1.31596,1.32809,4.10,1,1,0,1,0,0,1,0,0,0,1,1,1,0,0,1
EURUSD,2019-12-05,SHORT,4,loss,-1.00,1.10927,1.11161,1.10081,3.62,1,0,0,0,1,0,1,0,0,0,0,1,0,0,0,0
USDCAD,2019-12-05,LONG,6,loss,-1.00,1.31729,1.31596,1.32809,8.12,1,1,0,1,0,0,1,0,0,0,1,1,0,0,0,0
EURUSD,2019-12-05,SHORT,4,loss,-1.00,1.11002,1.11161,1.10081,5.79,1,0,0,0,1,0,1,0,0,0,0,1,0,0,0,0
USDCAD,2019-12-06,LONG,6,loss,-1.00,1.31749,1.31581,1.32809,6.31,1,1,0,1,0,0,1,0,0,0,1,1,0,0,0,0
USDJPY,2019-12-06,LONG,7,win,3.28,108.58300,108.42700,109.09500,3.28,0,1,0,0,1,0,1,0,0,1,1,1,0,0,1,0
AUDUSD,2019-12-06,SHORT,6,win,2.83,0.68496,0.68617,0.68153,2.83,1,0,0,0,1,0,1,1,0,0,1,1,0,0,0,0
USDJPY,2019-12-06,LONG,7,win,4.14,108.55700,108.42700,109.09500,4.14,0,1,0,0,1,0,1,0,0,1,1,1,0,0,1,0
USDCAD,2019-12-10,LONG,6,loss,-1.00,1.32308,1.32222,1.32599,3.38,1,1,0,1,0,0,1,0,0,0,1,1,0,0,0,0
NZDUSD,2019-12-11,SHORT,4,loss,-1.00,0.65625,0.65758,0.65247,2.84,1,1,0,0,1,0,0,0,0,0,0,1,0,0,0,0
AUDUSD,2019-12-11,SHORT,5,loss,-1.00,0.68513,0.68617,0.68135,3.63,1,0,0,0,1,0,1,0,1,0,0,1,0,0,0,0
AUDUSD,2019-12-11,SHORT,3,loss,-1.00,0.68883,0.69129,0.68192,2.81,1,0,0,0,1,0,0,0,1,0,0,0,0,0,0,0
GBPUSD,2019-12-12,LONG,5,win,3.04,1.31348,1.31067,1.32202,3.04,0,0,0,0,1,1,0,0,0,0,1,1,1,0,0,0
NZDUSD,2019-12-13,SHORT,2,win,2.69,0.66197,0.66340,0.65813,2.69,1,0,0,0,1,0,0,0,0,0,0,0,0,0,0,0
EURUSD,2019-12-13,SHORT,6,win,4.01,1.11753,1.11908,1.11131,4.01,1,1,0,0,1,0,0,0,1,1,0,1,0,0,0,0
GBPUSD,2019-12-18,LONG,4,loss,-1.00,1.30974,1.30503,1.32534,3.31,0,0,0,0,1,0,0,0,1,0,1,1,0,0,0,0
GBPUSD,2019-12-20,LONG,6,loss,-1.00,1.30145,1.29897,1.30974,3.34,0,0,0,0,1,1,1,0,1,0,1,0,0,0,1,0
AUDUSD,2019-12-23,SHORT,6,loss,-1.00,0.69270,0.69383,0.68525,6.59,1,1,0,0,1,1,0,0,1,0,0,1,0,0,0,0
USDCAD,2019-12-23,SHORT,7,win,3.51,1.31714,1.31809,1.31381,3.51,0,1,0,0,1,1,1,1,0,0,1,1,0,0,0,0
GBPUSD,2019-12-23,LONG,5,win,3.38,1.29239,1.28959,1.30184,3.38,0,0,0,0,1,1,1,0,1,0,1,0,0,0,0,0
USDJPY,2019-12-24,LONG,8,loss,-1.00,109.39600,109.33900,109.57300,3.11,0,1,0,0,1,0,1,0,0,1,1,1,1,0,1,0
USDJPY,2020-01-03,LONG,3,loss,-1.00,108.02800,107.88700,108.54300,3.65,0,0,0,0,1,0,0,0,0,0,1,0,0,0,1,0
EURUSD,2020-01-06,SHORT,5,win,3.44,1.12032,1.12245,1.11300,3.44,1,1,0,0,1,1,0,0,0,0,0,1,0,0,0,0
NZDUSD,2020-01-07,LONG,5,loss,-1.00,0.66329,0.66200,0.66752,3.28,0,0,1,0,1,1,0,0,0,0,1,1,0,0,0,0
NZDUSD,2020-01-08,LONG,6,loss,-1.00,0.66335,0.66200,0.66701,2.71,0,0,1,0,1,1,0,1,0,0,1,1,0,0,0,0
NZDUSD,2020-01-09,LONG,5,win,2.82,0.66037,0.65884,0.66469,2.82,0,1,1,0,1,0,0,0,0,0,1,1,0,0,0,0
USDJPY,2020-01-09,SHORT,6,loss,-1.00,109.54000,109.70700,109.03700,3.01,1,0,0,1,0,1,0,0,0,0,1,1,0,0,1,0
USDJPY,2020-01-09,SHORT,6,loss,-1.00,109.51100,109.68400,109.03700,2.74,1,0,0,1,0,1,0,0,0,0,1,1,0,0,1,0
USDJPY,2020-01-10,SHORT,8,loss,-1.00,109.56100,109.68400,109.03700,4.26,1,0,0,1,0,1,0,1,0,0,1,1,0,0,1,1
NZDUSD,2020-01-20,LONG,5,loss,-1.00,0.65974,0.65835,0.66464,3.53,0,1,0,0,1,0,1,0,0,0,1,1,0,0,0,0
GBPUSD,2020-01-22,SHORT,3,loss,-1.00,1.30949,1.31184,1.30064,3.77,1,0,0,0,0,0,0,0,0,0,1,1,0,0,0,0
USDJPY,2020-01-27,LONG,7,loss,-1.00,108.92100,108.73100,109.61100,3.63,0,1,0,0,1,0,1,0,0,0,1,1,1,0,1,0
USDJPY,2020-01-28,LONG,6,loss,-1.00,108.89300,108.73100,109.61100,4.43,0,1,0,0,1,0,1,0,0,0,1,1,0,0,1,0
GBPUSD,2020-01-28,LONG,7,win,3.43,1.29836,1.29617,1.30588,3.43,0,0,0,0,1,1,1,0,0,1,1,1,0,0,1,0
USDCHF,2020-01-29,SHORT,4,loss,-1.00,0.97499,0.97621,0.97089,3.36,0,0,0,0,1,0,1,0,0,0,1,1,0,0,0,0
USDCHF,2020-01-29,SHORT,5,win,3.22,0.97495,0.97621,0.97089,3.22,0,0,0,0,1,0,1,0,0,0,1,1,1,0,0,0
EURUSD,2020-01-31,SHORT,6,win,3.18,1.10894,1.11087,1.10280,3.18,1,0,0,0,1,1,1,0,0,0,1,1,0,0,0,0
GBPUSD,2020-02-03,LONG,8,loss,-1.00,1.30124,1.29773,1.31577,4.14,0,0,0,0,1,1,1,0,1,1,1,1,0,0,1,0
GBPUSD,2020-02-03,LONG,8,loss,-1.00,1.29980,1.29773,1.31430,7.00,0,0,0,0,1,1,1,0,1,1,1,1,0,0,1,0
GBPUSD,2020-02-04,LONG,9,loss,-1.00,1.30132,1.29773,1.31430,3.62,0,0,0,0,1,1,1,1,1,1,1,1,0,0,1,0
USDJPY,2020-02-04,SHORT,6,loss,-1.00,109.50000,109.65300,108.93900,3.67,1,1,0,0,0,0,1,0,0,0,1,1,0,0,1,0
GBPUSD,2020-02-05,LONG,8,loss,-1.00,1.29836,1.29410,1.31430,3.74,0,0,0,0,1,1,1,0,1,1,1,1,0,0,1,0
GBPUSD,2020-02-11,SHORT,3,loss,-1.00,1.29295,1.29459,1.28743,3.37,1,0,0,0,0,0,0,0,0,0,1,1,0,0,0,0
NZDUSD,2020-02-12,SHORT,6,win,3.93,0.64818,0.65027,0.63996,3.93,1,0,0,0,0,1,0,1,0,0,1,1,0,0,1,0
AUDUSD,2020-02-13,SHORT,5,win,2.96,0.67318,0.67498,0.66786,2.96,1,0,0,0,1,0,0,0,1,0,1,1,0,0,0,0
GBPUSD,2020-02-13,SHORT,6,win,4.77,1.30538,1.30697,1.29780,4.77,1,0,0,0,0,1,1,0,0,0,1,1,1,0,0,0
USDCAD,2020-02-21,LONG,5,win,2.69,1.32086,1.31900,1.32586,2.69,1,1,0,0,0,0,1,0,0,0,1,1,0,0,0,0
USDJPY,2020-02-25,LONG,6,loss,-1.00,110.13600,109.65700,111.54000,2.93,0,0,0,0,1,1,1,0,0,0,1,1,0,0,1,0
GBPUSD,2020-02-25,SHORT,6,win,3.84,1.30156,1.30486,1.28890,3.84,1,0,0,0,0,1,1,0,0,0,1,1,0,0,1,0
USDCHF,2020-02-25,LONG,6,loss,-1.00,0.97595,0.97407,0.98076,2.56,1,0,0,0,0,1,1,0,0,1,1,1,0,0,0,0
USDJPY,2020-02-25,LONG,6,loss,-1.00,110.09200,109.65700,111.54000,3.33,0,0,0,0,1,1,1,0,0,0,1,1,0,0,1,0
USDJPY,2020-02-26,LONG,4,loss,-1.00,110.20300,109.89000,111.54000,4.27,0,0,0,0,1,0,1,0,0,0,1,1,0,0,0,0
USDJPY,2020-02-28,LONG,3,loss,-1.00,107.92900,107.65100,109.61900,6.08,0,0,0,0,1,0,0,0,0,0,1,0,0,0,1,0
EURUSD,2020-03-02,SHORT,5,loss,-1.00,1.11638,1.12055,1.10523,2.67,1,1,0,1,1,0,0,0,0,0,1,0,0,0,0,0
EURUSD,2020-03-03,SHORT,4,loss,-1.00,1.11796,1.12055,1.10523,4.92,1,1,0,1,1,0,0,0,0,0,0,0,0,0,0,0
NZDUSD,2020-03-03,SHORT,4,loss,-1.00,0.63161,0.63580,0.62073,2.60,1,0,0,0,1,0,0,0,0,0,1,1,0,0,0,0
EURUSD,2020-03-05,SHORT,4,loss,-1.00,1.11877,1.12134,1.11230,2.52,1,1,0,1,1,0,0,0,0,0,0,0,0,0,0,0
EURUSD,2020-03-05,SHORT,4,loss,-1.00,1.12004,1.12245,1.11230,3.21,1,1,0,1,1,0,0,0,0,0,0,0,0,0,0,0
EURUSD,2020-03-06,SHORT,3,loss,-1.00,1.13323,1.13933,1.11230,3.43,1,0,0,1,1,0,0,0,0,0,0,0,0,0,0,0
GBPUSD,2020-03-06,SHORT,5,loss,-1.00,1.30104,1.30486,1.28694,3.69,1,0,0,0,0,1,1,0,0,0,1,0,0,0,1,0
GBPUSD,2020-03-06,SHORT,4,loss,-1.00,1.30287,1.30486,1.28694,8.01,1,0,0,0,0,1,1,0,0,0,1,0,0,0,0,0
GBPUSD,2020-03-06,SHORT,5,loss,-1.00,1.30136,1.30486,1.28694,4.12,1,0,0,0,0,1,1,0,0,0,1,0,0,0,1,0
NZDUSD,2020-03-09,SHORT,5,win,4.18,0.64092,0.64472,0.62505,4.18,1,0,0,0,1,1,1,0,0,0,1,0,0,0,0,0
AUDUSD,2020-03-09,SHORT,4,win,2.58,0.66550,0.67072,0.65203,2.58,1,0,0,0,1,0,1,0,0,0,1,0,0,0,0,0
EURUSD,2020-03-09,SHORT,4,win,4.68,1.14518,1.14884,1.12804,4.68,1,0,0,1,1,0,0,1,0,0,0,0,0,0,0,0
USDCHF,2020-03-12,SHORT,2,loss,-1.00,0.95392,0.95968,0.93292,3.65,0,0,0,0,1,0,0,0,0,0,1,0,0,0,0,0
USDJPY,2020-03-12,SHORT,6,loss,-1.00,105.32800,105.91900,103.67100,2.80,1,0,0,0,1,1,0,0,0,0,1,1,0,0,1,0
USDJPY,2020-03-13,SHORT,4,loss,-1.00,106.89000,107.74200,104.66500,2.61,1,0,0,0,1,0,0,0,0,0,1,0,0,0,1,0
USDJPY,2020-03-13,SHORT,4,loss,-1.00,107.13200,107.74200,104.94100,3.59,1,0,0,0,1,0,0,0,0,0,1,0,0,0,1,0
USDCHF,2020-03-18,SHORT,3,loss,-1.00,0.97279,0.97785,0.95856,2.81,0,0,0,0,1,1,0,0,0,0,1,0,0,0,0,0
USDCHF,2020-03-19,SHORT,3,loss,-1.00,0.98007,0.98484,0.96106,3.99,0,1,0,0,1,0,0,0,0,0,1,0,0,0,0,0
USDCHF,2020-03-19,SHORT,3,win,2.98,0.98597,0.99175,0.96876,2.98,0,1,0,0,1,0,0,0,0,0,1,0,0,0,0,0
USDCHF,2020-03-20,SHORT,3,loss,-1.00,0.98357,0.98759,0.96876,3.68,0,1,0,0,1,0,0,0,0,0,1,0,0,0,0,0
USDCHF,2020-03-20,SHORT,2,win,2.73,0.98751,0.99175,0.97592,2.73,0,0,0,0,1,0,0,0,0,0,1,0,0,0,0,0
AUDUSD,2020-03-24,SHORT,4,loss,-1.00,0.59307,0.59850,0.57903,2.59,1,0,0,0,1,0,0,0,0,0,1,1,0,0,0,0
USDCAD,2020-03-25,LONG,5,loss,-1.00,1.42001,1.41486,1.43957,3.80,1,0,0,0,1,1,0,0,0,0,1,1,0,0,0,0
AUDUSD,2020-03-30,SHORT,4,loss,-1.00,0.61689,0.61998,0.60580,3.59,1,0,0,0,1,1,0,0,0,0,1,0,0,0,0,0
GBPUSD,2020-04-02,SHORT,6,win,2.51,1.24281,1.24725,1.23167,2.51,1,0,0,0,1,0,0,1,1,0,1,0,0,1,0,0
USDJPY,2020-04-03,SHORT,7,loss,-1.00,108.49100,108.72700,107.04400,6.13,1,1,0,0,1,0,1,0,0,0,1,1,0,0,1,0
USDCHF,2020-04-06,SHORT,4,loss,-1.00,0.97776,0.97952,0.97328,2.55,1,1,0,0,1,0,0,1,0,0,0,0,0,0,0,0
AUDUSD,2020-04-07,SHORT,6,loss,-1.00,0.61888,0.62131,0.61125,3.14,1,0,0,0,1,1,0,0,1,0,1,0,1,0,0,0
AUDUSD,2020-04-07,SHORT,6,loss,-1.00,0.61853,0.62131,0.61125,2.62,1,0,0,0,1,1,0,0,1,0,1,0,1,0,0,0
USDCAD,2020-04-07,LONG,6,loss,-1.00,1.39718,1.39206,1.41119,2.74,1,0,0,0,1,1,0,0,1,0,1,0,0,1,0,0
AUDUSD,2020-04-07,SHORT,5,loss,-1.00,0.61866,0.62131,0.61125,2.80,1,0,0,0,1,1,0,0,1,0,1,0,0,0,0,0
GBPUSD,2020-04-09,SHORT,5,loss,-1.00,1.24541,1.24851,1.23094,4.67,1,0,0,0,1,1,1,0,0,0,1,0,0,0,0,0
USDCAD,2020-04-23,LONG,6,loss,-1.00,1.40292,1.39963,1.42184,5.75,1,0,0,0,1,1,0,0,1,0,1,1,0,0,0,0
USDCAD,2020-04-24,LONG,4,loss,-1.00,1.40473,1.39996,1.41704,2.58,1,0,0,0,1,0,0,0,0,0,1,1,0,0,0,0
AUDUSD,2020-04-24,SHORT,3,loss,-1.00,0.63888,0.64061,0.63329,3.23,1,0,0,0,1,0,0,0,1,0,0,0,0,0,0,0
EURUSD,2020-04-27,SHORT,5,loss,-1.00,1.08548,1.08852,1.07406,3.76,1,0,0,0,1,0,0,1,0,0,1,1,0,0,0,0
EURUSD,2020-04-27,SHORT,5,loss,-1.00,1.08285,1.08466,1.07406,4.86,1,0,0,0,1,0,0,1,0,0,1,1,0,0,0,0
EURUSD,2020-04-27,SHORT,5,loss,-1.00,1.08291,1.08466,1.07406,5.06,1,0,0,0,1,0,0,1,0,0,1,1,0,0,0,0
GBPUSD,2020-04-28,SHORT,8,win,3.03,1.24955,1.25219,1.24156,3.03,1,0,0,0,1,1,1,0,0,0,1,1,0,1,1,0
NZDUSD,2020-04-28,SHORT,6,loss,-1.00,0.60607,0.60749,0.60028,4.08,1,0,1,0,1,0,1,0,0,0,1,1,0,0,0,0
NZDUSD,2020-04-28,SHORT,7,loss,-1.00,0.60597,0.60749,0.60028,3.74,1,0,1,0,1,0,1,0,0,0,1,1,1,0,0,0
NZDUSD,2020-04-29,SHORT,4,loss,-1.00,0.61031,0.61303,0.60028,3.69,1,0,1,0,1,0,0,0,0,0,1,0,0,0,0,0
USDCAD,2020-04-29,LONG,6,loss,-1.00,1.38821,1.38551,1.39897,3.99,1,0,1,0,1,1,1,0,0,0,1,0,0,0,0,0
GBPUSD,2020-04-30,SHORT,3,win,3.14,1.26023,1.26470,1.24619,3.14,1,0,0,0,1,1,0,0,0,0,0,0,0,0,0,0
EURUSD,2020-04-30,SHORT,4,loss,-1.00,1.09561,1.09907,1.08630,2.69,1,0,0,0,1,0,1,0,0,0,1,0,0,0,0,0
USDCHF,2020-05-06,SHORT,6,loss,-1.00,0.97449,0.97674,0.96563,3.94,1,1,0,0,1,1,0,0,0,1,0,1,0,0,0,0
USDCHF,2020-05-06,SHORT,6,loss,-1.00,0.97524,0.97674,0.96563,6.41,1,1,0,0,1,1,0,0,0,1,0,1,0,0,0,0
USDCHF,2020-05-07,SHORT,8,win,4.34,0.97466,0.97674,0.96563,4.34,1,1,0,0,1,1,0,0,0,1,0,1,1,0,0,1
USDCHF,2020-05-07,SHORT,7,loss,-1.00,0.97322,0.97585,0.96563,2.89,1,1,0,0,1,1,1,0,0,1,0,1,0,0,0,0
AUDUSD,2020-05-13,SHORT,4,win,2.93,0.65157,0.65360,0.64563,2.93,1,0,0,0,1,0,0,0,0,0,0,1,0,0,1,0
USDCHF,2020-05-14,SHORT,8,win,3.77,0.97352,0.97496,0.96809,3.77,1,1,0,0,1,1,1,0,1,1,0,1,0,0,0,0
USDCHF,2020-05-15,SHORT,7,win,2.63,0.97345,0.97549,0.96809,2.63,1,1,0,0,1,0,1,0,1,1,0,1,0,0,0,0
USDCAD,2020-05-18,LONG,7,loss,-1.00,1.40417,1.40182,1.41030,2.61,1,0,0,0,1,0,1,0,1,0,1,1,0,1,0,0
AUDUSD,2020-05-18,SHORT,4,loss,-1.00,0.65115,0.65360,0.64414,2.86,1,0,0,0,1,0,0,0,1,0,0,0,0,0,1,0
GBPUSD,2020-05-18,SHORT,6,loss,-1.00,1.22078,1.22385,1.21073,3.27,1,0,0,0,1,1,0,0,0,1,1,1,0,0,0,0
AUDUSD,2020-05-19,SHORT,4,loss,-1.00,0.65405,0.65611,0.64449,4.64,1,0,0,0,1,1,0,0,1,0,0,0,0,0,0,0
NZDUSD,2020-05-19,SHORT,4,loss,-1.00,0.61029,0.61231,0.60391,3.16,1,0,0,0,1,0,0,0,1,0,1,0,0,0,0,0
USDJPY,2020-05-19,SHORT,8,win,3.29,107.88400,108.04200,107.36400,3.29,1,0,0,0,1,0,1,0,1,1,1,1,0,0,1,0
USDCAD,2020-05-19,LONG,5,win,2.92,1.38799,1.38498,1.39677,2.92,1,0,0,0,1,1,0,0,1,0,1,0,0,0,0,0
AUDUSD,2020-05-19,SHORT,5,loss,-1.00,0.65342,0.65611,0.64449,3.32,1,0,0,0,1,1,0,0,1,0,0,0,0,0,0,1
NZDUSD,2020-05-20,SHORT,5,loss,-1.00,0.61378,0.61558,0.60797,3.23,1,0,0,0,1,1,0,0,1,0,1,0,0,0,0,0
EURUSD,2020-05-20,SHORT,5,loss,-1.00,1.09640,1.10187,1.08200,2.63,1,0,0,0,1,1,0,0,0,1,1,0,0,0,0,0
EURUSD,2020-05-20,SHORT,5,loss,-1.00,1.09793,1.10187,1.08200,4.04,1,0,0,0,1,1,0,0,0,1,1,0,0,0,0,0
EURUSD,2020-05-20,SHORT,6,loss,-1.00,1.09812,1.10187,1.08200,4.30,1,0,0,0,1,1,0,0,0,1,1,0,0,0,1,0
EURUSD,2020-05-21,SHORT,5,loss,-1.00,1.09936,1.10187,1.08200,6.92,1,0,0,0,1,1,0,0,0,1,0,0,0,0,1,0
EURUSD,2020-05-21,SHORT,6,loss,-1.00,1.09515,1.09759,1.08200,5.39,1,0,0,0,1,1,0,0,0,1,0,1,0,0,0,1
EURUSD,2020-05-21,SHORT,6,loss,-1.00,1.09495,1.09759,1.08200,4.91,1,0,0,0,1,1,0,0,0,1,0,1,1,0,0,0
EURUSD,2020-05-26,SHORT,4,loss,-1.00,1.09783,1.10083,1.09015,2.56,1,0,0,0,1,1,0,0,0,0,0,1,0,0,0,0
GBPUSD,2020-05-26,SHORT,4,loss,-1.00,1.23379,1.23778,1.22015,3.42,1,0,0,0,1,0,1,0,0,0,1,0,0,0,0,0
GBPUSD,2020-05-26,SHORT,5,win,2.77,1.23349,1.23778,1.22160,2.77,1,0,0,0,1,0,1,0,0,0,1,0,1,0,0,0
USDCAD,2020-05-27,LONG,3,loss,-1.00,1.37464,1.37071,1.39460,5.08,1,0,0,0,1,0,0,0,1,0,0,0,0,0,0,0
USDCAD,2020-05-27,LONG,4,loss,-1.00,1.37877,1.37296,1.39460,2.72,1,0,0,0,1,0,0,0,1,0,0,0,0,0,0,1
EURUSD,2020-05-27,SHORT,4,loss,-1.00,1.09973,1.10187,1.09180,3.71,1,0,0,0,1,0,0,0,0,0,0,1,0,0,1,0
USDCAD,2020-05-27,LONG,3,loss,-1.00,1.37583,1.37296,1.39460,6.54,1,0,0,0,1,0,0,0,1,0,0,0,0,0,0,0
AUDUSD,2020-05-28,SHORT,3,loss,-1.00,0.66632,0.66846,0.65895,3.44,1,1,0,0,1,0,0,0,0,0,0,0,0,0,0,0
AUDUSD,2020-05-29,SHORT,3,loss,-1.00,0.66671,0.66846,0.66093,3.30,1,1,0,0,1,0,0,0,0,0,0,0,0,0,0,0
USDJPY,2020-05-29,SHORT,8,loss,-1.00,107.83700,108.08800,107.14800,2.75,1,0,1,0,1,1,1,0,1,0,0,1,0,0,1,0
USDJPY,2020-06-01,SHORT,4,loss,-1.00,107.73200,107.94700,107.14800,2.72,1,0,0,0,1,0,1,0,0,0,0,1,0,0,0,0
AUDUSD,2020-06-02,SHORT,2,loss,-1.00,0.68509,0.68785,0.67369,4.13,1,0,0,0,1,0,0,0,0,0,0,0,0,0,0,0
NZDUSD,2020-06-02,SHORT,3,loss,-1.00,0.63191,0.63423,0.62340,3.67,1,1,0,0,1,0,0,0,0,0,0,0,0,0,0,0
USDJPY,2020-06-02,SHORT,6,loss,-1.00,107.90400,108.08800,107.14800,4.11,1,1,0,0,1,0,1,0,0,0,0,1,0,0,1,0
USDJPY,2020-06-02,SHORT,4,loss,-1.00,108.59400,109.10200,107.14800,2.85,1,1,0,0,1,0,0,0,0,0,0,0,0,0,1,0
USDJPY,2020-06-03,SHORT,4,loss,-1.00,108.88100,109.10200,107.90500,4.42,1,1,0,0,1,0,0,0,0,0,0,0,0,0,1,0
GBPUSD,2020-06-04,SHORT,2,loss,-1.00,1.25682,1.26149,1.23889,3.84,1,0,0,0,1,0,0,0,0,0,0,0,0,0,0,0
GBPUSD,2020-06-04,SHORT,3,loss,-1.00,1.26063,1.26429,1.25051,2.77,1,1,0,0,1,0,0,0,0,0,0,0,0,0,0,0
USDCAD,2020-06-08,LONG,2,loss,-1.00,1.34089,1.33793,1.35025,3.16,1,0,0,0,1,0,0,0,0,0,0,0,0,0,0,0
USDJPY,2020-06-15,SHORT,6,loss,-1.00,107.33400,107.56700,106.67500,2.83,1,0,0,0,1,0,1,0,0,0,1,1,0,0,1,0
USDJPY,2020-06-16,SHORT,7,loss,-1.00,107.32300,107.56700,106.67500,2.66,1,0,0,0,1,0,1,0,0,0,1,1,1,0,1,0
USDJPY,2020-06-16,SHORT,6,win,3.21,107.35500,107.56700,106.67500,3.21,1,0,0,0,1,0,1,0,0,0,1,1,0,0,1,0
AUDUSD,2020-06-18,LONG,4,loss,-1.00,0.68667,0.68333,0.69622,2.86,0,0,1,0,1,0,0,0,0,0,1,1,0,0,0,0
USDCHF,2020-06-18,SHORT,7,loss,-1.00,0.95142,0.95287,0.94777,2.52,1,0,1,0,1,1,0,0,0,0,1,1,0,0,1,0
NZDUSD,2020-06-22,SHORT,4,loss,-1.00,0.64597,0.64786,0.63983,3.25,1,0,0,0,1,1,0,0,0,0,0,1,0,0,0,0
NZDUSD,2020-06-22,SHORT,5,loss,-1.00,0.64832,0.65061,0.64209,2.72,1,0,0,0,1,1,0,0,0,0,0,1,0,0,1,0
EURUSD,2020-06-25,LONG,5,win,3.12,1.11961,1.11680,1.12839,3.12,0,0,0,0,1,1,0,0,1,0,1,1,0,0,0,0
NZDUSD,2020-06-26,LONG,6,loss,-1.00,0.64171,0.63985,0.64704,2.87,0,0,1,0,1,1,0,0,1,0,1,1,0,0,0,0
USDCHF,2020-06-29,SHORT,6,loss,-1.00,0.95156,0.95303,0.94566,4.01,1,0,0,0,1,1,0,0,0,0,1,1,0,0,1,0
USDJPY,2020-06-30,SHORT,8,loss,-1.00,107.75900,107.88400,107.19300,4.53,1,1,0,0,1,1,1,1,0,0,1,1,0,0,0,0
EURUSD,2020-06-30,LONG,5,win,3.19,1.11944,1.11680,1.12785,3.19,0,0,0,0,1,1,0,0,1,0,1,1,0,0,0,0
USDCHF,2020-06-30,SHORT,7,win,3.64,0.95144,0.95303,0.94566,3.64,1,0,0,0,1,1,0,0,0,0,1,1,0,0,1,1
GBPUSD,2020-07-01,SHORT,5,loss,-1.00,1.24729,1.25425,1.22771,2.81,1,0,0,0,1,0,1,0,0,0,1,1,0,0,0,0
USDCAD,2020-07-02,LONG,5,loss,-1.00,1.35739,1.35453,1.36830,3.81,1,1,0,0,1,0,0,0,1,0,0,1,0,0,0,0
USDCAD,2020-07-08,LONG,6,win,3.51,1.35090,1.34854,1.35919,3.51,1,1,0,0,1,1,0,0,0,0,0,1,0,0,1,0
GBPUSD,2020-07-09,SHORT,3,win,2.59,1.26511,1.26871,1.25580,2.59,1,1,0,0,1,0,0,0,0,0,0,0,0,0,0,0
GBPUSD,2020-07-10,SHORT,3,win,2.70,1.26522,1.26871,1.25580,2.70,1,1,0,0,1,0,0,0,0,0,0,0,0,0,0,0
USDCHF,2020-07-13,SHORT,5,loss,-1.00,0.94208,0.94310,0.93953,2.50,1,0,0,0,1,1,0,0,0,0,1,1,0,0,0,0
USDCHF,2020-07-15,SHORT,5,loss,-1.00,0.94393,0.94527,0.93748,4.81,1,0,0,0,1,1,0,0,0,0,1,1,0,0,0,0
USDCAD,2020-07-15,LONG,9,win,3.22,1.35129,1.34906,1.35848,3.22,1,1,1,0,1,1,0,0,1,1,0,1,0,0,1,0
USDCHF,2020-07-15,SHORT,5,win,3.63,0.94496,0.94702,0.93748,3.63,1,0,0,0,1,1,0,0,0,0,1,1,0,0,0,0
USDCHF,2020-07-16,SHORT,5,win,4.33,0.94523,0.94702,0.93748,4.33,1,0,0,0,1,1,0,0,0,0,1,1,0,0,0,0
USDCHF,2020-07-16,SHORT,5,loss,-1.00,0.94325,0.94527,0.93748,2.86,1,0,0,0,1,1,0,0,0,0,1,1,0,0,0,0
USDCHF,2020-07-16,SHORT,5,win,5.15,0.94547,0.94702,0.93748,5.15,1,0,0,0,1,1,0,0,0,0,1,1,0,0,0,0
GBPUSD,2020-07-20,SHORT,5,loss,-1.00,1.26566,1.26871,1.25537,3.37,1,1,0,0,1,0,0,0,1,0,0,1,0,0,0,0
GBPUSD,2020-07-20,SHORT,5,loss,-1.00,1.26572,1.26871,1.25741,2.78,1,1,0,0,1,0,0,0,1,0,0,1,0,0,0,0
GBPUSD,2020-07-22,SHORT,2,loss,-1.00,1.27280,1.27679,1.25741,3.86,1,0,0,0,1,0,0,0,0,0,0,0,0,0,0,0
GBPUSD,2020-07-22,SHORT,2,win,2.52,1.27415,1.27679,1.26750,2.52,1,0,0,0,1,0,0,0,0,0,0,0,0,0,0,0
GBPUSD,2020-07-24,SHORT,2,loss,-1.00,1.27890,1.28127,1.26899,4.18,1,0,0,0,1,0,0,0,0,0,0,0,0,0,0,0
USDCAD,2020-07-30,SHORT,4,win,3.20,1.34492,1.34827,1.33419,3.20,0,0,0,0,1,1,0,0,0,0,1,1,0,0,0,0
EURUSD,2020-08-03,LONG,5,loss,-1.00,1.17252,1.16987,1.18397,4.32,0,0,1,0,1,1,0,0,0,0,1,1,0,0,0,0
USDJPY,2020-08-04,SHORT,7,loss,-1.00,106.11700,106.47100,104.44600,4.72,1,0,1,0,1,0,0,0,0,1,1,1,0,0,1,0
NZDUSD,2020-08-04,LONG,4,loss,-1.00,0.66061,0.65750,0.66914,2.74,0,0,0,0,1,1,0,0,0,0,1,1,0,0,0,0
USDJPY,2020-08-05,SHORT,7,loss,-1.00,105.72900,106.19400,104.44600,2.76,1,0,1,0,1,0,0,1,0,1,1,1,0,0,0,0
NZDUSD,2020-08-07,LONG,3,loss,-1.00,0.66053,0.65889,0.66658,3.69,0,0,0,0,1,0,0,0,0,0,1,1,0,0,0,0
USDCAD,2020-08-07,SHORT,4,win,3.46,1.33935,1.34202,1.33010,3.46,0,0,0,0,1,0,0,0,1,0,1,1,0,0,0,0
NZDUSD,2020-08-07,LONG,3,loss,-1.00,0.66021,0.65889,0.66656,4.81,0,0,0,0,1,0,0,0,0,0,1,1,0,0,0,0
AUDUSD,2020-08-11,LONG,5,loss,-1.00,0.71534,0.71397,0.72211,4.94,0,0,1,0,1,0,0,0,1,0,1,1,0,0,0,0
EURUSD,2020-08-19,LONG,4,loss,-1.00,1.18456,1.18286,1.19372,5.39,0,0,0,0,1,0,0,0,1,0,1,1,0,0,0,0
EURUSD,2020-08-20,LONG,5,loss,-1.00,1.18495,1.18286,1.19346,4.07,0,0,0,0,1,1,0,0,1,0,1,1,0,0,0,0
AUDUSD,2020-08-20,LONG,6,win,3.31,0.71630,0.71316,0.72670,3.31,0,0,0,0,1,1,0,1,1,0,1,1,0,0,0,0
NZDUSD,2020-08-20,LONG,5,win,3.26,0.65162,0.65009,0.65661,3.26,0,0,0,0,1,1,1,0,0,0,1,0,0,0,1,0
AUDUSD,2020-08-21,LONG,5,win,3.90,0.71622,0.71353,0.72670,3.90,0,0,0,0,1,1,0,0,1,0,1,1,0,0,0,0
USDCAD,2020-08-21,SHORT,4,win,3.87,1.32249,1.32443,1.31498,3.87,0,0,0,0,1,1,0,0,0,0,1,1,0,0,0,0
GBPUSD,2020-08-21,LONG,5,loss,-1.00,1.30978,1.30641,1.32106,3.35,0,0,0,0,1,1,0,0,1,0,1,1,0,0,0,0
USDJPY,2020-08-24,SHORT,8,loss,-1.00,105.90100,106.07200,105.26400,3.73,1,0,1,0,1,1,1,0,0,0,1,1,0,0,1,0
USDCAD,2020-08-24,SHORT,4,win,2.72,1.32189,1.32443,1.31498,2.72,0,0,0,0,1,1,0,0,0,0,1,1,0,0,0,0
USDCAD,2020-08-24,SHORT,4,win,3.52,1.32234,1.32443,1.31498,3.52,0,0,0,0,1,1,0,0,0,0,1,1,0,0,0,0
USDJPY,2020-08-24,SHORT,8,loss,-1.00,105.97500,106.21500,105.26400,2.96,1,0,1,0,1,1,1,0,0,0,1,1,0,0,1,0
USDJPY,2020-08-27,SHORT,8,loss,-1.00,106.41700,106.57700,105.97300,2.78,1,0,1,0,1,1,1,0,0,0,1,1,0,0,1,0
USDJPY,2020-09-01,SHORT,6,loss,-1.00,105.94200,106.09600,105.50700,2.82,1,0,0,0,1,0,1,0,0,0,1,1,0,0,1,0
USDCHF,2020-09-04,SHORT,6,loss,-1.00,0.91475,0.91614,0.90650,5.94,1,0,0,0,1,1,1,0,0,0,1,1,0,0,0,0
GBPUSD,2020-09-07,LONG,3,loss,-1.00,1.31635,1.31168,1.33256,3.47,0,0,0,0,1,0,0,0,0,1,1,0,0,0,0,0
GBPUSD,2020-09-08,LONG,4,loss,-1.00,1.30362,1.30050,1.32434,6.64,0,0,0,0,1,0,1,0,0,1,1,0,0,0,0,0
AUDUSD,2020-09-08,LONG,4,loss,-1.00,0.72446,0.72218,0.73172,3.18,0,0,0,0,1,1,0,0,0,0,1,1,0,0,0,0
USDCHF,2020-09-08,SHORT,5,win,3.33,0.91820,0.91976,0.91301,3.33,1,0,0,0,1,0,1,0,0,0,1,1,0,0,0,0
GBPUSD,2020-09-08,LONG,4,loss,-1.00,1.30359,1.30050,1.31466,3.58,0,0,0,0,1,0,1,0,0,1,1,0,0,0,0,0
GBPUSD,2020-09-08,LONG,5,loss,-1.00,1.29871,1.29441,1.31466,3.71,0,0,0,0,1,0,1,0,0,1,1,0,0,0,1,0
USDCAD,2020-09-08,SHORT,4,loss,-1.00,1.32328,1.32715,1.31064,3.27,0,0,0,0,1,1,1,0,0,0,1,0,0,0,0,0
USDCHF,2020-09-08,SHORT,5,win,2.57,0.91787,0.91976,0.91301,2.57,1,0,0,0,1,0,1,0,0,0,1,1,0,0,0,0
AUDUSD,2020-09-09,LONG,4,win,4.49,0.72346,0.72218,0.72921,4.49,0,0,0,0,1,1,0,0,0,0,1,1,0,0,0,0
USDCAD,2020-09-09,SHORT,4,win,3.43,1.32225,1.32390,1.31659,3.43,0,0,0,0,1,0,1,0,0,0,1,1,0,0,0,0
USDCHF,2020-09-09,SHORT,6,win,2.57,0.91808,0.92005,0.91301,2.57,1,0,0,0,1,1,1,0,0,0,1,1,0,0,0,0
EURUSD,2020-09-21,LONG,5,loss,-1.00,1.17377,1.17110,1.18671,4.85,0,0,0,0,1,1,1,0,0,1,1,0,0,0,0,0
NZDUSD,2020-09-21,LONG,4,loss,-1.00,0.66621,0.66407,0.67228,2.84,0,0,0,0,1,1,1,0,0,0,1,0,0,0,0,0
AUDUSD,2020-09-21,LONG,4,loss,-1.00,0.72117,0.71918,0.73108,4.98,0,0,0,0,1,1,1,0,0,0,1,0,0,0,0,0
EURUSD,2020-09-21,LONG,6,loss,-1.00,1.17642,1.17373,1.18334,2.57,0,0,0,0,1,1,1,0,0,1,1,1,0,0,0,0
AUDUSD,2020-09-22,LONG,3,loss,-1.00,0.71716,0.71498,0.72281,2.59,0,0,0,0,1,0,1,0,0,0,1,0,0,0,0,0
AUDUSD,2020-09-23,LONG,2,loss,-1.00,0.70938,0.70759,0.71739,4.47,0,0,0,0,1,0,0,0,0,0,1,0,0,0,0,0
AUDUSD,2020-09-28,SHORT,2,loss,-1.00,0.70717,0.70864,0.70283,2.95,1,0,0,0,0,0,0,0,0,0,1,0,0,0,0,0
USDJPY,2020-09-28,SHORT,6,loss,-1.00,105.51000,105.70000,104.96600,2.86,1,0,0,0,1,0,1,0,0,0,1,1,0,0,1,0
USDCAD,2020-09-30,LONG,5,loss,-1.00,1.33158,1.32833,1.34038,2.71,1,0,0,0,0,1,1,0,0,0,1,1,0,0,0,0
GBPUSD,2020-09-30,SHORT,4,loss,-1.00,1.29038,1.29298,1.28170,3.34,1,0,0,0,0,0,1,0,0,0,1,1,0,0,0,0
GBPUSD,2020-10-01,SHORT,4,loss,-1.00,1.29651,1.29996,1.28170,4.29,1,0,0,0,0,1,1,0,0,0,1,0,0,0,0,0
USDCAD,2020-10-02,LONG,5,loss,-1.00,1.33135,1.32833,1.34038,2.99,1,0,0,0,0,1,1,0,0,0,1,1,0,0,0,0
GBPUSD,2020-10-02,SHORT,4,loss,-1.00,1.29397,1.29782,1.28170,3.19,1,0,0,0,0,0,1,0,0,0,1,1,0,0,0,0
GBPUSD,2020-10-02,SHORT,4,loss,-1.00,1.29336,1.29782,1.28170,2.61,1,0,0,0,0,0,1,0,0,0,1,1,0,0,0,0
GBPUSD,2020-10-05,SHORT,4,loss,-1.00,1.29524,1.29996,1.28170,2.87,1,0,0,0,0,0,1,0,0,0,1,1,0,0,0,0
USDJPY,2020-10-05,SHORT,8,loss,-1.00,105.61400,105.72700,105.29000,2.87,1,0,1,0,1,0,1,0,1,0,1,1,0,0,1,0
AUDUSD,2020-10-05,SHORT,4,win,2.59,0.71830,0.72086,0.71168,2.59,1,0,0,0,0,0,1,0,0,0,1,1,0,0,0,0
USDJPY,2020-10-06,SHORT,8,loss,-1.00,105.61100,105.72700,105.29000,2.77,1,0,1,0,1,0,1,0,1,0,1,1,0,0,1,0
USDJPY,2020-10-07,SHORT,9,win,3.02,106.02200,106.26400,105.29000,3.02,1,0,1,0,1,1,1,0,1,0,1,1,0,0,1,0
USDJPY,2020-10-08,SHORT,8,win,2.96,106.00200,106.10700,105.69100,2.96,1,0,1,0,1,0,1,0,1,0,1,1,0,0,1,0
USDJPY,2020-10-08,SHORT,8,win,2.68,105.99400,106.10700,105.69100,2.68,1,0,1,0,1,0,1,0,1,0,1,1,0,0,1,0
NZDUSD,2020-10-12,SHORT,5,loss,-1.00,0.66463,0.66575,0.66071,3.50,1,0,0,0,0,0,1,0,0,1,1,1,0,0,0,0
NZDUSD,2020-10-13,SHORT,4,loss,-1.00,0.66536,0.66721,0.66071,2.51,1,0,0,0,0,0,1,0,0,0,1,1,0,0,0,0
EURUSD,2020-10-13,LONG,5,loss,-1.00,1.17387,1.17249,1.18127,5.36,0,0,0,0,1,1,1,0,0,0,1,1,0,0,0,0
EURUSD,2020-10-13,LONG,5,loss,-1.00,1.17478,1.17326,1.17882,2.66,0,0,0,0,1,1,1,0,0,0,1,1,0,0,0,0
EURUSD,2020-10-15,LONG,5,loss,-1.00,1.17082,1.16956,1.17882,6.35,0,0,0,0,1,1,1,0,0,0,1,1,0,0,0,0
USDCHF,2020-10-15,SHORT,5,loss,-1.00,0.91468,0.91623,0.91050,2.70,1,0,0,0,1,0,1,0,0,0,1,1,0,0,0,0
GBPUSD,2020-10-15,LONG,5,loss,-1.00,1.28998,1.28623,1.30114,2.98,0,0,0,0,1,1,1,0,0,0,1,1,0,0,0,0
USDCHF,2020-10-16,SHORT,5,loss,-1.00,0.91498,0.91623,0.91050,3.58,1,0,0,0,1,0,1,0,0,0,1,1,0,0,0,0
EURUSD,2020-10-20,SHORT,5,loss,-1.00,1.18056,1.18310,1.17065,3.90,1,0,0,0,0,0,1,0,1,0,1,1,0,0,0,0
NZDUSD,2020-10-21,SHORT,6,loss,-1.00,0.66299,0.66460,0.65794,3.14,1,0,0,0,0,1,1,0,1,0,1,1,0,0,0,0
NZDUSD,2020-10-21,SHORT,5,loss,-1.00,0.66635,0.66816,0.65794,4.65,1,0,0,0,0,1,0,0,1,0,1,1,0,0,0,0
EURUSD,2020-10-26,LONG,5,loss,-1.00,1.18070,1.17866,1.18614,2.67,0,0,0,0,1,0,1,0,1,0,1,1,0,0,0,0
USDJPY,2020-10-26,SHORT,7,win,3.81,104.85500,104.93600,104.54600,3.81,1,0,0,0,1,0,0,0,1,0,1,1,1,0,1,0
EURUSD,2020-10-28,LONG,5,loss,-1.00,1.17364,1.17031,1.18336,2.92,0,0,0,0,1,1,1,0,0,0,1,1,0,0,0,0
USDCAD,2020-10-28,SHORT,3,loss,-1.00,1.33215,1.33403,1.31913,6.93,0,0,0,0,1,1,0,0,0,0,1,0,0,0,0,0
USDCAD,2020-10-28,SHORT,3,loss,-1.00,1.33140,1.33403,1.32039,4.19,0,0,0,0,1,1,0,0,0,0,1,0,0,0,0,0
USDCAD,2020-10-29,SHORT,4,win,2.88,1.33644,1.34201,1.32039,2.88,0,1,0,0,1,1,0,0,0,0,1,0,0,0,0,0
EURUSD,2020-10-29,LONG,4,loss,-1.00,1.17039,1.16884,1.17769,4.71,0,0,0,0,1,0,1,0,0,0,1,1,0,0,0,0
GBPUSD,2020-10-29,LONG,3,loss,-1.00,1.28891,1.28618,1.29966,3.94,0,0,0,0,1,1,0,0,0,0,1,0,0,0,0,0
USDCHF,2020-10-29,SHORT,6,loss,-1.00,0.91701,0.91975,0.90880,3.00,1,0,0,0,1,1,1,0,1,0,1,0,0,0,0,0
AUDUSD,2020-11-03,SHORT,5,loss,-1.00,0.71290,0.71569,0.70450,3.01,1,0,0,0,0,1,1,0,1,0,1,0,0,0,0,0
USDCAD,2020-11-03,LONG,5,loss,-1.00,1.31569,1.31089,1.32878,2.73,1,0,0,0,0,1,0,1,0,0,1,1,0,0,0,0
USDCAD,2020-11-03,LONG,4,win,4.53,1.31066,1.30806,1.32243,4.53,1,0,0,0,0,1,0,1,0,0,1,0,0,0,0,0
AUDUSD,2020-11-03,SHORT,4,loss,-1.00,0.71653,0.71902,0.70450,4.83,1,0,0,0,0,1,0,0,1,0,1,0,0,0,0,0
AUDUSD,2020-11-03,SHORT,5,loss,-1.00,0.71404,0.71569,0.70696,4.29,1,0,0,0,0,1,1,0,1,0,1,0,0,0,0,0
USDCAD,2020-11-04,LONG,5,loss,-1.00,1.31744,1.31418,1.32878,3.48,1,0,0,0,0,1,1,0,0,0,1,1,0,0,0,0
USDCAD,2020-11-04,LONG,4,loss,-1.00,1.31332,1.30806,1.32775,2.74,1,0,0,0,0,1,0,0,0,0,1,1,0,0,0,0
USDCAD,2020-11-04,LONG,4,loss,-1.00,1.31245,1.30806,1.32775,3.49,1,0,0,0,0,1,0,0,0,0,1,1,0,0,0,0
EURUSD,2020-11-05,SHORT,5,loss,-1.00,1.18102,1.18387,1.16445,5.81,1,0,0,0,0,1,0,0,0,1,1,1,0,0,0,0
EURUSD,2020-11-06,SHORT,3,loss,-1.00,1.18774,1.19005,1.18169,2.62,1,0,0,0,0,0,0,0,0,1,1,0,0,0,0,0
USDJPY,2020-11-09,SHORT,6,timeout,4.33,105.38400,105.74700,103.36500,5.56,1,0,0,0,1,1,1,0,0,0,1,0,0,0,1,0
USDJPY,2020-11-09,SHORT,6,timeout,5.53,105.43500,105.74700,103.50300,6.19,1,0,0,0,1,1,1,0,0,0,1,0,0,0,1,0
USDJPY,2020-11-10,SHORT,5,timeout,1.31,105.23400,105.74700,103.50300,3.37,1,0,0,0,1,1,1,0,0,0,1,0,0,0,0,0
USDCHF,2020-11-10,SHORT,8,timeout,0.82,0.91571,0.91961,0.89904,4.27,1,0,0,0,1,1,1,0,1,1,1,1,0,0,0,0
USDJPY,2020-11-10,SHORT,8,loss,-1.00,105.19200,105.64700,103.50300,3.71,1,0,0,0,1,1,1,0,0,0,1,1,1,0,1,0
USDJPY,2020-11-10,SHORT,5,loss,-1.00,105.28400,105.64700,103.50300,4.91,1,0,0,0,1,1,1,0,0,0,1,0,0,0,0,0
USDCAD,2020-11-19,SHORT,5,win,3.09,1.31004,1.31174,1.30479,3.09,0,0,0,0,1,0,0,1,1,0,1,1,0,0,0,0
USDCHF,2020-11-23,SHORT,5,win,2.61,0.91220,0.91393,0.90768,2.61,1,0,0,0,1,0,1,0,0,0,1,1,0,0,0,0
NZDUSD,2020-12-04,LONG,5,loss,-1.00,0.70447,0.70314,0.70799,2.65,0,0,1,0,1,1,0,0,0,0,1,1,0,0,0,0
GBPUSD,2020-12-07,LONG,3,win,2.74,1.32571,1.31957,1.34254,2.74,0,0,0,0,1,0,1,0,0,0,1,0,0,0,0,0
NZDUSD,2020-12-07,LONG,4,win,2.90,0.70207,0.70072,0.70598,2.90,0,0,0,0,1,1,0,0,0,0,1,1,0,0,0,0
USDCAD,2020-12-08,SHORT,3,win,2.58,1.28187,1.28330,1.27818,2.58,0,0,0,0,1,0,0,0,0,0,1,1,0,0,0,0
USDJPY,2020-12-09,SHORT,7,loss,-1.00,104.22300,104.31200,103.96100,2.94,1,0,0,0,1,1,1,0,1,0,1,1,0,0,0,0
NZDUSD,2020-12-09,LONG,4,win,3.19,0.70223,0.70053,0.70765,3.19,0,0,0,0,1,1,0,0,0,0,1,1,0,0,0,0
GBPUSD,2020-12-10,LONG,3,loss,-1.00,1.32542,1.32243,1.33692,3.85,0,0,0,0,1,0,1,0,0,0,1,0,0,0,0,0
USDCAD,2020-12-18,SHORT,5,loss,-1.00,1.27755,1.27893,1.26991,5.54,0,0,0,0,1,1,0,0,0,0,1,1,0,1,0,0
NZDUSD,2020-12-21,LONG,4,win,3.06,0.70334,0.70105,0.71034,3.06,0,0,1,0,1,1,0,0,0,0,1,0,0,0,0,0
USDCAD,2020-12-22,SHORT,4,win,3.45,1.29283,1.29569,1.28295,3.45,0,0,0,0,1,1,1,0,0,0,1,0,0,0,0,0
EURUSD,2020-12-22,LONG,5,win,2.69,1.21605,1.21296,1.22436,2.69,1,0,0,0,1,1,0,0,0,0,1,1,0,0,0,0
USDJPY,2020-12-24,SHORT,7,loss,-1.00,103.63800,103.73500,103.37100,2.75,1,0,0,0,1,0,1,0,0,0,1,1,1,0,1,0
NZDUSD,2020-12-28,LONG,6,win,3.25,0.70925,0.70796,0.71344,3.25,0,0,0,0,1,1,0,0,1,1,1,1,0,0,0,0
USDJPY,2021-01-07,SHORT,8,loss,-1.00,103.67800,103.89800,103.02100,2.99,1,0,0,0,1,1,1,0,1,0,1,1,0,0,1,0
EURUSD,2021-01-07,LONG,4,loss,-1.00,1.22567,1.22296,1.23384,3.01,1,0,0,0,1,0,0,0,0,0,1,1,0,0,0,0
GBPUSD,2021-01-07,LONG,5,loss,-1.00,1.35677,1.35384,1.36578,3.08,0,0,0,0,1,1,0,0,0,0,1,1,0,1,0,0
USDJPY,2021-01-07,SHORT,8,loss,-1.00,103.93800,104.15200,103.12700,3.79,1,0,0,0,1,1,1,0,1,0,1,1,0,0,1,0
GBPUSD,2021-01-07,LONG,6,loss,-1.00,1.35703,1.35384,1.36578,2.74,0,0,0,0,1,1,0,0,0,0,1,1,0,1,0,1
GBPUSD,2021-01-08,LONG,3,loss,-1.00,1.35630,1.35325,1.36578,3.11,0,0,0,0,1,0,0,0,0,0,1,1,0,0,0,0
USDCHF,2021-01-11,SHORT,6,loss,-1.00,0.89001,0.89185,0.88320,3.70,1,0,0,0,1,1,1,0,0,0,1,1,0,0,0,0
USDCHF,2021-01-11,SHORT,6,timeout,1.95,0.89138,0.89463,0.88320,2.52,1,0,0,0,1,1,1,0,0,0,1,1,0,0,0,0
EURUSD,2021-01-11,LONG,6,win,3.24,1.21503,1.21296,1.22174,3.24,1,0,0,0,1,1,1,0,0,0,1,1,0,0,0,0
USDJPY,2021-01-11,SHORT,5,win,3.16,104.28700,104.57900,103.36500,3.16,1,0,0,0,1,0,1,0,0,0,1,1,0,0,0,0
EURUSD,2021-01-12,LONG,5,win,3.42,1.21514,1.21321,1.22174,3.42,1,0,0,0,1,0,1,0,0,0,1,1,0,0,0,0
EURUSD,2021-01-12,LONG,6,win,2.61,1.21557,1.21321,1.22174,2.61,1,0,0,0,1,0,1,0,0,0,1,1,1,0,0,0
EURUSD,2021-01-13,LONG,6,loss,-1.00,1.21595,1.21371,1.22156,2.50,1,0,0,0,1,1,1,0,0,0,1,1,0,0,0,0
EURUSD,2021-01-13,LONG,6,loss,-1.00,1.21537,1.21371,1.22156,3.73,1,0,0,0,1,1,1,0,0,0,1,1,0,0,0,0
EURUSD,2021-01-14,LONG,8,loss,-1.00,1.21514,1.21321,1.22156,3.33,1,0,0,0,1,1,1,1,0,0,1,1,0,0,0,1
EURUSD,2021-01-14,LONG,7,loss,-1.00,1.21354,1.21053,1.22156,2.66,1,0,0,0,1,1,1,1,0,0,1,1,0,0,0,0
EURUSD,2021-01-14,LONG,8,loss,-1.00,1.21549,1.21371,1.22156,3.41,1,0,0,0,1,1,1,1,0,0,1,1,0,0,0,1
EURUSD,2021-01-15,LONG,5,loss,-1.00,1.21233,1.21053,1.22156,5.13,1,0,0,0,1,0,1,0,0,0,1,1,0,0,0,0
EURUSD,2021-01-15,LONG,5,loss,-1.00,1.20932,1.20587,1.22156,3.55,1,0,0,0,1,0,1,0,0,0,1,1,0,0,0,0
EURUSD,2021-01-15,LONG,4,loss,-1.00,1.20767,1.20587,1.21348,3.23,1,0,0,0,1,0,1,0,0,0,1,0,0,0,0,0
EURUSD,2021-01-18,LONG,5,win,3.05,1.20746,1.20587,1.21231,3.05,1,0,0,0,1,0,1,0,0,0,1,1,0,0,0,0
USDCHF,2021-01-27,SHORT,8,loss,-1.00,0.88842,0.88956,0.88505,2.96,1,0,0,0,1,1,1,0,1,1,1,1,0,0,0,0
NZDUSD,2021-01-27,LONG,4,loss,-1.00,0.71819,0.71668,0.72292,3.13,0,0,0,0,1,0,0,0,1,0,1,1,0,0,0,0
USDCAD,2021-01-27,SHORT,6,loss,-1.00,1.27745,1.27988,1.26913,3.42,0,0,0,0,1,1,1,0,1,0,1,1,0,0,0,0
AUDUSD,2021-01-27,LONG,4,loss,-1.00,0.76866,0.76686,0.77396,2.94,0,0,0,0,1,0,0,0,1,0,1,1,0,0,0,0
USDCAD,2021-01-27,SHORT,6,loss,-1.00,1.27955,1.28349,1.26913,2.64,0,0,0,0,1,1,1,0,1,0,1,1,0,0,0,0
USDJPY,2021-01-27,SHORT,8,loss,-1.00,104.15200,104.33200,103.67700,2.64,1,0,0,0,1,1,1,0,0,1,1,1,0,0,1,0
AUDUSD,2021-01-27,LONG,4,loss,-1.00,0.76628,0.76419,0.77396,3.67,0,0,0,0,1,0,0,0,1,0,1,1,0,0,0,0
USDCHF,2021-01-28,SHORT,7,loss,-1.00,0.89038,0.89172,0.88657,2.84,1,0,0,0,1,1,1,0,0,1,1,1,0,0,0,0
NZDUSD,2021-01-28,LONG,5,win,3.16,0.71213,0.71021,0.71820,3.16,0,0,0,0,1,1,1,0,1,0,1,0,0,0,0,0
GBPUSD,2021-01-28,LONG,6,win,2.72,1.36479,1.36092,1.37533,2.72,0,0,1,0,1,1,0,0,0,0,1,1,0,1,0,0
USDCAD,2021-01-28,SHORT,6,loss,-1.00,1.28062,1.28349,1.26913,4.00,0,0,0,0,1,0,1,0,1,0,1,1,0,0,0,1
USDCAD,2021-01-28,SHORT,5,loss,-1.00,1.27954,1.28349,1.26913,2.64,0,0,0,0,1,0,1,0,1,0,1,1,0,0,0,0
USDCHF,2021-01-29,SHORT,7,loss,-1.00,0.89077,0.89202,0.88657,3.36,1,0,0,0,1,1,1,0,0,1,1,1,0,0,0,0
EURUSD,2021-02-01,LONG,5,loss,-1.00,1.20816,1.20585,1.21569,3.26,1,0,0,0,1,1,1,0,0,0,0,1,0,0,0,0
USDJPY,2021-02-01,SHORT,5,loss,-1.00,104.88300,105.13600,104.23200,2.57,1,0,0,0,1,0,0,0,0,1,0,1,0,0,1,0
USDJPY,2021-02-01,SHORT,5,loss,-1.00,104.95700,105.13600,104.23200,4.05,1,0,0,0,1,0,0,0,0,1,0,1,0,0,1,0
EURUSD,2021-02-01,LONG,5,loss,-1.00,1.20664,1.20535,1.21295,4.89,1,0,0,0,1,1,1,0,0,0,0,1,0,0,0,0
USDJPY,2021-02-01,SHORT,6,loss,-1.00,104.94300,105.13600,104.23200,3.68,1,0,0,0,1,0,0,0,0,1,0,1,1,0,1,0
USDJPY,2021-02-02,SHORT,5,loss,-1.00,105.02700,105.13600,104.23200,7.29,1,0,0,0,1,0,0,0,0,1,0,1,0,0,1,0
AUDUSD,2021-02-02,LONG,5,win,2.63,0.75778,0.75568,0.76330,2.63,0,0,1,0,1,0,1,0,0,0,1,0,0,1,0,0
USDJPY,2021-02-11,SHORT,4,loss,-1.00,104.75500,104.84200,104.51900,2.71,1,0,0,0,1,0,1,0,0,0,0,1,0,0,0,0
NZDUSD,2021-02-12,LONG,4,loss,-1.00,0.71895,0.71776,0.72304,3.44,0,0,0,0,1,1,0,0,0,0,1,1,0,0,0,0
EURUSD,2021-02-17,LONG,4,win,6.61,1.20327,1.20196,1.21193,6.61,1,0,0,0,1,1,0,0,0,0,0,1,0,0,0,0
USDCHF,2021-02-24,SHORT,2,loss,-1.00,0.90728,0.90925,0.90027,3.56,1,0,0,0,1,0,0,0,0,0,0,0,0,0,0,0
USDJPY,2021-02-25,SHORT,7,loss,-1.00,106.13700,106.26400,105.51200,4.92,1,1,0,0,1,1,0,0,1,0,0,1,0,0,1,0
GBPUSD,2021-02-25,LONG,3,loss,-1.00,1.40347,1.39803,1.41798,2.67,0,0,0,0,1,0,0,0,0,0,1,1,0,0,0,0
AUDUSD,2021-02-26,LONG,4,loss,-1.00,0.77491,0.77240,0.78622,4.51,1,0,0,0,1,0,1,0,0,0,1,0,0,0,0,0
AUDUSD,2021-02-26,LONG,4,loss,-1.00,0.77445,0.77177,0.78543,4.10,1,0,0,0,1,0,1,0,0,0,1,0,0,0,0,0
AUDUSD,2021-02-26,LONG,4,loss,-1.00,0.77081,0.76508,0.78543,2.55,1,0,0,0,1,0,1,0,0,0,1,0,0,0,0,0
USDCAD,2021-02-26,SHORT,5,loss,-1.00,1.27075,1.27460,1.26002,2.79,0,0,0,0,1,1,1,0,0,0,1,1,0,0,0,0
USDCHF,2021-03-01,SHORT,2,loss,-1.00,0.91270,0.91476,0.90730,2.62,1,0,0,0,1,0,0,0,0,0,0,0,0,0,0,0
EURUSD,2021-03-01,LONG,5,loss,-1.00,1.20437,1.20196,1.21388,3.95,1,0,0,0,1,1,0,0,0,0,1,1,0,0,0,0
USDJPY,2021-03-01,SHORT,3,loss,-1.00,106.80800,107.04900,106.20000,2.52,1,0,0,0,1,0,0,0,0,0,0,0,0,0,1,0
USDJPY,2021-03-02,SHORT,4,loss,-1.00,106.91800,107.04900,106.20000,5.48,1,0,0,0,1,0,0,0,0,0,0,1,0,0,1,0
USDCHF,2021-03-02,SHORT,3,loss,-1.00,0.91732,0.91917,0.90819,4.94,1,1,0,0,1,0,0,0,0,0,0,0,0,0,0,0
USDJPY,2021-03-02,SHORT,3,loss,-1.00,106.75600,106.94600,106.20000,2.93,1,0,0,0,1,0,0,0,0,0,0,1,0,0,0,0
USDJPY,2021-03-03,SHORT,4,loss,-1.00,106.99900,107.28900,106.08200,3.16,1,0,0,0,1,0,0,0,0,0,0,1,0,0,1,0
USDCHF,2021-03-03,SHORT,3,loss,-1.00,0.91784,0.91934,0.90819,6.43,1,1,0,0,1,0,0,0,0,0,0,0,0,0,0,0
USDJPY,2021-03-03,SHORT,5,loss,-1.00,106.97200,107.28900,106.08200,2.81,1,0,0,0,1,0,0,0,0,0,0,1,1,0,1,0
USDJPY,2021-03-04,SHORT,3,loss,-1.00,107.59600,107.79000,107.05600,2.78,1,0,0,0,1,0,0,0,0,0,0,0,0,0,1,0
USDJPY,2021-03-04,SHORT,3,loss,-1.00,107.91300,108.16400,107.15900,3.00,1,0,0,0,1,0,0,0,0,0,0,0,0,0,1,0
EURUSD,2021-03-04,LONG,2,loss,-1.00,1.19659,1.19236,1.20728,2.53,1,0,0,0,1,0,0,0,0,0,0,0,0,0,0,0
GBPUSD,2021-03-04,LONG,5,loss,-1.00,1.38872,1.38587,1.39740,3.05,1,0,0,0,1,1,0,0,0,0,1,1,0,0,0,0
USDCHF,2021-03-05,SHORT,2,loss,-1.00,0.92826,0.92961,0.92423,2.99,1,0,0,0,1,0,0,0,0,0,0,0,0,0,0,0
EURUSD,2021-03-05,LONG,2,loss,-1.00,1.19066,1.18852,1.20398,6.22,1,0,0,0,1,0,0,0,0,0,0,0,0,0,0,0
EURUSD,2021-03-05,LONG,2,loss,-1.00,1.19124,1.18852,1.20398,4.68,1,0,0,0,1,0,0,0,0,0,0,0,0,0,0,0
NZDUSD,2021-03-08,LONG,3,win,2.69,0.71172,0.70959,0.71746,2.69,1,0,0,0,1,0,0,0,0,0,1,0,0,0,0,0
EURUSD,2021-03-08,LONG,2,timeout,0.40,1.18675,1.17997,1.20398,2.54,1,0,0,0,1,0,0,0,0,0,0,0,0,0,0,0
EURUSD,2021-03-09,LONG,3,loss,-1.00,1.19040,1.18852,1.20398,7.22,1,0,0,0,1,0,0,0,0,0,0,1,0,0,0,0
USDCHF,2021-03-09,SHORT,4,loss,-1.00,0.92819,0.92961,0.92423,2.79,1,0,1,0,1,0,0,0,0,0,0,1,0,0,0,0
GBPUSD,2021-03-12,LONG,6,loss,-1.00,1.38848,1.38453,1.39872,2.59,1,0,0,0,1,1,0,0,1,0,1,1,0,0,0,0
USDCAD,2021-03-19,SHORT,6,loss,-1.00,1.24921,1.25128,1.24161,3.67,1,0,0,0,1,0,0,1,0,0,1,1,0,0,1,0
NZDUSD,2021-03-22,LONG,4,loss,-1.00,0.71703,0.71529,0.72239,3.08,1,0,0,0,1,0,1,0,0,0,0,1,0,0,0,0
NZDUSD,2021-03-23,LONG,2,loss,-1.00,0.70369,0.70021,0.71311,2.71,1,0,0,0,1,0,0,0,0,0,0,0,0,0,0,0
AUDUSD,2021-03-23,LONG,2,loss,-1.00,0.76262,0.75826,0.77442,2.71,1,0,0,0,1,0,0,0,0,0,0,0,0,0,0,0
AUDUSD,2021-03-24,LONG,2,loss,-1.00,0.75873,0.75634,0.76815,3.94,1,0,0,0,1,0,0,0,0,0,0,0,0,0,0,0
EURUSD,2021-03-24,LONG,4,loss,-1.00,1.18124,1.17997,1.18806,5.37,1,1,0,0,1,0,0,0,0,0,0,1,0,0,0,0
EURUSD,2021-03-25,LONG,3,loss,-1.00,1.17758,1.17454,1.18806,3.45,1,1,0,0,1,0,0,0,0,0,0,0,0,0,0,0
NZDUSD,2021-03-30,LONG,5,loss,-1.00,0.69869,0.69712,0.70278,2.61,1,0,0,0,1,1,0,0,0,0,0,1,0,0,1,0
NZDUSD,2021-03-30,LONG,5,loss,-1.00,0.69856,0.69712,0.70278,2.93,1,0,0,0,1,1,0,0,0,0,0,1,0,0,1,0
USDCHF,2021-04-02,LONG,5,loss,-1.00,0.94184,0.94044,0.94570,2.76,0,0,0,0,1,0,0,1,0,0,1,1,0,0,0,1
GBPUSD,2021-04-06,LONG,4,loss,-1.00,1.38295,1.38095,1.38931,3.18,1,0,0,0,1,0,1,0,0,0,0,1,0,0,0,0
GBPUSD,2021-04-07,LONG,5,loss,-1.00,1.37553,1.37058,1.38931,2.78,1,0,0,0,1,1,1,0,0,0,0,1,0,0,0,0
GBPUSD,2021-04-07,LONG,4,loss,-1.00,1.37316,1.37058,1.38138,3.19,1,0,0,0,1,1,0,0,0,0,0,1,0,0,0,0
USDCHF,2021-04-08,LONG,5,loss,-1.00,0.92493,0.92222,0.93792,4.79,0,1,0,0,1,1,1,0,0,0,1,0,0,0,0,0
USDCHF,2021-04-12,LONG,5,loss,-1.00,0.92365,0.92222,0.92822,3.20,0,1,0,0,1,1,1,0,0,0,1,0,0,0,0,0
USDJPY,2021-04-13,LONG,4,loss,-1.00,109.18800,108.99700,109.71300,2.75,0,0,0,0,1,0,0,0,0,0,1,1,0,0,1,0
AUDUSD,2021-04-20,LONG,7,loss,-1.00,0.77206,0.77056,0.78051,5.63,1,0,0,0,1,1,1,0,1,0,1,1,0,0,0,0
USDCAD,2021-04-20,SHORT,7,loss,-1.00,1.26135,1.26345,1.24959,5.60,1,0,1,0,1,1,1,0,0,0,1,1,0,0,0,0
AUDUSD,2021-04-21,LONG,7,loss,-1.00,0.77237,0.77056,0.78051,4.50,1,0,0,0,1,1,1,0,1,0,1,1,0,0,0,0
USDCAD,2021-04-21,SHORT,7,loss,-1.00,1.26020,1.26288,1.25265,2.82,1,0,1,0,1,1,1,0,0,0,1,1,0,0,0,0
USDCHF,2021-04-22,SHORT,5,win,2.80,0.91823,0.91955,0.91454,2.80,1,1,0,0,0,0,1,0,0,0,1,1,0,0,0,0
AUDUSD,2021-04-22,LONG,8,loss,-1.00,0.77238,0.76991,0.78051,3.29,1,0,0,0,1,1,1,0,1,0,1,1,0,1,0,0
GBPUSD,2021-04-23,LONG,6,win,4.16,1.38432,1.38234,1.39255,4.16,1,0,0,0,1,0,1,0,0,1,1,1,0,0,0,0
NZDUSD,2021-04-30,LONG,5,loss,-1.00,0.71683,0.71455,0.72505,3.61,1,0,0,0,1,0,1,0,0,0,1,1,0,0,0,0
AUDUSD,2021-04-30,LONG,7,loss,-1.00,0.77148,0.76902,0.77972,3.35,1,0,0,0,1,1,1,0,1,0,1,1,0,0,0,0
EURUSD,2021-04-30,LONG,6,loss,-1.00,1.20227,1.19936,1.21021,2.73,1,0,0,0,1,1,1,0,0,0,1,1,0,0,0,0
AUDUSD,2021-05-04,LONG,6,loss,-1.00,0.77063,0.76902,0.77614,3.42,1,0,0,0,1,1,1,0,0,0,1,1,0,0,0,0
AUDUSD,2021-05-04,LONG,7,win,3.25,0.77110,0.76955,0.77614,3.25,1,0,0,0,1,1,1,0,0,0,1,1,0,0,0,1
USDJPY,2021-05-07,LONG,6,loss,-1.00,108.59200,108.43500,109.17300,3.70,0,0,0,0,1,1,1,0,0,0,1,1,0,0,1,0
AUDUSD,2021-05-12,LONG,8,loss,-1.00,0.77337,0.77006,0.78402,3.22,1,0,0,0,1,1,1,0,1,1,1,1,0,0,0,0
AUDUSD,2021-05-12,LONG,7,loss,-1.00,0.77240,0.77006,0.78093,3.65,1,0,0,0,1,1,1,0,1,1,1,0,0,0,0,0
AUDUSD,2021-05-13,LONG,7,win,4.00,0.77016,0.76747,0.78093,4.00,1,0,0,0,1,1,1,0,1,1,1,0,0,0,0,0
AUDUSD,2021-05-13,LONG,8,win,4.15,0.77217,0.77006,0.78093,4.15,1,0,0,0,1,1,1,0,1,1,1,1,0,0,0,0
AUDUSD,2021-05-13,LONG,8,win,2.54,0.77313,0.77006,0.78093,2.54,1,0,0,0,1,1,1,0,1,1,1,1,0,0,0,0
AUDUSD,2021-05-21,LONG,7,loss,-1.00,0.77301,0.77104,0.77902,3.05,1,0,0,0,1,1,1,0,1,0,1,1,0,0,0,0
NZDUSD,2021-05-21,LONG,8,win,2.80,0.71657,0.71510,0.72069,2.80,1,0,0,0,1,1,1,0,1,0,1,1,1,0,0,0
AUDUSD,2021-05-24,LONG,7,win,2.72,0.77257,0.77104,0.77673,2.72,1,0,0,0,1,1,1,0,1,0,1,1,0,0,0,0
USDJPY,2021-05-24,LONG,5,loss,-1.00,108.77500,108.60900,109.26100,2.93,0,0,0,0,1,1,1,0,0,0,1,1,0,0,0,0
GBPUSD,2021-05-25,LONG,5,loss,-1.00,1.41221,1.40995,1.41890,2.96,1,0,0,0,1,0,0,0,0,0,1,1,0,1,0,0
GBPUSD,2021-05-26,LONG,5,loss,-1.00,1.41230,1.40995,1.41860,2.68,1,0,0,0,1,1,0,0,0,0,1,1,0,0,0,0
USDCHF,2021-05-27,SHORT,5,loss,-1.00,0.89874,0.90024,0.89397,3.18,1,0,0,0,1,0,0,0,0,0,1,1,0,0,1,0
USDCHF,2021-05-28,SHORT,5,loss,-1.00,0.90166,0.90471,0.89397,2.52,1,0,0,0,1,0,0,0,0,0,1,1,0,0,1,0
EURUSD,2021-05-28,LONG,7,loss,-1.00,1.21937,1.21751,1.22578,3.45,1,0,1,0,1,1,0,1,0,0,1,1,0,0,0,0
EURUSD,2021-05-28,LONG,7,loss,-1.00,1.21926,1.21751,1.22578,3.73,1,0,1,0,1,1,0,1,0,0,1,1,0,0,0,0
GBPUSD,2021-06-01,LONG,6,loss,-1.00,1.41513,1.41360,1.42367,5.58,1,0,0,0,1,1,0,0,1,0,1,1,0,0,0,0
NZDUSD,2021-06-03,LONG,4,win,3.29,0.71423,0.71150,0.72322,3.29,1,0,0,0,1,1,0,0,0,0,1,0,0,0,0,0
GBPUSD,2021-06-03,LONG,6,loss,-1.00,1.40990,1.40769,1.42367,6.23,1,0,0,0,1,1,0,0,1,0,1,1,0,0,0,0
USDCAD,2021-06-03,SHORT,5,loss,-1.00,1.21172,1.21418,1.20373,3.25,1,0,0,0,1,1,0,0,0,0,1,1,0,0,0,0
USDCHF,2021-06-03,SHORT,6,loss,-1.00,0.90336,0.90471,0.89924,3.05,1,0,0,0,1,1,1,0,0,0,1,1,0,0,0,0
GBPUSD,2021-06-03,LONG,6,loss,-1.00,1.41070,1.40913,1.41867,5.08,1,0,0,0,1,1,0,0,1,0,1,1,0,0,0,0
NZDUSD,2021-06-03,LONG,4,win,2.88,0.71392,0.71150,0.72090,2.88,1,0,0,0,1,1,0,0,0,0,1,0,0,0,0,0
USDCAD,2021-06-04,SHORT,6,win,2.69,1.21209,1.21418,1.20647,2.69,1,0,0,0,1,1,0,0,0,0,1,1,1,0,0,0
NZDUSD,2021-06-04,LONG,4,win,3.12,0.71525,0.71344,0.72090,3.12,1,0,0,0,1,1,0,0,0,0,1,0,0,0,0,0
GBPUSD,2021-06-04,LONG,6,win,3.06,1.41300,1.41115,1.41867,3.06,1,0,0,0,1,1,0,0,1,0,1,1,0,0,0,0
USDJPY,2021-06-04,LONG,7,loss,-1.00,109.50200,109.33000,110.18100,3.95,0,0,0,0,1,0,1,0,1,1,1,1,0,0,1,0
USDJPY,2021-06-08,LONG,7,win,3.54,109.40600,109.18700,110.18100,3.54,0,0,0,0,1,0,1,1,0,1,1,1,0,0,1,0
USDJPY,2021-06-08,LONG,8,win,2.54,109.46800,109.18700,110.18100,2.54,0,0,0,0,1,0,1,1,0,1,1,1,1,0,1,0
USDJPY,2021-06-09,LONG,7,win,4.02,109.38500,109.18700,110.18100,4.02,0,0,0,0,1,0,1,1,0,1,1,1,0,0,1,0
NZDUSD,2021-06-11,LONG,4,loss,-1.00,0.71314,0.71150,0.72030,4.37,1,0,0,0,1,0,0,0,1,1,0,0,0,0,0,0
USDCAD,2021-06-14,SHORT,6,loss,-1.00,1.21638,1.21770,1.20876,5.77,1,0,0,0,1,0,1,0,1,0,1,1,0,0,0,0
EURUSD,2021-06-14,LONG,7,loss,-1.00,1.21158,1.20925,1.21827,2.87,1,0,0,0,1,1,1,0,1,0,1,1,0,0,0,0
GBPUSD,2021-06-15,LONG,6,loss,-1.00,1.40412,1.40053,1.41671,3.51,1,0,0,0,1,0,1,0,0,0,1,1,0,1,0,0
EURUSD,2021-06-15,LONG,7,loss,-1.00,1.21071,1.20925,1.21827,5.18,1,0,0,0,1,1,1,0,1,0,1,1,0,0,0,0
USDCAD,2021-06-15,SHORT,6,loss,-1.00,1.21872,1.22025,1.21401,3.08,1,0,0,0,1,0,1,0,1,0,1,1,0,0,0,0
USDCHF,2021-06-16,SHORT,4,loss,-1.00,0.90810,0.90936,0.89692,8.87,1,0,0,0,1,0,1,0,0,0,1,0,0,0,0,0
EURUSD,2021-06-16,LONG,4,loss,-1.00,1.20046,1.19859,1.21437,7.44,1,0,0,0,1,0,0,0,0,0,1,0,0,0,1,0
AUDUSD,2021-06-16,LONG,3,loss,-1.00,0.76136,0.75846,0.77061,3.19,1,0,0,0,1,0,0,0,0,1,0,0,0,0,0,0
AUDUSD,2021-06-17,LONG,3,loss,-1.00,0.75642,0.75315,0.77061,4.34,1,0,0,0,1,0,0,0,0,1,0,0,0,0,0,0
USDCAD,2021-06-17,SHORT,3,loss,-1.00,1.23343,1.23513,1.21647,9.98,1,0,0,0,1,0,0,0,0,0,1,0,0,0,0,0
EURUSD,2021-06-17,LONG,3,loss,-1.00,1.19106,1.18776,1.19949,2.55,1,1,0,0,1,0,0,0,0,0,0,0,0,0,0,0
USDCHF,2021-06-17,SHORT,4,loss,-1.00,0.91741,0.91909,0.90866,5.21,1,1,0,0,1,0,0,0,0,0,1,0,0,0,0,0
AUDUSD,2021-06-17,LONG,3,loss,-1.00,0.75542,0.75315,0.76263,3.18,1,0,0,0,1,0,0,0,0,1,0,0,0,0,0,0
GBPUSD,2021-06-17,LONG,3,loss,-1.00,1.39151,1.38569,1.41154,3.44,1,0,0,0,1,0,0,0,0,0,1,0,0,0,0,0
USDCHF,2021-06-17,SHORT,4,loss,-1.00,0.91784,0.91955,0.90866,5.37,1,1,0,0,1,0,0,0,0,0,1,0,0,0,0,0
AUDUSD,2021-06-17,LONG,3,loss,-1.00,0.75472,0.75315,0.76263,5.04,1,0,0,0,1,0,0,0,0,1,0,0,0,0,0,0
NZDUSD,2021-06-18,LONG,5,loss,-1.00,0.69825,0.69448,0.70883,2.81,1,1,0,0,1,0,0,0,0,1,0,0,0,0,1,0
USDCHF,2021-06-18,SHORT,3,loss,-1.00,0.91876,0.92148,0.90866,3.71,1,1,0,0,1,0,0,0,0,0,0,0,0,0,0,0
NZDUSD,2021-06-18,LONG,4,win,3.66,0.69376,0.68964,0.70883,3.66,1,1,0,0,1,0,0,0,0,1,0,0,0,0,0,0
USDCHF,2021-06-18,SHORT,3,loss,-1.00,0.92148,0.92453,0.90866,4.20,1,1,0,0,1,0,0,0,0,0,0,0,0,0,0,0
AUDUSD,2021-06-18,LONG,5,loss,-1.00,0.74979,0.74617,0.76263,3.55,1,1,0,0,1,0,0,0,0,1,0,0,0,0,1,0
GBPUSD,2021-06-28,LONG,4,loss,-1.00,1.38900,1.38711,1.39560,3.49,1,0,0,0,1,0,0,0,1,0,0,1,0,0,0,0
USDJPY,2021-06-28,LONG,4,loss,-1.00,110.60600,110.48000,110.93400,2.60,0,0,0,0,1,0,0,0,0,0,1,1,0,0,1,0
USDCHF,2021-06-29,SHORT,6,loss,-1.00,0.92206,0.92385,0.91742,2.59,1,1,0,0,1,1,0,0,1,0,0,1,0,0,0,0
AUDUSD,2021-06-29,LONG,5,loss,-1.00,0.75158,0.74936,0.75896,3.32,1,1,0,0,1,0,0,0,1,0,0,0,0,0,1,0
USDJPY,2021-06-29,LONG,4,loss,-1.00,110.60600,110.48000,110.93400,2.60,0,0,0,0,1,0,0,0,0,0,1,1,0,0,1,0
USDCAD,2021-06-29,SHORT,4,loss,-1.00,1.23843,1.24029,1.22961,4.74,1,0,0,0,1,0,0,0,1,0,0,1,0,0,0,0
AUDUSD,2021-06-30,LONG,4,loss,-1.00,0.75052,0.74936,0.75548,4.28,1,1,0,0,1,0,0,0,0,0,0,0,0,0,1,0
EURUSD,2021-06-30,LONG,5,loss,-1.00,1.18935,1.18775,1.19415,3.00,1,1,0,0,1,1,0,0,0,0,0,1,0,0,0,0
AUDUSD,2021-06-30,LONG,4,loss,-1.00,0.74953,0.74761,0.75548,3.10,1,1,0,0,1,0,0,0,0,0,0,0,0,0,1,0
GBPUSD,2021-06-30,LONG,4,loss,-1.00,1.38053,1.37859,1.38652,3.09,1,0,0,0,1,0,0,0,1,0,0,1,0,0,0,0
EURUSD,2021-06-30,LONG,5,loss,-1.00,1.18586,1.18472,1.19007,3.69,1,1,0,0,1,1,0,0,0,0,0,1,0,0,0,0
AUDUSD,2021-06-30,LONG,4,loss,-1.00,0.74978,0.74761,0.75548,2.63,1,1,0,0,1,0,0,0,0,0,0,0,0,0,1,0
USDCHF,2021-07-01,SHORT,3,loss,-1.00,0.92490,0.92594,0.92192,2.87,1,0,0,0,1,0,0,0,0,0,0,1,0,0,0,0
USDCAD,2021-07-01,SHORT,4,loss,-1.00,1.24051,1.24232,1.23462,3.25,1,0,0,0,1,0,0,0,1,0,0,1,0,0,0,0
NZDUSD,2021-07-01,LONG,5,loss,-1.00,0.69785,0.69644,0.70284,3.54,1,1,0,0,1,1,0,0,0,0,0,1,0,0,0,0
GBPUSD,2021-07-01,LONG,2,win,2.59,1.37575,1.37159,1.38652,2.59,1,0,0,0,1,0,0,0,0,0,0,0,0,0,0,0
GBPUSD,2021-07-02,LONG,2,win,2.66,1.37414,1.37159,1.38093,2.66,1,0,0,0,1,0,0,0,0,0,0,0,0,0,0,0
USDJPY,2021-07-06,LONG,5,loss,-1.00,110.65400,110.41900,111.44200,3.35,0,0,0,0,1,1,0,0,0,0,1,1,0,0,1,0
USDCAD,2021-07-06,SHORT,3,loss,-1.00,1.24647,1.24866,1.23240,6.42,1,0,0,0,1,1,0,0,0,0,0,0,0,0,0,0
USDJPY,2021-07-06,LONG,6,loss,-1.00,110.65500,110.41900,111.44200,3.33,0,0,0,0,1,1,0,0,0,0,1,1,1,0,1,0
USDJPY,2021-07-06,LONG,5,loss,-1.00,110.63300,110.41900,111.44200,3.78,0,0,0,0,1,1,0,0,0,0,1,1,0,0,1,0
USDCAD,2021-07-06,SHORT,4,loss,-1.00,1.24639,1.24866,1.23246,6.14,1,0,0,0,1,1,0,0,0,0,0,0,1,0,0,0
EURUSD,2021-07-06,LONG,5,loss,-1.00,1.18221,1.18070,1.18719,3.30,1,1,1,0,1,0,0,0,0,0,0,1,0,0,0,0
USDJPY,2021-07-07,LONG,5,loss,-1.00,110.68100,110.41900,111.44200,2.90,0,0,0,0,1,1,0,0,0,0,1,1,0,0,1,0
EURUSD,2021-07-07,LONG,5,loss,-1.00,1.18225,1.18070,1.18719,3.19,1,1,1,0,1,0,0,0,0,0,0,1,0,0,0,0
NZDUSD,2021-07-07,LONG,5,loss,-1.00,0.70118,0.69876,0.70863,3.08,1,0,0,0,1,0,0,0,0,0,0,1,0,1,1,0
USDJPY,2021-07-07,LONG,5,loss,-1.00,110.62100,110.41900,111.44200,4.06,0,0,0,0,1,1,0,0,0,0,1,1,0,0,1,0
USDCAD,2021-07-07,SHORT,3,loss,-1.00,1.25071,1.25346,1.23246,6.64,1,0,0,0,1,0,0,0,0,0,0,0,0,0,1,0
USDJPY,2021-07-07,LONG,5,loss,-1.00,110.60600,110.41900,111.44200,4.47,0,0,0,0,1,1,0,0,0,0,1,1,0,0,1,0
AUDUSD,2021-07-08,LONG,2,win,2.59,0.74223,0.73989,0.74828,2.59,1,0,0,0,1,0,0,0,0,0,0,0,0,0,0,0
GBPUSD,2021-07-08,LONG,4,win,3.77,1.37604,1.37313,1.38700,3.77,1,0,0,0,1,0,0,0,1,0,0,1,0,0,0,0
USDCHF,2021-07-08,LONG,5,loss,-1.00,0.91711,0.91422,0.92566,2.96,0,1,0,0,1,0,1,0,0,0,1,1,0,0,0,0
GBPUSD,2021-07-08,LONG,5,win,2.99,1.37661,1.37313,1.38700,2.99,1,0,0,0,1,0,0,0,1,0,0,1,1,0,0,0
USDCHF,2021-07-09,LONG,6,loss,-1.00,0.91543,0.91330,0.92547,4.71,0,1,0,0,1,0,1,0,0,0,1,1,0,0,0,1
USDCHF,2021-07-09,LONG,5,loss,-1.00,0.91515,0.91330,0.92547,5.58,0,1,0,0,1,0,1,0,0,0,1,1,0,0,0,0
USDCHF,2021-07-12,LONG,5,loss,-1.00,0.91667,0.91330,0.92547,2.61,0,1,0,0,1,0,1,0,0,0,1,1,0,0,0,0
USDCHF,2021-07-12,LONG,5,loss,-1.00,0.91545,0.91330,0.92547,4.66,0,1,0,0,1,0,1,0,0,0,1,1,0,0,0,0
USDCHF,2021-07-12,LONG,5,loss,-1.00,0.91504,0.91330,0.92547,5.99,0,1,0,0,1,0,1,0,0,0,1,1,0,0,0,0
EURUSD,2021-07-13,LONG,4,timeout,0.69,1.17739,1.17379,1.18773,2.87,1,0,0,0,1,1,0,0,0,0,0,1,0,0,0,0
NZDUSD,2021-07-13,LONG,7,win,2.71,0.69430,0.69226,0.69983,2.71,1,1,1,0,1,1,0,1,0,0,0,1,0,0,0,0
USDCHF,2021-07-14,LONG,6,loss,-1.00,0.91445,0.91317,0.91860,3.24,0,1,0,0,1,1,1,0,0,0,1,1,0,0,0,0
USDJPY,2021-07-15,LONG,6,loss,-1.00,109.78800,109.53300,110.46100,2.64,0,0,0,0,1,0,1,0,1,1,1,1,0,0,0,0
AUDUSD,2021-07-16,LONG,4,loss,-1.00,0.74163,0.73989,0.74683,2.99,1,0,0,0,1,0,0,0,1,0,0,1,0,0,0,0
AUDUSD,2021-07-16,LONG,3,loss,-1.00,0.73953,0.73720,0.74683,3.13,1,0,0,0,1,0,0,0,1,0,0,0,0,0,0,0
GBPUSD,2021-07-16,LONG,4,loss,-1.00,1.37611,1.37313,1.38386,2.60,1,0,0,0,1,1,0,0,0,0,0,1,0,0,0,0
NZDUSD,2021-07-19,LONG,6,loss,-1.00,0.69422,0.69169,0.70099,2.68,1,1,0,0,1,1,0,0,0,0,0,1,0,1,0,0
GBPUSD,2021-07-19,LONG,2,loss,-1.00,1.36895,1.36689,1.37631,3.57,1,0,0,0,1,0,0,0,0,0,0,0,0,0,0,0
USDCAD,2021-07-19,SHORT,5,loss,-1.00,1.27523,1.27824,1.26379,3.80,1,1,1,0,1,0,0,0,1,0,0,0,0,0,0,0
NZDUSD,2021-07-19,LONG,3,loss,-1.00,0.69316,0.69169,0.69915,4.07,1,0,0,0,1,1,0,0,0,0,0,0,0,0,0,0
USDCAD,2021-07-19,SHORT,6,loss,-1.00,1.27462,1.27824,1.26379,2.99,1,1,1,0,1,0,0,0,1,0,0,0,1,0,0,0
USDJPY,2021-07-22,SHORT,5,loss,-1.00,110.26800,110.38700,109.43400,7.01,1,0,0,0,0,0,1,0,0,0,1,1,0,1,0,0
USDJPY,2021-07-22,SHORT,5,loss,-1.00,110.11700,110.38700,109.43400,2.53,1,0,0,0,0,0,1,0,0,0,1,1,0,0,1,0
USDJPY,2021-07-22,SHORT,5,loss,-1.00,110.13900,110.38700,109.43400,2.84,1,0,0,0,0,0,1,0,0,0,1,1,0,0,1,0
USDJPY,2021-07-23,SHORT,6,win,6.39,110.52700,110.69800,109.43400,6.39,1,0,0,0,0,1,1,0,0,0,1,1,0,0,1,0
AUDUSD,2021-07-26,SHORT,4,loss,-1.00,0.73854,0.73990,0.73037,6.01,0,0,1,0,1,0,0,0,0,0,1,1,0,0,0,0
AUDUSD,2021-07-26,SHORT,4,win,2.71,0.73842,0.73990,0.73441,2.71,0,0,1,0,1,0,0,0,0,0,1,1,0,0,0,0
EURUSD,2021-07-29,SHORT,7,loss,-1.00,1.18712,1.18951,1.17831,3.69,0,1,0,1,1,1,1,0,0,0,1,1,0,0,0,0
EURUSD,2021-07-30,SHORT,8,loss,-1.00,1.18833,1.18951,1.17831,8.49,0,1,0,1,1,1,1,1,0,0,1,1,0,0,0,0
EURUSD,2021-07-30,SHORT,8,loss,-1.00,1.18639,1.18810,1.17831,4.73,0,1,0,1,1,1,1,1,0,0,1,1,0,0,0,0
EURUSD,2021-07-30,SHORT,8,loss,-1.00,1.18621,1.18810,1.17831,4.18,0,1,0,1,1,1,1,1,0,0,1,1,0,0,0,0
USDCAD,2021-08-06,SHORT,4,loss,-1.00,1.25589,1.25754,1.25033,3.37,1,0,0,0,1,1,0,0,0,0,0,1,0,0,0,0
USDCHF,2021-08-06,SHORT,7,loss,-1.00,0.91494,0.91672,0.90721,4.34,1,1,0,0,1,0,1,0,0,1,1,1,0,0,0,0
USDJPY,2021-08-09,SHORT,5,loss,-1.00,110.25600,110.35600,109.72100,5.35,1,0,0,0,0,1,1,0,0,0,1,1,0,0,0,0
USDCHF,2021-08-09,SHORT,5,loss,-1.00,0.91907,0.92218,0.90721,3.81,1,1,0,0,0,1,0,0,0,1,1,0,0,0,0,0
USDJPY,2021-08-10,SHORT,5,loss,-1.00,110.48700,110.59200,109.72100,7.30,1,0,0,0,0,0,1,0,0,0,1,1,0,0,1,0
GBPUSD,2021-08-10,LONG,6,loss,-1.00,1.38610,1.38430,1.39206,3.31,1,0,0,0,1,1,1,0,0,0,1,1,0,0,0,0
USDJPY,2021-08-10,SHORT,4,loss,-1.00,110.55000,110.69800,109.72100,5.60,1,0,0,0,0,0,0,0,0,0,1,1,0,0,1,0
USDJPY,2021-08-10,SHORT,4,loss,-1.00,110.57100,110.69800,109.72100,6.69,1,0,0,0,0,0,0,0,0,0,1,1,0,0,1,0
NZDUSD,2021-08-11,SHORT,7,win,4.09,0.70455,0.70624,0.69764,4.09,0,0,0,0,1,1,1,0,1,1,1,1,0,0,0,0
GBPUSD,2021-08-11,LONG,5,loss,-1.00,1.38649,1.38430,1.39206,2.54,1,0,0,0,1,1,1,0,0,0,0,1,0,0,0,0
NZDUSD,2021-08-11,SHORT,8,win,2.79,0.70452,0.70624,0.69972,2.79,0,0,0,0,1,1,1,0,1,1,1,1,1,0,0,0
USDJPY,2021-08-12,LONG,6,loss,-1.00,110.41100,110.30700,110.74900,3.25,0,0,0,0,1,0,1,0,0,1,1,1,0,0,1,0
EURUSD,2021-08-13,SHORT,4,loss,-1.00,1.17594,1.17689,1.17127,4.92,0,0,0,1,1,0,0,0,0,0,1,1,0,0,0,0
AUDUSD,2021-08-13,SHORT,6,win,3.72,0.73761,0.73888,0.73289,3.72,0,0,1,0,1,1,0,0,1,0,1,1,0,0,0,0
GBPUSD,2021-08-17,LONG,5,loss,-1.00,1.37383,1.37196,1.37993,3.26,1,0,0,0,1,1,0,0,0,0,0,1,1,0,0,0
USDCAD,2021-08-19,SHORT,3,loss,-1.00,1.28241,1.28451,1.27350,4.24,1,0,0,0,1,0,0,0,1,0,0,0,0,0,0,0
USDCAD,2021-08-20,SHORT,4,win,2.81,1.29065,1.29334,1.28310,2.81,1,0,0,0,1,0,0,1,0,0,0,0,1,0,0,0
EURUSD,2021-08-23,SHORT,4,loss,-1.00,1.17314,1.17427,1.16681,5.60,0,0,0,0,1,0,0,0,1,0,1,1,0,0,0,0
EURUSD,2021-08-25,SHORT,3,loss,-1.00,1.17408,1.17650,1.16681,3.00,0,0,0,0,1,0,0,0,0,0,1,1,0,0,0,0
EURUSD,2021-08-25,SHORT,4,loss,-1.00,1.17711,1.18045,1.16681,3.08,0,0,0,0,1,0,1,0,0,0,1,1,0,0,0,0
USDJPY,2021-08-26,SHORT,8,loss,-1.00,110.11400,110.22800,109.74700,3.22,1,0,1,0,0,1,1,0,0,1,1,1,0,0,1,0
EURUSD,2021-08-27,SHORT,5,loss,-1.00,1.17932,1.18045,1.17407,4.65,0,0,0,0,1,1,1,0,0,0,1,1,0,0,0,0
USDCHF,2021-08-27,LONG,6,win,5.17,0.91118,0.90994,0.91759,5.17,0,0,0,0,1,1,1,0,1,0,1,1,0,0,0,0
NZDUSD,2021-08-30,SHORT,7,loss,-1.00,0.70048,0.70184,0.69495,4.07,0,1,0,0,1,1,1,0,0,0,1,1,0,0,1,0
NZDUSD,2021-08-30,SHORT,7,loss,-1.00,0.70007,0.70184,0.69495,2.89,0,1,0,0,1,1,1,0,0,0,1,1,0,0,1,0
EURUSD,2021-08-30,SHORT,4,loss,-1.00,1.17945,1.18045,1.17407,5.38,0,0,0,0,1,0,1,0,0,0,1,1,0,0,0,0
NZDUSD,2021-08-30,SHORT,7,loss,-1.00,0.70009,0.70184,0.69495,2.94,0,1,0,0,1,1,1,0,0,0,1,1,0,0,1,0
NZDUSD,2021-08-31,SHORT,3,loss,-1.00,0.70642,0.70882,0.69967,2.81,0,0,0,0,1,1,0,0,0,0,1,0,0,0,0,0
GBPUSD,2021-08-31,LONG,6,loss,-1.00,1.37482,1.37337,1.37883,2.77,1,0,0,0,1,0,1,0,1,0,0,1,1,0,0,0
NZDUSD,2021-08-31,SHORT,3,loss,-1.00,0.70454,0.70614,0.69967,3.04,0,0,0,0,1,1,0,0,0,0,1,0,0,0,0,0
AUDUSD,2021-09-01,SHORT,4,loss,-1.00,0.73675,0.73809,0.73155,3.88,0,0,0,0,1,1,1,0,0,0,1,0,0,0,0,0
EURUSD,2021-09-02,SHORT,6,loss,-1.00,1.18468,1.18571,1.18055,4.01,0,1,0,0,1,0,1,0,0,0,1,1,1,0,0,0
USDJPY,2021-09-02,LONG,9,loss,-1.00,109.99500,109.88000,110.39800,3.50,1,0,1,0,1,0,1,1,1,0,1,1,0,0,1,0
USDJPY,2021-09-02,LONG,10,loss,-1.00,110.01200,109.88000,110.39800,2.92,1,0,1,0,1,0,1,1,1,0,1,1,1,0,1,0
AUDUSD,2021-09-02,SHORT,3,loss,-1.00,0.74026,0.74155,0.73648,2.93,0,1,0,0,1,0,0,0,0,0,1,0,0,0,0,0
USDCHF,2021-09-03,LONG,8,loss,-1.00,0.91485,0.91388,0.91767,2.91,0,1,0,0,1,1,1,0,1,1,1,1,0,0,0,0
USDJPY,2021-09-03,LONG,8,win,3.21,109.64600,109.41200,110.39800,3.21,1,0,1,0,1,0,1,0,1,0,1,1,0,0,1,0
USDJPY,2021-09-03,LONG,8,win,3.26,109.68900,109.58500,110.02800,3.26,1,0,1,0,1,0,1,0,1,0,1,1,0,0,1,0
USDCAD,2021-09-07,SHORT,4,loss,-1.00,1.26234,1.26377,1.25284,6.64,1,1,0,0,1,0,0,0,0,0,0,1,0,0,0,0
GBPUSD,2021-09-08,LONG,5,win,2.62,1.37630,1.37309,1.38470,2.62,1,0,0,0,1,1,1,0,0,0,0,1,0,0,0,0
USDJPY,2021-09-09,LONG,7,loss,-1.00,109.76200,109.59000,110.19400,2.51,1,0,0,0,1,1,1,0,1,0,1,1,0,0,0,0
USDJPY,2021-09-09,LONG,8,loss,-1.00,109.69300,109.59000,110.19400,4.86,1,0,0,0,1,1,1,0,1,0,1,1,0,0,1,0
USDJPY,2021-09-15,LONG,3,loss,-1.00,109.23900,109.11300,110.11300,6.94,1,0,0,0,1,0,0,0,0,0,0,1,0,0,0,0
GBPUSD,2021-09-17,LONG,7,loss,-1.00,1.37545,1.37261,1.38378,2.93,1,0,0,0,1,1,1,0,1,0,1,1,0,0,0,0
GBPUSD,2021-09-21,LONG,4,loss,-1.00,1.36628,1.36405,1.37280,2.92,1,1,0,0,1,0,0,0,0,0,0,1,0,0,0,0
GBPUSD,2021-09-21,LONG,5,loss,-1.00,1.36634,1.36405,1.37280,2.82,1,1,0,0,1,0,0,0,0,0,0,1,1,0,0,0
EURUSD,2021-09-22,SHORT,4,loss,-1.00,1.17381,1.17486,1.17052,3.13,0,0,0,0,1,0,0,1,0,0,1,1,0,0,0,0
GBPUSD,2021-09-22,LONG,3,win,6.55,1.36186,1.36019,1.37280,6.55,1,1,0,0,1,0,0,0,0,0,0,0,0,0,0,0
USDCAD,2021-09-23,LONG,6,loss,-1.00,1.26610,1.26159,1.27861,2.77,0,1,0,0,1,1,1,0,0,0,1,1,0,0,0,0
USDCAD,2021-09-23,LONG,6,loss,-1.00,1.26573,1.26159,1.27861,3.11,0,1,0,0,1,1,1,0,0,0,1,1,0,0,0,0
USDCAD,2021-09-24,LONG,6,loss,-1.00,1.26727,1.26330,1.27861,2.86,0,1,0,0,1,1,1,0,0,0,1,1,0,0,0,0
USDCAD,2021-09-27,LONG,5,loss,-1.00,1.26266,1.26008,1.27080,3.16,0,1,0,0,1,0,1,0,0,0,1,1,0,0,0,0
GBPUSD,2021-09-28,LONG,5,loss,-1.00,1.35975,1.35717,1.37238,4.90,1,1,0,0,1,0,0,0,0,0,0,1,0,1,0,0
GBPUSD,2021-09-28,LONG,3,loss,-1.00,1.35395,1.35193,1.36774,6.83,1,0,0,0,1,0,0,0,0,0,0,0,1,0,0,0
USDCAD,2021-10-01,LONG,7,loss,-1.00,1.26575,1.26296,1.27286,2.55,0,1,0,0,1,1,1,0,0,0,1,1,0,1,0,0
AUDUSD,2021-10-07,SHORT,5,loss,-1.00,0.73041,0.73161,0.72435,5.05,0,0,0,0,1,1,1,0,0,0,1,1,0,0,0,0
AUDUSD,2021-10-07,SHORT,5,loss,-1.00,0.73204,0.73468,0.72435,2.91,0,0,0,0,1,1,1,0,0,0,1,1,0,0,0,0
AUDUSD,2021-10-08,SHORT,6,loss,-1.00,0.73034,0.73238,0.72435,2.94,0,0,0,0,1,1,1,1,0,0,1,1,0,0,0,0
AUDUSD,2021-10-08,SHORT,6,loss,-1.00,0.73077,0.73238,0.72435,3.99,0,0,0,0,1,1,1,1,0,0,1,1,0,0,0,0
AUDUSD,2021-10-08,SHORT,6,loss,-1.00,0.73101,0.73238,0.72435,4.86,0,0,0,0,1,1,1,1,0,0,1,1,0,0,0,0
USDCHF,2021-10-13,LONG,6,loss,-1.00,0.92600,0.92498,0.92936,3.29,0,0,0,0,1,1,1,0,1,0,1,1,0,0,0,0
USDCHF,2021-10-13,LONG,6,loss,-1.00,0.92368,0.92148,0.92936,2.58,0,0,0,0,1,1,1,0,1,0,1,1,0,0,0,0
EURUSD,2021-10-18,SHORT,3,loss,-1.00,1.16086,1.16185,1.15643,4.47,0,0,0,0,1,0,0,0,0,0,1,1,0,0,0,0
USDCHF,2021-10-20,LONG,5,loss,-1.00,0.91976,0.91847,0.92434,3.55,0,1,0,0,1,0,1,0,0,0,1,1,0,0,0,0
USDJPY,2021-10-28,LONG,7,loss,-1.00,113.60900,113.38700,114.18300,2.59,1,0,0,0,1,1,0,0,0,0,1,1,1,0,1,0
USDJPY,2021-10-28,LONG,6,win,4.56,113.38500,113.21000,114.18300,4.56,1,0,0,0,1,1,0,0,0,0,1,1,0,0,1,0
USDJPY,2021-10-28,LONG,6,win,3.45,113.56600,113.38700,114.18300,3.45,1,0,0,0,1,1,0,0,0,0,1,1,0,0,1,0
USDCAD,2021-11-02,SHORT,6,loss,-1.00,1.24051,1.24310,1.23384,2.58,1,0,0,0,1,0,0,0,1,0,1,1,0,1,0,0
USDCAD,2021-11-03,SHORT,8,loss,-1.00,1.24182,1.24310,1.23805,2.95,1,0,0,0,1,1,1,1,1,0,1,1,0,0,0,0
USDJPY,2021-11-04,LONG,7,loss,-1.00,113.63700,113.46100,114.21100,3.26,1,0,0,0,1,1,0,0,1,0,1,1,0,0,1,0
NZDUSD,2021-11-04,LONG,6,loss,-1.00,0.71084,0.70924,0.71727,4.02,1,0,0,0,1,1,1,0,0,0,1,1,0,0,0,0
USDJPY,2021-11-05,LONG,7,loss,-1.00,113.45600,113.25500,114.21100,3.76,1,0,0,0,1,1,0,0,1,0,1,1,0,0,1,0
USDCAD,2021-11-05,SHORT,8,loss,-1.00,1.24414,1.24569,1.23940,3.06,1,0,0,0,1,1,1,1,1,0,1,1,0,0,0,0
USDCAD,2021-11-09,SHORT,6,win,3.31,1.24595,1.24793,1.23940,3.31,1,0,0,0,1,0,1,1,0,0,1,1,0,0,0,0
USDCHF,2021-11-10,SHORT,5,loss,-1.00,0.91628,0.91748,0.91100,4.40,1,1,0,0,0,0,1,0,0,0,1,1,0,0,0,0
NZDUSD,2021-11-10,LONG,5,loss,-1.00,0.70861,0.70719,0.71315,3.20,1,0,0,0,1,0,1,0,0,0,1,1,0,0,0,0
USDCHF,2021-11-10,SHORT,5,loss,-1.00,0.91779,0.91944,0.91100,4.12,1,1,0,0,0,0,1,0,0,0,1,1,0,0,0,0
NZDUSD,2021-11-10,LONG,4,loss,-1.00,0.70632,0.70489,0.71315,4.78,1,0,0,0,1,0,1,0,0,0,1,0,0,0,0,0
USDCHF,2021-11-11,SHORT,5,loss,-1.00,0.92053,0.92259,0.91100,4.63,1,1,0,0,0,0,1,0,0,0,1,1,0,0,0,0
USDCHF,2021-11-11,SHORT,6,loss,-1.00,0.92046,0.92259,0.91100,4.44,1,1,0,0,0,0,1,0,0,0,1,1,1,0,0,0
USDCHF,2021-11-11,SHORT,5,loss,-1.00,0.92195,0.92521,0.91100,3.36,1,1,0,0,0,0,1,0,0,0,1,1,0,0,0,0
USDCHF,2021-11-12,SHORT,5,loss,-1.00,0.92289,0.92521,0.91100,5.13,1,1,0,0,0,0,1,0,0,0,1,1,0,0,0,0
USDCHF,2021-11-12,SHORT,5,loss,-1.00,0.92158,0.92521,0.91100,2.91,1,1,0,0,0,0,1,0,0,0,1,1,0,0,0,0
USDCHF,2021-11-12,SHORT,5,loss,-1.00,0.92081,0.92259,0.91100,5.51,1,1,0,0,0,0,1,0,0,0,1,1,0,0,0,0
USDCAD,2021-11-17,SHORT,4,loss,-1.00,1.26145,1.26476,1.25276,2.63,1,1,0,0,1,0,0,0,0,0,0,1,0,0,0,0
NZDUSD,2021-11-19,LONG,5,loss,-1.00,0.69934,0.69795,0.70363,3.09,1,1,0,0,1,0,0,0,0,0,0,1,0,0,1,0
USDCAD,2021-11-23,SHORT,3,win,2.62,1.27372,1.27742,1.26404,2.62,1,0,0,0,1,0,0,1,0,0,0,0,0,0,0,0
USDJPY,2021-11-26,LONG,7,loss,-1.00,113.90600,113.58500,115.07400,3.64,1,0,0,0,1,0,1,0,1,0,1,1,0,0,1,0
USDJPY,2021-11-26,LONG,6,loss,-1.00,113.17800,112.72300,115.07400,4.17,1,0,0,0,1,0,1,0,1,0,1,0,0,0,1,0
USDCHF,2021-11-26,LONG,5,loss,-1.00,0.92251,0.91866,0.93324,2.79,0,1,0,0,1,0,1,0,0,0,1,1,0,0,0,0
USDCHF,2021-11-26,LONG,4,loss,-1.00,0.92162,0.91866,0.92957,2.69,0,1,0,0,1,0,1,0,0,0,1,0,0,0,0,0
USDCHF,2021-12-06,SHORT,5,loss,-1.00,0.92579,0.92727,0.91852,4.91,1,0,0,0,0,1,1,0,0,0,1,1,0,0,0,0
USDCAD,2021-12-08,LONG,4,win,3.15,1.26184,1.25842,1.27263,3.15,0,1,0,0,1,0,1,0,0,0,1,0,0,0,0,0
AUDUSD,2021-12-08,SHORT,4,loss,-1.00,0.71595,0.71727,0.70482,8.43,0,0,0,0,1,1,0,0,0,0,1,1,0,0,0,0
EURUSD,2021-12-08,SHORT,5,loss,-1.00,1.13326,1.13476,1.12612,4.76,0,0,0,0,1,1,0,0,1,0,1,1,0,0,0,0
USDCAD,2021-12-08,LONG,5,loss,-1.00,1.26597,1.26401,1.27263,3.40,0,1,0,0,1,0,1,0,0,0,1,1,0,0,0,0
USDCAD,2021-12-08,LONG,5,win,3.87,1.26578,1.26401,1.27263,3.87,0,1,0,0,1,0,1,0,0,0,1,1,0,0,0,0
USDCHF,2021-12-14,SHORT,6,loss,-1.00,0.92421,0.92562,0.91942,3.40,1,0,0,0,0,1,1,0,1,0,1,1,0,0,0,0
GBPUSD,2021-12-16,SHORT,5,win,6.67,1.33307,1.33516,1.31912,6.67,0,0,1,0,1,1,0,0,0,0,1,1,0,0,0,0
USDJPY,2021-12-17,LONG,8,loss,-1.00,113.47600,113.22000,114.17400,2.73,1,0,0,0,1,1,1,1,0,0,1,1,0,0,1,0
USDJPY,2021-12-20,LONG,7,win,2.87,113.40600,113.13800,114.17400,2.87,1,0,0,0,1,1,1,0,0,0,1,1,0,0,1,0
GBPUSD,2021-12-22,SHORT,6,loss,-1.00,1.33437,1.33741,1.32558,2.89,0,0,0,0,1,1,1,0,1,0,1,1,0,0,0,0
AUDUSD,2021-12-22,SHORT,5,loss,-1.00,0.72023,0.72233,0.71321,3.34,0,0,0,0,1,1,1,0,1,0,1,0,0,0,0,0
NZDUSD,2021-12-22,SHORT,4,loss,-1.00,0.68201,0.68334,0.67556,4.85,0,0,0,0,1,1,0,0,1,0,1,0,0,0,0,0
GBPUSD,2021-12-22,SHORT,6,loss,-1.00,1.33586,1.33741,1.32726,5.55,0,0,0,0,1,1,1,0,1,0,1,1,0,0,0,0
EURUSD,2021-12-23,SHORT,6,loss,-1.00,1.13341,1.13603,1.12676,2.54,0,0,0,0,1,1,1,0,1,0,1,1,0,0,0,0
GBPUSD,2021-12-24,SHORT,4,loss,-1.00,1.34125,1.34377,1.33483,2.55,0,0,0,0,1,0,1,0,1,0,1,0,0,0,0,0
USDCAD,2021-12-24,LONG,4,loss,-1.00,1.27874,1.27632,1.29091,5.03,0,0,0,0,1,1,0,0,0,0,1,1,0,0,0,0
GBPUSD,2021-12-27,SHORT,6,loss,-1.00,1.34159,1.34377,1.33483,3.10,0,0,0,0,1,1,1,0,1,0,1,1,0,0,0,0
USDCAD,2021-12-27,LONG,4,loss,-1.00,1.27834,1.27632,1.29091,6.22,0,0,0,0,1,1,0,0,0,0,1,1,0,0,0,0
USDCAD,2021-12-30,LONG,4,loss,-1.00,1.27806,1.27632,1.28253,2.57,0,0,0,0,1,0,1,0,0,0,1,1,0,0,0,0
USDCAD,2021-12-30,LONG,3,loss,-1.00,1.27875,1.27726,1.28253,2.54,0,0,0,0,1,0,0,0,0,0,1,1,0,0,0,0
USDCHF,2022-01-03,SHORT,6,loss,-1.00,0.91835,0.92012,0.91207,3.55,1,1,0,0,0,0,1,0,0,0,1,1,1,0,0,0
USDCAD,2022-01-07,LONG,6,loss,-1.00,1.26341,1.26063,1.27231,3.20,0,1,0,0,1,1,0,0,1,1,1,0,0,0,0,0
EURUSD,2022-01-07,SHORT,7,win,3.80,1.13628,1.13782,1.13043,3.80,0,0,0,0,1,1,1,0,1,1,1,1,0,0,0,0
USDCHF,2022-01-10,SHORT,5,loss,-1.00,0.92200,0.92323,0.91781,3.41,1,1,0,0,0,0,1,0,0,0,1,1,0,0,0,0
USDJPY,2022-01-10,LONG,5,loss,-1.00,115.11300,114.94600,115.80000,4.11,1,0,0,0,1,0,0,0,0,0,1,1,0,0,1,0
USDCHF,2022-01-10,SHORT,2,win,3.05,0.92723,0.92939,0.92065,3.05,1,0,0,0,0,0,0,0,0,0,1,0,0,0,0,0
EURUSD,2022-01-11,SHORT,7,loss,-1.00,1.13667,1.13782,1.13046,5.40,0,0,0,0,1,1,1,0,1,1,1,1,0,0,0,0
USDCHF,2022-01-12,LONG,6,loss,-1.00,0.91528,0.91363,0.92645,6.77,0,1,0,0,1,1,0,0,1,0,1,1,0,0,0,0
NZDUSD,2022-01-12,SHORT,4,loss,-1.00,0.68398,0.68564,0.67562,5.04,0,0,0,0,1,0,1,0,0,1,1,0,0,0,0,0
USDJPY,2022-01-12,LONG,6,loss,-1.00,114.84700,114.66600,115.46400,3.41,1,0,0,0,1,0,1,0,0,0,1,1,0,0,1,0
NZDUSD,2022-01-12,SHORT,4,loss,-1.00,0.68520,0.68674,0.67766,4.90,0,0,0,0,1,0,1,0,0,1,1,0,0,0,0,0
USDJPY,2022-01-13,LONG,6,loss,-1.00,114.50700,114.27400,115.39800,3.82,1,0,0,0,1,0,1,0,0,0,1,1,0,0,1,0
EURUSD,2022-01-17,LONG,4,loss,-1.00,1.14141,1.13984,1.14655,3.27,1,0,0,0,0,0,1,0,0,0,1,1,0,0,0,0
EURUSD,2022-01-18,LONG,5,loss,-1.00,1.13431,1.13130,1.14655,4.07,1,0,0,0,0,1,1,0,0,0,1,1,0,0,0,0
EURUSD,2022-01-18,LONG,5,loss,-1.00,1.13269,1.13130,1.13973,5.06,1,0,0,0,0,1,1,0,0,0,1,1,0,0,0,0
AUDUSD,2022-01-19,LONG,7,win,3.14,0.72110,0.71950,0.72612,3.14,1,0,0,0,0,1,1,0,0,1,1,1,0,0,0,1
EURUSD,2022-01-20,LONG,5,loss,-1.00,1.13123,1.12847,1.13866,2.69,1,0,0,0,0,1,1,0,0,0,1,1,0,0,0,0
GBPUSD,2022-01-21,LONG,6,loss,-1.00,1.35570,1.35317,1.36556,3.90,1,1,0,0,0,1,1,0,0,0,1,1,0,0,0,0
USDJPY,2022-01-21,LONG,7,loss,-1.00,113.66700,113.48000,114.17500,2.72,1,0,0,0,1,1,0,0,1,1,0,1,0,0,1,0
AUDUSD,2022-01-21,LONG,5,loss,-1.00,0.71760,0.71544,0.72418,3.05,1,0,0,0,0,1,0,0,0,1,1,1,0,0,0,0
GBPUSD,2022-01-24,LONG,4,loss,-1.00,1.34639,1.34304,1.35552,2.73,1,0,0,0,0,1,1,0,0,0,1,0,0,0,0,0
USDCAD,2022-01-24,SHORT,6,loss,-1.00,1.26619,1.26973,1.25602,2.87,1,1,0,1,0,1,1,0,0,0,1,0,0,0,0,0
GBPUSD,2022-01-25,LONG,4,loss,-1.00,1.34459,1.34304,1.35552,7.05,1,0,0,0,0,1,1,0,0,0,1,0,0,0,0,0
GBPUSD,2022-01-26,LONG,5,loss,-1.00,1.34662,1.34358,1.35552,2.93,1,0,0,0,0,1,1,0,0,0,1,1,0,0,0,0
USDCAD,2022-01-28,SHORT,4,win,2.66,1.27825,1.28134,1.27002,2.66,1,0,0,1,0,1,0,0,0,0,1,0,0,0,0,0
GBPUSD,2022-02-01,SHORT,7,loss,-1.00,1.35050,1.35245,1.34400,3.33,0,1,0,0,1,1,1,0,0,0,1,1,0,0,1,0
EURUSD,2022-02-03,SHORT,2,loss,-1.00,1.14331,1.14827,1.12801,3.08,0,0,0,0,1,0,0,0,0,0,1,0,0,0,0,0
EURUSD,2022-02-08,SHORT,3,loss,-1.00,1.14261,1.14837,1.12801,2.53,1,0,0,0,1,0,0,0,0,0,0,1,0,0,0,0
NZDUSD,2022-02-09,SHORT,5,loss,-1.00,0.66858,0.67018,0.66363,3.09,0,0,0,0,1,1,0,0,0,1,1,1,0,0,0,0
USDCAD,2022-02-09,LONG,7,loss,-1.00,1.26696,1.26494,1.27236,2.67,0,1,0,0,1,1,1,0,1,0,1,1,0,0,0,0
NZDUSD,2022-02-09,SHORT,5,loss,-1.00,0.66884,0.67018,0.66547,2.51,0,0,0,0,1,1,0,0,0,1,1,1,0,0,0,0
USDCAD,2022-02-10,LONG,7,loss,-1.00,1.26719,1.26572,1.27236,3.52,0,1,0,0,1,1,1,0,1,0,1,1,0,0,0,0
EURUSD,2022-02-10,SHORT,4,loss,-1.00,1.14667,1.14837,1.14090,3.39,1,0,0,0,1,1,0,0,0,0,0,1,0,0,0,0
USDJPY,2022-02-14,LONG,7,loss,-1.00,115.17600,114.91300,115.99900,3.13,1,0,0,0,1,1,1,0,0,0,1,1,0,0,1,0
GBPUSD,2022-02-14,LONG,7,loss,-1.00,1.35139,1.34900,1.36026,3.71,1,1,0,0,0,0,1,1,0,0,1,1,0,0,1,0
GBPUSD,2022-02-14,LONG,7,loss,-1.00,1.35130,1.34900,1.36026,3.90,1,1,0,0,0,0,1,1,0,0,1,1,0,0,1,0
GBPUSD,2022-02-14,LONG,8,loss,-1.00,1.35196,1.34900,1.36026,2.80,1,1,0,0,0,0,1,1,0,0,1,1,0,0,1,1
GBPUSD,2022-02-15,LONG,6,win,3.13,1.35209,1.34948,1.36026,3.13,1,1,0,0,0,0,1,1,0,0,1,1,0,0,0,0
USDCAD,2022-02-16,LONG,8,loss,-1.00,1.26866,1.26690,1.27592,4.13,0,1,0,0,1,1,1,1,1,0,1,1,0,0,0,0
USDJPY,2022-02-17,LONG,7,loss,-1.00,115.06000,114.91300,115.67600,4.19,1,0,0,0,1,1,1,0,0,0,1,1,0,0,1,0
NZDUSD,2022-02-21,SHORT,6,win,3.14,0.67220,0.67325,0.66890,3.14,0,0,1,0,1,0,1,0,1,0,1,1,0,0,0,0
AUDUSD,2022-02-21,SHORT,5,loss,-1.00,0.72142,0.72275,0.71696,3.35,1,0,1,0,1,0,0,0,1,0,0,1,0,0,0,0
GBPUSD,2022-02-23,LONG,6,loss,-1.00,1.35597,1.35381,1.36230,2.93,1,1,0,0,0,0,1,0,1,0,1,1,0,0,0,0
GBPUSD,2022-02-24,LONG,3,loss,-1.00,1.33962,1.33577,1.35444,3.85,1,0,0,0,0,0,0,0,1,0,1,0,0,0,0,0
NZDUSD,2022-02-24,LONG,6,loss,-1.00,0.66982,0.66799,0.67694,3.89,1,0,0,0,0,1,1,0,1,0,1,1,0,0,0,0
NZDUSD,2022-02-24,LONG,4,win,3.43,0.66321,0.65921,0.67694,3.43,1,0,0,0,0,1,0,0,1,0,1,0,0,0,0,0
USDCAD,2022-02-25,LONG,6,win,3.20,1.27102,1.26812,1.28031,3.20,0,1,0,0,1,1,1,0,0,0,1,1,0,0,0,0
USDCHF,2022-02-28,LONG,8,win,3.89,0.91743,0.91497,0.92700,3.89,0,1,0,1,1,0,1,0,1,1,1,1,0,0,0,0
USDCHF,2022-02-28,LONG,7,win,5.56,0.91661,0.91497,0.92573,5.56,0,1,0,1,1,0,0,0,1,1,1,1,0,0,0,0
AUDUSD,2022-02-28,SHORT,3,loss,-1.00,0.72630,0.72835,0.72029,2.93,1,0,0,0,1,0,0,0,0,0,0,0,0,1,0,0
AUDUSD,2022-03-02,SHORT,3,loss,-1.00,0.72960,0.73138,0.72514,2.51,1,1,0,0,1,0,0,0,0,0,0,0,0,0,0,0
AUDUSD,2022-03-07,SHORT,3,win,3.43,0.74082,0.74312,0.73292,3.43,1,0,0,0,1,0,0,0,0,0,0,0,1,0,0,0
USDCAD,2022-03-16,LONG,6,loss,-1.00,1.27065,1.26848,1.28372,6.02,0,1,0,0,1,0,1,0,0,1,1,1,0,0,0,0
GBPUSD,2022-03-16,SHORT,3,loss,-1.00,1.31532,1.31945,1.30390,2.77,0,0,0,0,1,0,0,0,0,0,1,1,0,0,0,0
EURUSD,2022-03-17,SHORT,5,win,3.47,1.11098,1.11437,1.09920,3.47,1,0,0,0,1,1,0,0,1,0,1,0,0,0,0,0
GBPUSD,2022-03-18,SHORT,4,loss,-1.00,1.31700,1.32106,1.30390,3.23,0,0,0,0,1,1,0,0,0,0,1,1,0,0,0,0
USDCHF,2022-03-24,LONG,7,loss,-1.00,0.93056,0.92948,0.93348,2.70,0,0,1,1,1,1,1,0,0,0,1,1,0,0,0,0
AUDUSD,2022-03-24,SHORT,3,loss,-1.00,0.75139,0.75357,0.74567,2.62,1,0,0,0,1,0,0,0,0,0,0,0,0,0,1,0
USDCHF,2022-03-25,LONG,8,win,3.59,0.92622,0.92501,0.93056,3.59,0,1,1,1,1,1,1,0,0,0,1,1,0,0,0,0
EURUSD,2022-03-29,SHORT,5,loss,-1.00,1.11065,1.11375,1.09926,3.67,1,0,0,0,1,1,1,0,0,0,1,0,0,0,0,0
USDJPY,2022-03-30,LONG,5,win,2.55,121.72700,121.17800,123.12600,2.55,1,0,0,0,1,1,0,0,0,0,1,1,0,0,0,0
USDCAD,2022-04-07,SHORT,7,loss,-1.00,1.25929,1.26237,1.25019,2.95,1,1,0,0,1,1,1,0,0,0,1,1,0,0,0,0
NZDUSD,2022-04-07,LONG,6,loss,-1.00,0.68857,0.68636,0.69533,3.06,1,1,0,0,0,1,0,0,1,0,1,1,0,0,0,0
AUDUSD,2022-04-13,LONG,6,loss,-1.00,0.74151,0.73992,0.74645,3.11,1,0,0,0,1,1,1,0,0,0,1,1,0,0,0,0
EURUSD,2022-04-13,SHORT,5,loss,-1.00,1.08829,1.09036,1.08306,2.53,1,0,0,0,1,0,0,0,0,1,1,1,0,0,0,0
AUDUSD,2022-04-15,LONG,5,loss,-1.00,0.74036,0.73913,0.74444,3.32,1,0,0,0,1,0,1,0,0,0,1,1,0,0,0,0
AUDUSD,2022-04-15,LONG,5,loss,-1.00,0.73927,0.73733,0.74444,2.66,1,0,0,0,1,0,1,0,0,0,1,1,0,0,0,0
AUDUSD,2022-04-15,LONG,5,loss,-1.00,0.73922,0.73733,0.74444,2.76,1,0,0,0,1,0,1,0,0,0,1,1,0,0,0,0
USDCAD,2022-04-18,SHORT,6,loss,-1.00,1.26267,1.26418,1.25539,4.82,1,1,0,0,1,0,1,0,0,0,1,1,0,0,0,0
USDCAD,2022-04-18,SHORT,6,loss,-1.00,1.26204,1.26418,1.25539,3.11,1,1,0,0,1,0,1,0,0,0,1,1,0,0,0,0
AUDUSD,2022-04-21,LONG,6,loss,-1.00,0.73738,0.73423,0.74563,2.62,1,0,0,0,1,1,1,0,0,0,1,1,0,0,0,0
USDCAD,2022-04-25,SHORT,2,loss,-1.00,1.27494,1.27780,1.26290,4.21,1,0,0,0,1,0,0,0,0,0,0,0,0,0,0,0
USDCAD,2022-05-04,LONG,6,win,2.72,1.27347,1.26837,1.28736,2.72,0,1,0,0,1,1,1,0,0,0,1,1,0,0,0,0
USDCAD,2022-05-16,LONG,6,loss,-1.00,1.28463,1.28123,1.29456,2.92,0,0,0,1,1,1,0,0,1,0,1,1,0,0,0,0
EURUSD,2022-05-17,SHORT,5,loss,-1.00,1.05392,1.05771,1.04390,2.64,1,0,0,0,1,1,0,0,0,0,1,1,0,0,0,0
AUDUSD,2022-05-17,SHORT,4,win,2.54,0.70303,0.70532,0.69722,2.54,1,0,0,0,1,0,0,0,0,0,1,1,0,0,0,0
USDCAD,2022-05-17,LONG,5,loss,-1.00,1.28385,1.28123,1.29259,3.34,0,0,0,1,1,1,0,0,0,0,1,1,0,0,0,0
EURUSD,2022-05-17,SHORT,5,loss,-1.00,1.05458,1.05771,1.04400,3.38,1,0,0,0,1,1,0,0,0,0,1,1,0,0,0,0
USDCAD,2022-05-18,LONG,6,loss,-1.00,1.28307,1.28123,1.29259,5.17,0,0,0,1,1,1,1,0,0,0,1,1,0,0,0,0
USDCHF,2022-05-18,LONG,4,loss,-1.00,0.99025,0.98716,1.00204,3.82,0,0,0,0,1,1,0,0,0,0,1,1,0,0,0,0
USDCAD,2022-05-18,LONG,7,loss,-1.00,1.28397,1.28123,1.29259,3.15,0,0,0,1,1,1,0,0,0,0,1,1,1,0,0,1
NZDUSD,2022-05-19,SHORT,4,loss,-1.00,0.63578,0.63751,0.62915,3.83,1,0,0,0,1,0,0,0,0,0,1,1,0,0,0,0
USDJPY,2022-05-19,LONG,6,loss,-1.00,127.93400,127.51700,129.13800,2.89,1,0,0,0,1,1,0,0,1,0,1,0,0,0,1,0
USDCHF,2022-05-19,LONG,3,loss,-1.00,0.97146,0.96707,0.98252,2.52,0,0,0,0,1,1,0,0,0,0,1,0,0,0,0,0
EURUSD,2022-05-20,SHORT,7,loss,-1.00,1.05663,1.05924,1.04924,2.83,1,0,0,0,1,1,0,1,0,0,1,1,1,0,0,0
GBPUSD,2022-05-20,SHORT,4,loss,-1.00,1.24905,1.25244,1.23834,3.16,1,0,0,0,1,0,0,0,0,0,1,0,0,0,1,0
GBPUSD,2022-05-20,SHORT,5,loss,-1.00,1.24880,1.25244,1.23834,2.87,1,0,0,0,1,0,0,0,0,0,1,1,0,0,1,0
AUDUSD,2022-05-23,SHORT,5,win,2.97,0.71125,0.71347,0.70465,2.97,1,0,0,0,1,1,0,1,0,0,1,0,0,0,0,0
USDJPY,2022-05-24,LONG,6,win,3.96,126.55700,126.23900,127.81600,3.96,1,0,0,0,1,0,1,0,0,0,1,0,0,1,1,0
AUDUSD,2022-05-24,SHORT,4,win,3.12,0.71071,0.71265,0.70465,3.12,1,0,0,0,1,1,0,0,0,0,1,0,0,0,0,0
GBPUSD,2022-05-25,SHORT,4,loss,-1.00,1.25765,1.26007,1.24984,3.23,1,0,0,0,1,1,0,0,0,0,1,0,0,0,0,0
USDCHF,2022-05-26,LONG,2,loss,-1.00,0.95926,0.95733,0.96463,2.78,0,0,0,0,1,0,0,0,0,0,1,0,0,0,0,0
GBPUSD,2022-05-26,SHORT,3,loss,-1.00,1.25988,1.26378,1.24984,2.57,1,0,0,0,1,0,0,0,0,0,1,0,0,0,0,0
USDCHF,2022-05-27,LONG,2,loss,-1.00,0.95848,0.95642,0.96463,2.99,0,0,0,0,1,0,0,0,0,0,1,0,0,0,0,0
USDCHF,2022-05-27,LONG,2,loss,-1.00,0.95748,0.95464,0.96463,2.52,0,0,0,0,1,0,0,0,0,0,1,0,0,0,0,0
NZDUSD,2022-05-30,SHORT,4,win,3.41,0.65567,0.65678,0.65189,3.41,1,0,0,0,1,0,1,0,0,0,1,0,0,0,0,0
NZDUSD,2022-06-02,SHORT,5,loss,-1.00,0.65492,0.65678,0.64755,3.96,1,0,0,0,1,1,1,0,0,0,1,0,0,0,0,0
GBPUSD,2022-06-06,SHORT,7,win,3.97,1.25695,1.25895,1.24900,3.97,1,0,0,0,1,1,0,0,1,1,1,1,0,0,0,0
EURUSD,2022-06-08,SHORT,5,loss,-1.00,1.07356,1.07518,1.06619,4.55,1,0,0,0,1,0,1,0,1,0,0,1,0,0,0,0
EURUSD,2022-06-08,SHORT,5,loss,-1.00,1.07416,1.07643,1.06835,2.56,1,0,0,0,1,0,1,0,1,0,0,1,0,0,0,0
USDCAD,2022-06-09,SHORT,4,loss,-1.00,1.26499,1.26855,1.25215,3.61,1,1,0,0,0,0,0,0,0,0,1,1,0,0,0,0
USDCAD,2022-06-13,SHORT,2,loss,-1.00,1.28597,1.28845,1.27967,2.54,1,0,0,0,0,0,0,0,0,0,1,0,0,0,0,0
USDJPY,2022-06-15,LONG,5,loss,-1.00,133.72600,133.18200,135.27400,2.85,1,0,0,0,1,1,0,0,0,0,1,1,0,0,0,0
USDCHF,2022-06-16,LONG,3,loss,-1.00,0.96626,0.96050,0.99498,4.99,0,0,0,0,1,0,1,0,0,0,1,0,0,0,0,0
USDCHF,2022-06-16,LONG,2,loss,-1.00,0.96558,0.96050,0.98045,2.93,0,0,0,0,1,0,0,0,0,0,1,0,0,0,0,0
EURUSD,2022-06-22,SHORT,6,loss,-1.00,1.05797,1.06014,1.04733,4.90,1,0,0,0,1,0,1,0,0,0,1,1,0,1,0,0
GBPUSD,2022-06-24,SHORT,6,loss,-1.00,1.22859,1.23143,1.21755,3.89,1,0,0,0,1,1,0,1,0,0,1,1,0,0,0,0
USDCHF,2022-07-06,SHORT,3,loss,-1.00,0.97135,0.97325,0.96104,5.43,1,0,0,0,0,1,0,0,0,0,1,0,0,0,0,0
USDCHF,2022-07-06,SHORT,3,loss,-1.00,0.97162,0.97325,0.96104,6.49,1,0,0,0,0,1,0,0,0,0,1,0,0,0,0,0
USDCHF,2022-07-06,SHORT,5,loss,-1.00,0.97052,0.97325,0.96104,3.47,1,0,0,0,0,1,1,0,0,0,1,0,0,0,0,1
USDCAD,2022-07-13,LONG,5,win,2.59,1.29587,1.29355,1.30189,2.59,0,0,1,0,1,1,0,0,0,0,1,1,0,0,0,0
USDCHF,2022-07-15,LONG,3,loss,-1.00,0.97763,0.97561,0.98290,2.61,0,0,0,0,1,0,0,0,0,0,1,1,0,0,0,0
NZDUSD,2022-07-19,SHORT,4,loss,-1.00,0.62346,0.62514,0.61554,4.71,1,0,0,0,1,0,0,0,0,0,1,0,0,1,0,0
AUDUSD,2022-07-19,SHORT,4,loss,-1.00,0.68972,0.69188,0.68092,4.07,1,0,0,0,1,1,0,0,0,0,1,0,0,0,0,0
AUDUSD,2022-07-19,SHORT,5,loss,-1.00,0.69024,0.69188,0.68372,3.98,1,0,0,0,1,1,1,0,0,0,1,0,0,0,0,0
AUDUSD,2022-07-19,SHORT,5,loss,-1.00,0.68972,0.69188,0.68372,2.78,1,0,0,0,1,1,0,0,0,0,1,0,0,0,0,1
USDCHF,2022-07-21,LONG,5,loss,-1.00,0.96732,0.96536,0.97338,3.09,0,0,0,0,1,1,1,0,0,0,1,1,0,0,0,0
USDCAD,2022-07-21,LONG,6,loss,-1.00,1.28722,1.28544,1.29233,2.87,0,0,0,0,1,1,1,0,0,0,1,1,0,1,0,0
USDJPY,2022-07-22,LONG,6,loss,-1.00,136.89500,136.47000,137.96400,2.52,1,0,0,0,1,1,0,0,0,0,1,1,0,0,1,0
AUDUSD,2022-07-22,SHORT,4,loss,-1.00,0.69395,0.69641,0.68692,2.86,1,0,0,0,1,0,1,0,0,0,1,0,0,0,0,0
USDJPY,2022-07-22,LONG,5,loss,-1.00,135.98800,135.32700,137.65100,2.52,1,0,0,0,1,1,0,0,0,0,1,0,0,0,1,0
EURUSD,2022-07-25,SHORT,4,win,3.53,1.02295,1.02553,1.01384,3.53,1,0,0,0,1,0,0,0,0,0,1,1,0,0,0,0
USDCAD,2022-07-25,LONG,4,loss,-1.00,1.28433,1.28217,1.29233,3.70,0,0,0,0,1,0,1,0,0,0,1,1,0,0,0,0
USDCAD,2022-07-25,LONG,4,loss,-1.00,1.28349,1.28189,1.29159,5.06,0,0,0,0,1,0,1,0,0,0,1,1,0,0,0,0
EURUSD,2022-07-25,SHORT,4,win,2.91,1.02254,1.02553,1.01384,2.91,1,0,0,0,1,0,0,0,0,0,1,1,0,0,0,0
AUDUSD,2022-07-25,SHORT,4,loss,-1.00,0.69606,0.69769,0.69068,3.30,1,0,0,0,1,0,1,0,0,0,1,0,0,0,0,0
GBPUSD,2022-07-28,SHORT,4,loss,-1.00,1.21263,1.21648,1.20250,2.63,1,0,0,0,1,0,1,0,0,0,1,0,0,0,0,0
NZDUSD,2022-07-28,SHORT,4,loss,-1.00,0.62859,0.63037,0.61969,5.00,1,0,0,0,1,0,1,0,0,0,1,0,0,0,0,0
NZDUSD,2022-07-29,SHORT,5,loss,-1.00,0.62763,0.63037,0.61969,2.90,1,0,0,0,1,0,1,0,0,0,1,1,0,0,0,0
NZDUSD,2022-08-01,SHORT,2,win,2.78,0.63440,0.63631,0.62909,2.78,1,0,0,0,1,0,0,0,0,0,0,0,0,0,0,0
GBPUSD,2022-08-01,SHORT,3,win,2.73,1.22753,1.23321,1.21202,2.73,1,0,0,0,1,0,0,0,0,0,1,0,0,0,0,0
USDCHF,2022-08-03,SHORT,5,win,3.28,0.96324,0.96587,0.95461,3.28,1,0,0,0,0,1,1,0,0,0,1,1,0,0,0,0
USDCHF,2022-08-05,SHORT,5,win,3.90,0.96345,0.96587,0.95401,3.90,1,0,0,0,0,1,1,0,0,0,1,1,0,0,0,0
AUDUSD,2022-08-10,SHORT,6,loss,-1.00,0.69833,0.70087,0.69024,3.19,1,0,0,0,1,0,1,0,1,0,0,1,0,0,1,0
NZDUSD,2022-08-10,SHORT,4,loss,-1.00,0.63228,0.63520,0.62412,2.79,1,0,0,0,1,0,0,0,1,0,0,1,0,0,0,0
GBPUSD,2022-08-10,SHORT,5,win,3.23,1.22431,1.22931,1.20814,3.23,1,0,0,0,1,1,0,0,1,0,1,0,0,0,0,0
USDJPY,2022-08-10,LONG,5,loss,-1.00,132.91000,132.51800,134.94600,5.19,1,0,0,0,1,1,0,0,1,0,0,0,0,0,1,0
USDCAD,2022-08-16,SHORT,6,loss,-1.00,1.29108,1.29335,1.27864,5.48,1,0,0,0,0,1,1,0,1,0,1,1,0,0,0,0
USDCAD,2022-08-17,SHORT,5,loss,-1.00,1.29049,1.29335,1.27864,4.14,1,0,0,0,0,1,1,0,0,0,1,1,0,0,0,0
EURUSD,2022-08-18,SHORT,5,win,2.81,1.01772,1.01948,1.01277,2.81,1,0,0,0,1,0,0,0,1,0,1,1,0,0,0,0
EURUSD,2022-09-07,SHORT,6,loss,-1.00,1.00086,1.00335,0.98863,4.91,1,0,0,0,1,0,0,0,0,0,1,1,0,1,1,0
EURUSD,2022-09-08,SHORT,6,loss,-1.00,0.99989,1.00335,0.98863,3.25,1,0,0,0,1,1,0,0,0,0,1,1,0,0,1,0
AUDUSD,2022-09-09,SHORT,4,loss,-1.00,0.68289,0.68543,0.67638,2.56,1,0,0,0,1,0,0,0,0,0,1,1,0,0,0,0
USDCHF,2022-09-09,LONG,5,loss,-1.00,0.96056,0.95772,0.96863,2.84,1,0,0,0,1,1,0,1,0,0,1,0,0,0,0,0
USDCHF,2022-09-09,LONG,6,loss,-1.00,0.96066,0.95772,0.96863,2.71,1,0,0,0,1,1,0,1,0,0,1,0,1,0,0,0
EURUSD,2022-09-13,SHORT,4,win,4.10,1.01769,1.02029,1.00703,4.10,1,0,0,0,1,1,0,0,0,0,1,0,0,0,0,0
USDJPY,2022-09-13,LONG,7,win,3.43,142.03500,141.49900,143.87200,3.43,1,0,1,0,1,1,0,0,0,0,1,1,0,0,1,0
USDJPY,2022-09-16,LONG,6,win,2.63,143.07400,142.55000,144.45200,2.63,1,0,1,0,1,0,0,0,0,0,1,1,0,0,1,0
USDJPY,2022-09-22,LONG,7,timeout,3.67,142.16000,141.49900,145.77300,5.47,1,0,1,0,1,1,0,0,0,0,1,1,0,0,1,0
USDJPY,2022-09-22,LONG,7,timeout,3.17,142.34700,141.60700,145.77300,4.63,1,0,1,0,1,1,0,0,0,0,1,1,0,0,1,0
GBPUSD,2022-09-28,SHORT,4,loss,-1.00,1.08290,1.09298,1.04971,3.29,1,0,0,0,1,1,0,0,0,0,1,0,0,0,0,0
GBPUSD,2022-09-29,SHORT,3,loss,-1.00,1.08685,1.09298,1.05789,4.72,1,0,0,0,1,0,0,0,0,0,1,0,0,0,0,0
USDCAD,2022-10-03,LONG,4,loss,-1.00,1.36505,1.36007,1.37773,2.55,1,0,0,0,1,0,0,0,0,0,1,1,0,0,0,0
AUDUSD,2022-10-03,SHORT,6,loss,-1.00,0.64995,0.65234,0.63960,4.33,1,0,0,0,1,1,0,0,0,0,1,1,0,0,1,0
USDCAD,2022-10-04,LONG,5,loss,-1.00,1.36360,1.36007,1.37253,2.53,1,0,0,0,1,0,0,0,0,0,1,1,0,0,0,1
EURUSD,2022-10-04,SHORT,5,win,3.43,0.99762,1.00504,0.97219,3.43,1,0,1,0,1,0,1,0,0,0,1,0,0,0,0,0
USDCAD,2022-10-11,LONG,6,win,3.22,1.37368,1.37021,1.38486,3.22,1,0,0,0,1,1,0,0,1,0,1,1,0,0,0,0
USDCAD,2022-10-13,LONG,7,loss,-1.00,1.37517,1.37140,1.38486,2.57,1,0,0,0,1,1,0,0,1,0,1,1,1,0,0,0
GBPUSD,2022-10-17,SHORT,4,loss,-1.00,1.12945,1.13800,1.10797,2.51,1,0,0,0,1,1,0,0,0,0,1,0,0,0,0,0
AUDUSD,2022-10-17,SHORT,5,loss,-1.00,0.63072,0.63465,0.61989,2.76,1,0,0,0,1,0,0,0,0,0,1,1,0,1,0,0
GBPUSD,2022-10-17,SHORT,5,win,4.89,1.14246,1.14951,1.10797,4.89,1,0,0,0,1,1,1,0,0,0,1,0,0,0,0,0
USDCHF,2022-10-18,LONG,6,win,2.81,0.99421,0.99152,1.00178,2.81,1,0,0,0,1,1,0,1,0,0,1,1,0,0,0,0
USDJPY,2022-10-21,LONG,7,loss,-1.00,147.64400,146.44300,151.51800,3.23,1,0,1,0,1,1,0,0,0,0,1,1,0,0,1,0
NZDUSD,2022-10-21,SHORT,4,loss,-1.00,0.57656,0.58132,0.56312,2.82,1,0,0,0,1,0,0,0,0,0,1,0,0,1,0,0
USDJPY,2022-10-24,LONG,5,loss,-1.00,149.00800,148.13500,151.51800,2.88,1,0,0,0,1,0,0,0,0,0,1,1,0,0,1,0
GBPUSD,2022-10-24,SHORT,9,loss,-1.00,1.12916,1.13360,1.11088,4.12,1,0,0,0,1,1,1,1,1,0,1,1,1,0,0,0
NZDUSD,2022-10-25,SHORT,3,loss,-1.00,0.57600,0.57916,0.56312,4.08,1,0,0,0,1,0,0,0,0,0,1,0,0,0,0,0
EURUSD,2022-10-25,SHORT,4,loss,-1.00,0.99577,0.99995,0.98345,2.95,1,0,0,0,1,1,0,0,0,0,1,0,0,0,0,0
EURUSD,2022-10-25,SHORT,4,loss,-1.00,0.99666,0.99995,0.98561,3.36,1,0,0,0,1,1,0,0,0,0,1,0,0,0,0,0
AUDUSD,2022-10-26,SHORT,5,win,2.68,0.64978,0.65404,0.63836,2.68,1,0,0,0,1,0,1,0,0,0,1,0,0,0,1,0
NZDUSD,2022-11-01,SHORT,4,loss,-1.00,0.58799,0.59105,0.57913,2.90,1,0,0,0,1,1,0,0,0,0,1,0,0,0,0,0
NZDUSD,2022-11-04,SHORT,2,loss,-1.00,0.59309,0.59750,0.58030,2.90,1,0,0,0,1,0,0,0,0,0,0,0,0,0,0,0
AUDUSD,2022-11-04,SHORT,6,loss,-1.00,0.64769,0.65214,0.63310,3.28,1,0,0,0,1,0,1,0,1,1,1,0,0,0,0,0
AUDUSD,2022-11-07,SHORT,7,loss,-1.00,0.64612,0.64916,0.63687,3.04,1,0,0,0,1,0,1,0,1,1,1,0,0,1,0,0
USDCHF,2022-11-07,LONG,4,loss,-1.00,0.98967,0.98409,1.00609,2.94,1,0,0,0,1,0,1,0,0,0,1,0,0,0,0,0
GBPUSD,2022-11-07,SHORT,3,loss,-1.00,1.15319,1.16235,1.13026,2.50,1,0,0,0,1,1,0,0,0,0,0,0,0,0,0,0
USDJPY,2022-11-08,LONG,7,win,3.14,145.49900,145.10500,146.73600,3.14,1,0,0,0,1,1,1,0,0,0,1,0,0,1,1,0
EURUSD,2022-11-08,SHORT,3,loss,-1.00,1.00659,1.00934,0.99810,3.09,1,0,0,0,1,1,0,0,0,0,0,0,0,0,0,0
USDJPY,2022-11-08,LONG,7,win,2.69,145.54700,145.10500,146.73600,2.69,1,0,0,0,1,1,1,0,0,0,1,0,1,0,1,0
USDJPY,2022-11-10,LONG,4,loss,-1.00,141.56900,140.34600,146.65300,4.16,1,0,0,0,1,0,0,0,0,0,1,0,0,0,1,0
USDCHF,2022-11-10,LONG,3,loss,-1.00,0.96710,0.96196,0.99142,4.73,1,0,0,0,1,0,0,0,0,0,1,0,0,0,0,0
GBPUSD,2022-11-10,SHORT,2,loss,-1.00,1.16800,1.17379,1.13430,5.82,1,0,0,0,1,0,0,0,0,0,0,0,0,0,0,0
USDJPY,2022-11-10,LONG,4,loss,-1.00,141.81400,140.34600,146.51700,3.20,1,0,0,0,1,0,0,0,0,0,1,0,0,0,1,0
GBPUSD,2022-11-10,SHORT,2,loss,-1.00,1.16962,1.17600,1.13736,5.06,1,0,0,0,1,0,0,0,0,0,0,0,0,0,0,0
USDCHF,2022-11-10,LONG,2,loss,-1.00,0.96628,0.96196,0.98965,5.41,1,0,0,0,1,0,0,0,0,0,0,0,0,0,0,0
USDCHF,2022-11-11,LONG,2,loss,-1.00,0.94572,0.94009,0.96663,3.71,1,0,0,0,1,0,0,0,0,0,0,0,0,0,0,0
EURUSD,2022-11-11,SHORT,2,loss,-1.00,1.03262,1.03642,1.01842,3.74,1,0,0,0,1,0,0,0,0,0,0,0,0,0,0,0
USDJPY,2022-11-11,LONG,3,loss,-1.00,139.05500,138.05000,141.91400,2.84,1,0,0,0,1,0,0,0,0,0,0,0,0,0,1,0
USDCHF,2022-11-11,LONG,2,loss,-1.00,0.94040,0.93702,0.96285,6.64,1,0,0,0,1,0,0,0,0,0,0,0,0,0,0,0
GBPUSD,2022-11-11,SHORT,2,loss,-1.00,1.18532,1.19007,1.16727,3.80,1,0,0,0,1,0,0,0,0,0,0,0,0,0,0,0
USDCHF,2022-11-14,LONG,3,loss,-1.00,0.94155,0.93702,0.95741,3.50,1,0,0,0,1,1,0,0,0,0,0,0,0,0,0,0
NZDUSD,2022-11-15,SHORT,2,win,3.70,0.61714,0.61938,0.60886,3.70,1,0,0,0,1,0,0,0,0,0,0,0,0,0,0,0
NZDUSD,2022-11-23,SHORT,2,loss,-1.00,0.62343,0.62506,0.61548,4.88,1,0,0,0,1,0,0,0,0,0,0,0,0,0,0,0
EURUSD,2022-11-23,SHORT,3,loss,-1.00,1.03760,1.03959,1.03105,3.29,1,0,0,0,1,0,0,0,1,0,0,0,0,0,0,0
USDJPY,2022-11-23,LONG,4,loss,-1.00,139.39800,138.87400,141.42400,3.87,1,0,0,0,1,0,0,0,1,0,0,0,0,0,1,0
USDJPY,2022-11-28,LONG,3,win,2.54,138.15200,137.67100,139.37300,2.54,1,0,0,0,1,0,0,0,0,0,0,0,0,0,1,0
GBPUSD,2022-11-28,SHORT,2,win,3.22,1.20937,1.21530,1.19029,3.22,1,0,0,0,1,0,0,0,0,0,0,0,0,0,0,0
AUDUSD,2022-11-29,SHORT,3,loss,-1.00,0.67462,0.67804,0.66458,2.94,1,0,0,0,1,0,0,1,0,0,0,0,0,0,0,0
USDJPY,2022-11-30,LONG,3,loss,-1.00,137.95900,137.49700,139.57900,3.51,1,0,0,0,1,0,0,0,0,0,0,0,0,0,1,0
USDJPY,2022-12-01,LONG,2,loss,-1.00,136.23400,135.80400,137.95900,4.01,1,0,0,0,1,0,0,0,0,0,0,0,0,0,0,0
USDCHF,2022-12-01,LONG,3,loss,-1.00,0.93914,0.93557,0.95268,3.79,1,0,0,0,1,0,0,0,1,0,0,0,0,0,0,0
GBPUSD,2022-12-01,SHORT,4,loss,-1.00,1.22671,1.23321,1.20744,2.96,1,1,0,0,1,0,0,0,1,0,0,0,0,0,0,0
GBPUSD,2022-12-02,SHORT,4,loss,-1.00,1.22767,1.23321,1.20754,3.63,1,1,0,0,1,0,0,0,1,0,0,0,0,0,0,0
USDCAD,2022-12-02,LONG,7,loss,-1.00,1.34384,1.33942,1.35564,2.67,1,0,0,0,1,1,1,0,0,0,0,1,0,1,0,1
AUDUSD,2022-12-02,SHORT,3,loss,-1.00,0.68190,0.68437,0.66973,4.93,1,0,0,0,1,0,0,0,0,0,0,0,1,0,0,0
AUDUSD,2022-12-02,SHORT,2,loss,-1.00,0.68087,0.68437,0.66973,3.18,1,0,0,0,1,0,0,0,0,0,0,0,0,0,0,0
GBPUSD,2022-12-02,SHORT,4,loss,-1.00,1.22878,1.23321,1.20754,4.79,1,1,0,0,1,0,0,0,1,0,0,0,0,0,0,0
USDCHF,2022-12-07,SHORT,7,win,2.89,0.94269,0.94553,0.93447,2.89,0,0,0,0,1,1,0,1,1,0,1,1,0,1,0,0
EURUSD,2022-12-12,SHORT,5,loss,-1.00,1.05655,1.05881,1.05081,2.54,1,0,0,0,1,1,0,0,1,0,0,1,0,0,0,0
AUDUSD,2022-12-13,SHORT,5,win,3.43,0.68765,0.69155,0.67429,3.43,1,1,0,0,1,1,0,0,1,0,0,0,0,0,0,0
GBPUSD,2022-12-13,SHORT,4,loss,-1.00,1.23726,1.24060,1.22841,2.65,1,0,1,0,1,0,0,0,1,0,0,0,0,0,0,0
NZDUSD,2022-12-13,SHORT,4,win,2.51,0.64694,0.64985,0.63965,2.51,1,0,1,0,1,0,0,0,1,0,0,0,0,0,0,0
EURUSD,2022-12-14,SHORT,3,loss,-1.00,1.06516,1.06731,1.05354,5.40,1,0,0,0,1,0,0,0,1,0,0,0,0,0,0,0
EURUSD,2022-12-14,SHORT,3,loss,-1.00,1.06467,1.06731,1.05354,4.22,1,0,0,0,1,0,0,0,1,0,0,0,0,0,0,0
GBPUSD,2022-12-14,SHORT,4,loss,-1.00,1.24030,1.24432,1.22841,2.96,1,0,1,0,1,0,0,0,1,0,0,0,0,0,0,0
GBPUSD,2022-12-14,SHORT,4,loss,-1.00,1.24031,1.24432,1.22841,2.97,1,0,1,0,1,0,0,0,1,0,0,0,0,0,0,0
EURUSD,2022-12-15,SHORT,4,loss,-1.00,1.06482,1.06731,1.05354,4.53,1,0,0,0,1,0,0,1,1,0,0,0,0,0,0,0
USDJPY,2022-12-20,LONG,4,loss,-1.00,132.45000,131.73100,136.97100,6.29,1,1,0,0,1,0,0,0,0,0,0,0,0,0,1,0
USDJPY,2022-12-20,LONG,3,loss,-1.00,131.37300,130.39200,136.97100,5.71,1,0,0,0,1,0,0,0,0,0,0,0,0,0,1,0
USDCAD,2022-12-26,LONG,6,loss,-1.00,1.35880,1.35623,1.36573,2.70,1,0,0,0,1,1,1,0,0,0,1,1,0,0,0,0
USDCAD,2022-12-26,LONG,6,loss,-1.00,1.35836,1.35623,1.36573,3.46,1,0,0,0,1,1,1,0,0,0,1,1,0,0,0,0
USDCAD,2022-12-26,LONG,6,loss,-1.00,1.35792,1.35623,1.36573,4.62,1,0,0,0,1,1,1,0,0,0,1,1,0,0,0,0
USDCAD,2022-12-27,LONG,6,loss,-1.00,1.35368,1.35182,1.36573,6.48,1,0,0,0,1,1,1,0,0,0,1,1,0,0,0,0
AUDUSD,2022-12-29,SHORT,3,loss,-1.00,0.67857,0.68006,0.67200,4.41,1,0,0,0,1,0,0,0,0,0,0,1,0,0,0,0
USDJPY,2022-12-30,LONG,4,loss,-1.00,130.97100,130.56600,132.66300,4.18,1,0,0,0,1,0,0,0,1,0,0,0,0,0,1,0
USDJPY,2023-01-02,LONG,2,loss,-1.00,130.76600,130.39200,131.93100,3.11,1,0,0,0,1,0,0,0,0,0,0,0,0,0,0,0
USDJPY,2023-01-02,LONG,3,loss,-1.00,130.77400,130.39200,131.93100,3.03,1,0,0,0,1,0,0,0,0,0,0,0,1,0,0,0
USDJPY,2023-01-02,LONG,2,loss,-1.00,130.72600,130.39200,131.93100,3.61,1,0,0,0,1,0,0,0,0,0,0,0,0,0,0,0
EURUSD,2023-01-03,LONG,3,loss,-1.00,1.05282,1.05027,1.06764,5.81,0,1,0,0,1,0,0,0,0,0,1,0,0,0,0,0
USDCHF,2023-01-03,SHORT,3,win,2.71,0.93965,0.94553,0.92371,2.71,0,0,0,0,1,0,1,0,0,0,1,0,0,0,0,0
NZDUSD,2023-01-03,LONG,4,win,2.62,0.62103,0.61554,0.63544,2.62,0,0,0,0,1,1,1,0,0,0,1,0,0,0,0,0
NZDUSD,2023-01-03,LONG,4,loss,-1.00,0.62512,0.62301,0.63544,4.89,0,0,0,0,1,1,1,0,0,0,1,0,0,0,0,0
USDCHF,2023-01-03,SHORT,3,loss,-1.00,0.93495,0.93796,0.92371,3.73,0,0,0,0,1,0,0,0,0,0,1,1,0,0,0,0
NZDUSD,2023-01-03,LONG,5,loss,-1.00,0.62513,0.62301,0.63544,4.86,0,0,0,0,1,1,1,0,0,0,1,0,1,0,0,0
USDCAD,2023-01-04,LONG,8,loss,-1.00,1.35514,1.35221,1.36725,4.13,1,0,0,0,1,0,1,0,1,1,1,1,0,1,0,0
GBPUSD,2023-01-04,SHORT,4,win,2.93,1.20544,1.20847,1.19657,2.93,1,0,0,0,1,1,0,0,0,0,0,1,0,0,0,0
AUDUSD,2023-01-04,SHORT,4,win,3.32,0.68714,0.69155,0.67250,3.32,1,1,0,0,1,1,0,0,0,0,0,0,0,0,0,0
USDCAD,2023-01-04,LONG,8,loss,-1.00,1.35251,1.34850,1.36354,2.75,1,0,0,0,1,0,1,0,1,1,1,1,0,1,0,0
AUDUSD,2023-01-04,SHORT,4,win,2.56,0.68532,0.68809,0.67822,2.56,1,1,0,0,1,1,0,0,0,0,0,0,0,0,0,0
EURUSD,2023-01-05,LONG,3,loss,-1.00,1.05300,1.05027,1.06110,2.97,0,1,0,0,1,0,0,0,0,0,1,0,0,0,0,0
AUDUSD,2023-01-06,SHORT,4,loss,-1.00,0.68400,0.68858,0.67250,2.51,1,1,0,0,1,1,0,0,0,0,0,0,0,0,0,0
USDCAD,2023-01-06,LONG,5,loss,-1.00,1.34345,1.33842,1.36354,3.99,1,0,0,0,1,0,0,0,1,1,1,0,0,0,0,0
AUDUSD,2023-01-06,SHORT,4,loss,-1.00,0.68801,0.69155,0.67286,4.28,1,1,0,0,1,1,0,0,0,0,0,0,0,0,0,0
USDCAD,2023-01-09,LONG,3,timeout,0.00,1.33755,1.33156,1.36354,4.34,1,0,0,0,1,0,0,0,0,1,0,0,0,0,0,0
GBPUSD,2023-01-09,SHORT,2,loss,-1.00,1.21434,1.22416,1.18474,3.01,1,0,0,0,1,0,0,0,0,0,0,0,0,0,0,0
GBPUSD,2023-01-09,SHORT,3,loss,-1.00,1.21906,1.22416,1.18474,6.73,1,1,0,0,1,0,0,0,0,0,0,0,0,0,0,0
USDCAD,2023-01-10,LONG,5,loss,-1.00,1.34332,1.33567,1.36489,2.82,1,0,0,0,1,0,0,0,0,1,0,1,0,0,0,1
USDCAD,2023-01-10,LONG,4,loss,-1.00,1.34176,1.33567,1.36489,3.80,1,0,0,0,1,0,0,0,0,1,0,1,0,0,0,0
USDCAD,2023-01-11,LONG,4,loss,-1.00,1.34251,1.33567,1.36489,3.27,1,0,0,0,1,0,0,0,0,1,0,1,0,0,0,0
GBPUSD,2023-01-11,SHORT,4,loss,-1.00,1.21297,1.22096,1.18474,3.53,1,0,0,0,1,0,0,0,0,0,0,1,0,0,0,1
GBPUSD,2023-01-11,SHORT,4,loss,-1.00,1.21259,1.22096,1.18474,3.33,1,0,0,0,1,0,0,0,0,0,0,1,1,0,0,0
USDCAD,2023-01-11,LONG,6,loss,-1.00,1.34301,1.33567,1.36489,2.98,1,0,0,0,1,0,0,0,0,1,0,1,1,0,0,1
USDCAD,2023-01-11,LONG,4,loss,-1.00,1.34200,1.33567,1.36489,3.62,1,0,0,0,1,0,0,0,0,1,0,1,0,0,0,0
AUDUSD,2023-01-12,SHORT,2,loss,-1.00,0.69325,0.69494,0.68809,3.05,1,0,0,0,1,0,0,0,0,0,0,0,0,0,0,0
EURUSD,2023-01-17,LONG,5,loss,-1.00,1.08016,1.07803,1.08599,2.74,0,0,1,0,1,0,0,0,1,0,1,1,0,0,0,0
AUDUSD,2023-01-17,SHORT,4,loss,-1.00,0.69902,0.70187,0.68982,3.23,1,0,1,0,1,0,0,0,0,0,0,0,0,0,1,0
USDCAD,2023-01-23,LONG,6,loss,-1.00,1.33731,1.33498,1.34717,4.23,1,0,0,0,1,1,0,0,1,0,0,1,1,0,0,0
USDJPY,2023-01-23,SHORT,4,loss,-1.00,130.31800,130.61100,129.30700,3.45,0,0,0,0,1,0,0,0,0,0,1,1,0,0,1,0
USDCAD,2023-01-23,LONG,6,loss,-1.00,1.33784,1.33498,1.34717,3.26,1,0,0,0,1,1,0,0,1,0,0,1,1,0,0,0
USDCAD,2023-01-24,LONG,4,loss,-1.00,1.33569,1.33209,1.34717,3.19,1,0,0,0,1,0,0,0,1,0,0,1,0,0,0,0
USDCAD,2023-01-24,LONG,5,loss,-1.00,1.33619,1.33413,1.34717,5.33,1,0,0,0,1,0,0,0,1,0,0,1,0,0,0,1
USDCAD,2023-01-24,LONG,5,loss,-1.00,1.33618,1.33413,1.34717,5.36,1,0,0,0,1,0,0,0,1,0,0,1,1,0,0,0
USDCAD,2023-01-25,LONG,4,loss,-1.00,1.33701,1.33413,1.34717,3.53,1,0,0,0,1,0,0,0,0,0,0,1,1,0,0,0
EURUSD,2023-01-26,LONG,3,loss,-1.00,1.08551,1.08349,1.09141,2.92,0,0,0,0,1,0,0,0,0,0,1,1,0,0,0,0
USDCHF,2023-01-31,SHORT,6,win,2.79,0.92665,0.92882,0.92060,2.79,0,0,0,0,1,1,1,0,1,0,1,1,0,0,0,0
USDCAD,2023-02-01,LONG,4,loss,-1.00,1.33224,1.32989,1.34549,5.64,1,0,0,0,1,0,0,0,0,0,0,1,0,0,0,1
GBPUSD,2023-02-02,LONG,3,loss,-1.00,1.22920,1.22628,1.23840,3.15,0,0,0,0,1,0,0,0,0,0,1,1,0,0,0,0
USDJPY,2023-02-03,SHORT,4,loss,-1.00,131.06600,131.57200,128.41700,5.24,0,0,0,0,1,1,0,0,0,0,1,0,0,0,1,0
EURUSD,2023-02-03,LONG,3,loss,-1.00,1.08582,1.08019,1.09990,2.50,0,0,0,0,1,0,0,0,0,0,1,1,0,0,0,0
NZDUSD,2023-02-03,LONG,3,loss,-1.00,0.63783,0.63346,0.65189,3.22,0,0,0,0,1,0,1,0,0,0,1,0,0,0,0,0
USDCHF,2023-02-03,SHORT,5,loss,-1.00,0.92549,0.92879,0.91329,3.70,0,0,0,0,1,1,1,0,1,0,1,0,0,0,0,0
NZDUSD,2023-02-03,LONG,3,loss,-1.00,0.63296,0.63047,0.64757,5.87,0,1,0,0,1,0,0,0,0,0,1,0,0,0,0,0
EURUSD,2023-02-03,LONG,3,loss,-1.00,1.08044,1.07661,1.09990,5.08,0,0,0,0,1,0,0,0,0,0,1,1,0,0,0,0
USDJPY,2023-02-03,SHORT,5,loss,-1.00,131.05700,131.57200,128.41700,5.13,0,0,0,0,1,1,0,0,0,0,1,0,1,0,1,0
AUDUSD,2023-02-03,LONG,4,loss,-1.00,0.69256,0.68713,0.70619,2.51,0,0,0,0,1,1,1,0,0,0,1,0,0,0,0,0
EURUSD,2023-02-06,LONG,2,loss,-1.00,1.07662,1.07297,1.08582,2.52,0,0,0,0,1,0,0,0,0,0,1,0,0,0,0,0
USDCHF,2023-02-06,SHORT,6,loss,-1.00,0.92641,0.92879,0.91329,5.51,0,0,1,0,1,1,1,0,0,0,1,1,0,0,0,0
USDJPY,2023-02-06,SHORT,5,loss,-1.00,132.07900,132.87100,128.41700,4.62,0,1,0,0,1,0,1,0,0,0,1,0,0,0,1,0
AUDUSD,2023-02-06,LONG,6,loss,-1.00,0.69005,0.68713,0.69751,2.55,0,1,0,0,1,1,1,1,0,0,1,0,0,0,0,0
USDCHF,2023-02-06,SHORT,5,loss,-1.00,0.92818,0.93165,0.91329,4.29,0,0,1,0,1,1,1,0,0,0,1,0,0,0,0,0
USDCHF,2023-02-06,SHORT,6,loss,-1.00,0.92810,0.93165,0.91329,4.17,0,0,1,0,1,1,1,0,0,0,1,0,1,0,0,0
USDCHF,2023-02-07,SHORT,6,loss,-1.00,0.92724,0.92906,0.91329,7.66,0,0,1,0,1,1,1,0,0,0,1,1,0,0,0,0
NZDUSD,2023-02-07,LONG,3,win,3.18,0.62956,0.62696,0.63782,3.18,0,0,0,0,1,0,0,1,0,0,1,0,0,0,0,0
USDCAD,2023-02-14,LONG,6,loss,-1.00,1.33443,1.33245,1.34491,5.29,1,0,0,0,1,1,0,0,0,0,0,1,1,1,0,0
USDCAD,2023-02-14,LONG,6,win,3.14,1.33546,1.33245,1.34491,3.14,1,0,0,0,1,1,0,0,0,0,0,1,1,1,0,0
AUDUSD,2023-02-15,LONG,7,loss,-1.00,0.68890,0.68549,0.69864,2.86,0,1,0,0,1,1,1,0,1,1,1,0,0,0,0,0
AUDUSD,2023-02-15,LONG,7,loss,-1.00,0.68778,0.68549,0.69864,4.74,0,1,0,0,1,1,1,0,1,1,1,0,0,0,0,0
AUDUSD,2023-02-16,LONG,7,loss,-1.00,0.68766,0.68549,0.69864,5.06,0,1,0,0,1,0,1,0,1,1,1,0,0,1,0,0
AUDUSD,2023-02-16,LONG,8,loss,-1.00,0.68967,0.68644,0.69864,2.78,0,1,0,0,1,0,1,0,1,1,1,1,0,1,0,0
USDCHF,2023-02-17,SHORT,6,win,2.71,0.93290,0.93612,0.92416,2.71,1,0,1,0,1,1,0,0,0,1,1,0,0,0,0,0
GBPUSD,2023-02-17,SHORT,4,loss,-1.00,1.20455,1.20737,1.19342,3.95,1,0,1,0,0,0,0,0,0,0,1,1,0,0,0,0
USDCHF,2023-02-22,SHORT,4,loss,-1.00,0.93152,0.93317,0.92583,3.45,1,0,0,0,1,0,0,0,0,1,0,1,0,0,0,0
USDJPY,2023-02-28,LONG,5,loss,-1.00,136.11100,135.91400,136.77100,3.35,1,0,0,0,0,0,0,1,0,0,1,1,0,0,1,0
EURUSD,2023-03-01,SHORT,5,win,3.26,1.06695,1.06980,1.05767,3.26,1,0,0,0,0,1,1,0,0,0,1,1,0,0,0,0
EURUSD,2023-03-01,SHORT,5,win,3.05,1.06721,1.06980,1.05930,3.05,1,0,0,0,0,1,1,0,0,0,1,1,0,0,0,0
EURUSD,2023-03-06,SHORT,5,win,4.15,1.06785,1.06980,1.05975,4.15,1,0,0,0,0,1,1,0,0,0,1,1,0,0,0,0
USDCHF,2023-03-07,SHORT,5,win,2.95,0.94022,0.94396,0.92920,2.95,1,1,0,0,1,1,0,0,0,0,0,1,0,0,0,0
USDCHF,2023-03-07,SHORT,5,win,5.56,0.94171,0.94396,0.92921,5.56,1,1,0,0,1,1,0,0,0,0,0,1,0,0,0,0
USDCHF,2023-03-08,SHORT,7,win,3.09,0.94035,0.94396,0.92921,3.09,1,1,0,0,1,1,0,0,1,0,0,1,0,0,0,1
USDCHF,2023-03-08,SHORT,6,win,4.23,0.94114,0.94396,0.92921,4.23,1,1,0,0,1,1,0,0,1,0,0,1,0,0,0,0
GBPUSD,2023-03-10,SHORT,6,loss,-1.00,1.20980,1.21428,1.19223,3.92,1,0,0,0,1,1,1,0,1,0,1,0,0,0,0,0
USDJPY,2023-03-10,LONG,4,loss,-1.00,134.77700,134.05400,136.76200,2.75,1,0,0,0,0,1,1,0,0,0,1,0,0,0,0,0
NZDUSD,2023-03-13,SHORT,5,win,2.74,0.62389,0.62753,0.61393,2.74,1,0,0,0,1,1,1,0,0,0,1,0,0,0,0,0
USDJPY,2023-03-15,LONG,4,loss,-1.00,132.81600,132.28200,134.87200,3.85,1,1,0,0,0,0,0,0,0,0,1,0,0,0,1,0
NZDUSD,2023-03-17,SHORT,5,loss,-1.00,0.62471,0.62643,0.61893,3.36,1,0,0,0,1,1,1,0,0,0,1,0,0,0,0,0
USDJPY,2023-03-17,LONG,4,loss,-1.00,132.02000,131.49900,134.87200,5.47,1,1,0,0,0,0,0,0,0,0,1,0,0,0,1,0
EURUSD,2023-03-21,SHORT,4,loss,-1.00,1.07785,1.08044,1.06554,4.75,1,0,0,0,0,0,0,0,1,1,1,0,0,0,0,0
USDCAD,2023-03-23,LONG,7,loss,-1.00,1.36655,1.36437,1.37248,2.72,1,0,1,1,1,0,1,0,0,0,1,1,0,0,0,0
GBPUSD,2023-03-24,LONG,5,win,2.54,1.22185,1.21784,1.23203,2.54,0,1,0,0,1,1,0,0,0,0,1,1,0,0,0,0
USDCAD,2023-03-27,LONG,6,loss,-1.00,1.36565,1.36300,1.37333,2.90,1,0,0,1,1,0,1,0,0,0,1,1,0,0,0,0
USDCAD,2023-03-28,LONG,7,loss,-1.00,1.36155,1.35814,1.37099,2.77,1,0,0,1,1,1,1,0,0,0,1,1,0,0,0,0
USDCHF,2023-03-28,SHORT,5,loss,-1.00,0.91983,0.92165,0.91445,2.96,1,0,1,0,1,0,0,0,0,0,1,1,0,0,0,0
USDCAD,2023-03-28,LONG,7,loss,-1.00,1.35981,1.35814,1.36628,3.87,1,0,0,1,1,1,1,0,0,0,1,1,0,0,0,0
USDCAD,2023-03-29,LONG,6,loss,-1.00,1.35810,1.35544,1.36628,3.08,1,0,0,1,1,0,1,0,0,0,1,1,0,0,0,0
USDJPY,2023-03-29,SHORT,7,loss,-1.00,132.69700,133.00000,131.04700,5.45,0,1,0,0,1,1,1,0,0,0,1,1,0,0,1,0
USDCHF,2023-03-29,SHORT,5,win,2.65,0.91954,0.92165,0.91395,2.65,1,0,1,0,1,0,0,0,0,0,1,1,0,0,0,0
USDJPY,2023-03-30,SHORT,6,loss,-1.00,132.71100,133.00000,131.96300,2.59,0,1,0,0,1,1,1,0,0,0,1,1,0,0,0,0
NZDUSD,2023-04-03,SHORT,6,loss,-1.00,0.62908,0.63088,0.62120,4.38,1,1,0,0,1,0,0,0,1,1,1,0,0,0,0,0
AUDUSD,2023-04-03,SHORT,5,loss,-1.00,0.67620,0.67832,0.66581,4.90,1,0,1,0,1,0,1,0,0,0,1,0,0,0,0,0
NZDUSD,2023-04-03,SHORT,7,loss,-1.00,0.62876,0.63088,0.62194,3.22,1,1,0,0,1,0,0,0,1,1,0,1,1,0,0,0
NZDUSD,2023-04-04,SHORT,5,loss,-1.00,0.62925,0.63088,0.62194,4.48,1,1,0,0,1,0,0,0,0,1,0,1,0,0,0,0
AUDUSD,2023-04-04,SHORT,6,loss,-1.00,0.67419,0.67585,0.66951,2.82,1,0,1,0,1,0,1,0,0,0,1,1,0,0,0,0
USDJPY,2023-04-10,SHORT,8,loss,-1.00,132.86000,133.16700,132.08700,2.52,0,1,0,0,1,1,1,0,1,0,1,1,0,0,1,0
USDCHF,2023-04-10,SHORT,4,loss,-1.00,0.90694,0.90808,0.90281,3.62,1,0,0,0,1,0,0,0,0,0,1,1,0,0,0,0
USDJPY,2023-04-10,SHORT,5,loss,-1.00,133.56000,133.82400,132.08700,5.58,0,0,0,0,1,1,0,0,1,0,1,0,0,0,1,0
USDCAD,2023-04-12,LONG,6,loss,-1.00,1.34419,1.34245,1.35084,3.82,1,0,0,1,1,1,0,0,1,0,0,1,0,0,0,0
AUDUSD,2023-04-13,SHORT,6,loss,-1.00,0.67773,0.67928,0.67089,4.41,1,0,0,0,1,1,0,0,1,1,1,0,0,0,0,0
AUDUSD,2023-04-14,SHORT,5,loss,-1.00,0.67733,0.67928,0.67232,2.57,1,0,0,0,1,1,0,0,0,1,1,0,0,0,0,0
GBPUSD,2023-04-17,LONG,5,loss,-1.00,1.24240,1.23980,1.25262,3.93,0,0,0,0,1,0,0,0,1,0,1,1,1,0,0,0
USDCHF,2023-04-18,SHORT,6,loss,-1.00,0.89804,0.89962,0.89269,3.39,1,0,1,0,1,0,0,0,0,0,1,1,0,0,1,0
EURUSD,2023-04-19,LONG,6,win,2.76,1.09311,1.09091,1.09918,2.76,0,0,1,0,1,1,0,0,1,0,1,1,0,0,0,0
EURUSD,2023-04-25,LONG,3,win,2.53,1.09685,1.09334,1.10573,2.53,0,0,0,0,1,0,0,0,0,0,1,1,0,0,0,0
GBPUSD,2023-04-25,LONG,4,win,3.16,1.23950,1.23666,1.24847,3.16,0,0,0,0,1,0,0,0,1,0,1,1,0,0,0,0
USDCHF,2023-04-27,SHORT,6,loss,-1.00,0.89388,0.89537,0.88749,4.29,1,0,0,0,1,1,0,0,1,0,1,1,0,0,0,0
USDCHF,2023-04-28,SHORT,8,win,3.31,0.89605,0.89760,0.89092,3.31,1,0,0,0,1,1,0,1,1,0,1,1,0,1,0,0
USDCAD,2023-04-28,LONG,7,loss,-1.00,1.35459,1.35222,1.36500,4.39,1,0,0,1,1,1,1,0,0,0,1,1,0,0,0,0
NZDUSD,2023-05-01,SHORT,5,loss,-1.00,0.61756,0.61870,0.61370,3.39,1,0,0,0,1,1,0,0,0,0,1,1,0,0,0,0
USDCAD,2023-05-01,LONG,7,loss,-1.00,1.35431,1.35222,1.36500,5.11,1,0,0,1,1,1,1,0,0,0,1,1,0,0,0,0
NZDUSD,2023-05-02,SHORT,5,loss,-1.00,0.62141,0.62255,0.61634,4.45,1,0,0,0,1,0,1,0,0,0,1,1,0,0,0,0
GBPUSD,2023-05-02,LONG,4,win,2.54,1.24734,1.24359,1.25685,2.54,0,0,0,0,1,1,0,0,0,0,1,1,0,0,0,0
EURUSD,2023-05-05,LONG,7,loss,-1.00,1.10093,1.09860,1.10743,2.79,0,0,1,0,1,1,0,0,0,0,1,1,0,1,1,0
AUDUSD,2023-05-05,SHORT,5,loss,-1.00,0.67488,0.67710,0.66904,2.63,1,0,0,0,1,1,0,0,0,1,1,0,0,0,0,0
AUDUSD,2023-05-08,SHORT,4,win,2.84,0.67903,0.68057,0.67466,2.84,1,1,0,0,1,0,0,0,0,1,0,0,0,0,0,0
EURUSD,2023-05-09,LONG,6,loss,-1.00,1.09635,1.09422,1.10349,3.35,0,0,0,0,1,1,1,0,1,0,1,1,0,0,0,0
EURUSD,2023-05-09,LONG,6,loss,-1.00,1.09527,1.09334,1.10349,4.26,0,0,0,0,1,1,1,0,1,0,1,1,0,0,0,0
EURUSD,2023-05-09,LONG,6,loss,-1.00,1.09627,1.09422,1.10349,3.52,0,0,0,0,1,1,1,0,1,0,1,1,0,0,0,0
EURUSD,2023-05-10,LONG,6,loss,-1.00,1.09490,1.09334,1.10349,5.51,0,0,0,0,1,1,1,0,1,0,1,1,0,0,0,0
EURUSD,2023-05-11,LONG,6,loss,-1.00,1.09315,1.09172,1.09760,3.11,0,0,0,0,1,0,1,0,1,0,1,1,1,0,0,0
USDCHF,2023-05-11,SHORT,6,loss,-1.00,0.89531,0.89734,0.88963,2.80,1,0,0,0,1,0,0,0,1,1,1,1,0,0,0,0
GBPUSD,2023-05-12,LONG,5,loss,-1.00,1.25191,1.24962,1.25855,2.90,0,0,0,0,1,1,0,0,0,0,1,1,0,0,1,0
GBPUSD,2023-05-12,LONG,5,loss,-1.00,1.24623,1.24352,1.25855,4.55,0,0,0,0,1,1,1,0,0,0,1,1,0,0,0,0
EURUSD,2023-05-12,LONG,3,loss,-1.00,1.08555,1.08313,1.09221,2.75,0,0,0,0,1,0,0,0,1,0,1,0,0,0,0,0
EURUSD,2023-05-12,LONG,3,loss,-1.00,1.08517,1.08313,1.09076,2.74,0,0,0,0,1,0,0,0,1,0,1,0,0,0,0,0
USDCHF,2023-05-12,SHORT,9,win,3.17,0.89837,0.90027,0.89234,3.17,1,0,0,0,1,1,1,0,1,1,1,1,0,0,1,0
GBPUSD,2023-05-18,LONG,5,win,3.27,1.24087,1.23863,1.24820,3.27,0,0,1,0,1,0,1,0,0,0,1,1,0,0,0,0
USDCHF,2023-05-24,SHORT,5,loss,-1.00,0.90496,0.90624,0.90119,2.95,1,0,0,0,1,0,1,0,0,1,0,1,0,0,0,0
USDCHF,2023-05-25,SHORT,6,loss,-1.00,0.90492,0.90624,0.90119,2.83,1,0,0,0,1,0,1,0,0,1,0,1,1,0,0,0
GBPUSD,2023-05-30,SHORT,5,loss,-1.00,1.24341,1.24691,1.23304,2.96,1,0,0,0,0,1,1,0,0,0,1,1,0,0,0,0
GBPUSD,2023-06-01,SHORT,4,loss,-1.00,1.24748,1.25099,1.23615,3.23,1,0,0,0,0,0,1,0,0,0,1,1,0,0,0,0
NZDUSD,2023-06-01,SHORT,4,loss,-1.00,0.60730,0.60959,0.59964,3.34,1,0,0,0,1,0,0,0,0,0,1,1,0,0,0,0
USDCAD,2023-06-01,LONG,4,loss,-1.00,1.34426,1.34035,1.36491,5.28,1,0,0,1,1,0,0,0,0,0,1,0,0,0,0,0
USDCAD,2023-06-01,LONG,4,loss,-1.00,1.34505,1.34035,1.35784,2.72,1,0,0,1,1,0,0,0,0,0,1,0,0,0,0,0
NZDUSD,2023-06-01,SHORT,4,loss,-1.00,0.60698,0.60959,0.59964,2.81,1,0,0,0,1,0,0,0,0,0,1,1,0,0,0,0
GBPUSD,2023-06-02,SHORT,4,win,4.67,1.25217,1.25461,1.24077,4.67,1,0,0,0,0,0,0,0,0,0,1,1,1,0,0,0
USDCAD,2023-06-02,LONG,6,loss,-1.00,1.34255,1.34035,1.35784,6.95,1,1,0,1,1,0,0,0,0,0,1,0,1,0,0,0
USDCAD,2023-06-02,LONG,5,loss,-1.00,1.34390,1.34035,1.35784,3.93,1,0,0,1,1,0,0,0,0,0,1,1,0,0,0,0
USDCAD,2023-06-02,LONG,5,loss,-1.00,1.34245,1.34035,1.35784,7.33,1,1,0,1,1,0,0,0,0,0,1,0,0,0,0,0
USDCAD,2023-06-05,LONG,5,loss,-1.00,1.34418,1.34062,1.35784,3.84,1,0,0,1,1,0,0,0,0,0,0,1,0,0,0,1
AUDUSD,2023-06-05,SHORT,4,loss,-1.00,0.66244,0.66380,0.65740,3.71,1,0,0,0,1,0,1,0,0,0,1,0,0,0,0,0
USDCAD,2023-06-05,LONG,5,loss,-1.00,1.34203,1.34035,1.35784,9.41,1,1,0,1,1,0,0,0,0,0,0,1,0,0,0,0
NZDUSD,2023-06-05,SHORT,4,loss,-1.00,0.60809,0.61107,0.59964,2.84,1,0,0,0,1,0,0,0,0,0,1,1,0,0,0,0
USDCAD,2023-06-05,LONG,5,loss,-1.00,1.34420,1.34062,1.35784,3.81,1,0,0,1,1,0,0,0,0,0,0,1,0,0,0,1
AUDUSD,2023-06-06,SHORT,5,loss,-1.00,0.66618,0.66748,0.66125,3.79,1,0,0,0,1,0,1,0,0,0,1,0,1,0,0,0
USDCAD,2023-06-06,LONG,5,loss,-1.00,1.34285,1.34062,1.35784,6.72,1,1,0,1,1,0,0,0,0,0,0,1,0,0,0,0
USDCAD,2023-06-06,LONG,5,loss,-1.00,1.34038,1.33343,1.35784,2.51,1,1,0,1,1,0,0,0,0,0,0,1,0,0,0,0
AUDUSD,2023-06-07,SHORT,6,loss,-1.00,0.66592,0.66748,0.66125,2.99,1,0,0,0,1,1,1,1,0,0,1,0,0,0,0,0
USDCHF,2023-06-07,SHORT,4,win,3.03,0.91065,0.91192,0.90680,3.03,1,0,0,0,1,0,0,0,1,0,0,1,0,0,0,0
NZDUSD,2023-06-08,SHORT,5,loss,-1.00,0.60915,0.61107,0.60412,2.62,1,0,0,0,1,0,0,0,1,0,1,1,0,0,0,0
USDJPY,2023-06-08,LONG,6,win,3.84,138.83900,138.43000,140.40900,3.84,1,0,0,0,1,0,0,0,1,0,1,1,0,0,1,0
EURUSD,2023-06-08,SHORT,4,loss,-1.00,1.07788,1.08012,1.07082,3.15,1,0,0,0,0,0,1,0,0,0,1,1,0,0,0,0
EURUSD,2023-06-08,SHORT,4,loss,-1.00,1.07790,1.08012,1.07129,2.98,1,0,0,0,0,0,1,0,0,0,1,1,0,0,0,0
USDCAD,2023-06-09,LONG,4,loss,-1.00,1.33231,1.33001,1.34152,4.00,1,1,0,1,1,0,0,0,0,0,0,0,0,0,0,0
USDCAD,2023-06-09,LONG,5,loss,-1.00,1.33428,1.33205,1.34152,3.25,1,1,0,1,1,0,0,0,0,0,0,1,0,0,0,0
USDCAD,2023-06-09,LONG,5,loss,-1.00,1.33456,1.33205,1.34152,2.77,1,1,0,1,1,0,0,0,0,0,0,1,0,0,0,0
USDCAD,2023-06-12,LONG,7,loss,-1.00,1.33362,1.33126,1.34152,3.35,1,1,0,1,1,1,0,1,0,0,0,1,0,0,0,0
USDCHF,2023-06-12,SHORT,4,win,3.69,0.90988,0.91192,0.90235,3.69,1,0,0,0,1,1,0,0,0,0,0,1,0,0,0,0
USDCHF,2023-06-12,SHORT,4,win,2.86,0.90856,0.91073,0.90236,2.86,1,0,0,0,1,1,0,0,0,0,0,1,0,0,0,0
AUDUSD,2023-06-14,SHORT,3,loss,-1.00,0.67903,0.68066,0.67416,2.99,1,1,0,0,1,0,0,0,0,0,0,0,0,0,0,0
USDCAD,2023-06-14,LONG,4,loss,-1.00,1.32846,1.32616,1.33543,3.03,1,0,0,1,1,0,0,0,0,0,0,1,0,0,0,0
AUDUSD,2023-06-15,SHORT,2,win,2.72,0.68866,0.69203,0.67950,2.72,1,0,0,0,1,0,0,0,0,0,0,0,0,0,0,0
EURUSD,2023-06-16,SHORT,3,loss,-1.00,1.09603,1.10068,1.08266,2.88,1,0,0,0,0,0,0,1,0,0,1,0,0,0,0,0
USDCAD,2023-06-28,SHORT,4,loss,-1.00,1.32368,1.32692,1.31227,3.52,0,0,0,0,1,1,0,0,0,0,1,1,0,0,0,0
USDCAD,2023-06-28,SHORT,4,loss,-1.00,1.32497,1.32692,1.31227,6.51,0,0,0,0,1,1,0,0,0,0,1,1,0,0,0,0
USDCAD,2023-06-28,SHORT,4,loss,-1.00,1.32525,1.32692,1.31227,7.77,0,0,0,0,1,1,0,0,0,0,1,1,0,0,0,0
USDCAD,2023-06-29,SHORT,4,loss,-1.00,1.32556,1.32692,1.31227,9.77,0,0,0,0,1,1,0,0,0,0,1,1,0,0,0,0
USDCAD,2023-06-29,SHORT,5,loss,-1.00,1.32472,1.32692,1.31227,5.66,0,0,0,0,1,1,0,0,0,0,1,1,1,0,0,0
USDCAD,2023-06-29,SHORT,5,loss,-1.00,1.32463,1.32692,1.31227,5.40,0,0,0,0,1,1,0,0,0,0,1,1,1,0,0,0
USDCHF,2023-06-29,SHORT,9,loss,-1.00,0.89968,0.90128,0.89444,3.28,1,0,1,0,1,1,1,0,1,0,1,1,0,0,1,0
EURUSD,2023-06-29,LONG,6,loss,-1.00,1.08692,1.08443,1.09385,2.78,0,0,1,0,1,0,1,0,1,0,1,1,0,0,0,0
USDCAD,2023-06-30,SHORT,5,loss,-1.00,1.32696,1.32850,1.31227,9.54,0,0,0,0,1,1,0,1,0,0,1,1,0,0,0,0
NZDUSD,2023-07-04,SHORT,5,loss,-1.00,0.61879,0.62000,0.61232,5.35,1,0,0,0,1,1,1,0,0,0,1,0,0,0,0,0
AUDUSD,2023-07-04,SHORT,5,win,3.66,0.67033,0.67203,0.66411,3.66,1,0,0,0,1,0,1,0,0,0,1,1,0,0,0,0
USDCHF,2023-07-05,SHORT,7,win,2.93,0.89902,0.90041,0.89495,2.93,1,0,0,0,1,1,1,0,0,0,1,1,0,0,1,0
USDCAD,2023-07-05,SHORT,4,loss,-1.00,1.32721,1.32846,1.32309,3.30,0,0,0,0,1,0,0,0,0,0,1,1,1,0,0,0
USDCAD,2023-07-06,SHORT,4,loss,-1.00,1.33547,1.33832,1.32309,4.34,0,1,0,0,1,0,1,0,0,0,1,0,0,0,0,0
USDCAD,2023-07-06,SHORT,4,loss,-1.00,1.33661,1.33832,1.32867,4.64,0,1,0,0,1,0,1,0,0,0,1,0,0,0,0,0
USDCAD,2023-07-07,SHORT,5,win,4.88,1.33668,1.33832,1.32868,4.88,0,1,0,0,1,0,1,0,0,0,1,1,0,0,0,0
AUDUSD,2023-07-07,SHORT,6,loss,-1.00,0.66839,0.67050,0.66174,3.15,1,0,0,0,1,1,1,0,0,0,1,1,0,0,0,0
USDJPY,2023-07-07,LONG,3,loss,-1.00,142.21600,141.60900,143.97400,2.90,1,0,0,0,1,0,0,0,0,0,1,0,0,0,0,0
NZDUSD,2023-07-07,SHORT,4,loss,-1.00,0.62070,0.62223,0.61563,3.31,1,0,0,0,1,1,0,0,0,0,0,1,0,0,0,0
AUDUSD,2023-07-07,SHORT,6,win,2.57,0.66843,0.67050,0.66312,2.57,1,0,0,0,1,1,1,0,0,0,1,1,0,0,0,0
USDJPY,2023-07-10,LONG,5,loss,-1.00,141.56100,141.21200,142.76900,3.46,1,0,0,0,1,0,1,0,0,0,1,0,0,0,1,0
NZDUSD,2023-07-10,SHORT,4,loss,-1.00,0.62112,0.62223,0.61716,3.57,1,0,0,0,1,1,0,0,0,0,0,1,0,0,0,0
USDJPY,2023-07-12,LONG,3,loss,-1.00,138.21400,137.42300,140.38300,2.74,1,0,0,0,1,0,0,0,0,0,1,0,0,0,0,0
AUDUSD,2023-07-12,SHORT,5,loss,-1.00,0.67815,0.68056,0.66761,4.37,1,1,0,0,1,0,0,0,1,0,1,0,0,0,0,0
AUDUSD,2023-07-12,SHORT,5,loss,-1.00,0.67894,0.68056,0.66876,6.28,1,1,0,0,1,0,0,0,1,0,1,0,0,0,0,0
USDJPY,2023-07-13,LONG,4,loss,-1.00,138.49500,138.23100,139.56800,4.06,1,0,0,0,1,0,0,0,0,0,1,0,0,0,1,0
NZDUSD,2023-07-13,SHORT,2,loss,-1.00,0.63699,0.63899,0.63043,3.28,1,0,0,0,1,0,0,0,0,0,0,0,0,0,0,0
USDJPY,2023-07-13,LONG,4,loss,-1.00,138.02400,137.42300,139.56800,2.57,1,0,0,0,1,0,0,0,0,0,1,0,0,0,1,0
USDJPY,2023-07-14,LONG,3,loss,-1.00,138.54200,138.23100,139.56800,3.30,1,0,0,0,1,0,0,0,0,0,0,0,0,0,1,0
USDJPY,2023-07-14,LONG,2,loss,-1.00,138.74300,138.43000,139.56800,2.64,1,0,0,0,1,0,0,0,0,0,0,0,0,0,0,0
USDCAD,2023-07-18,SHORT,7,loss,-1.00,1.32050,1.32318,1.31211,3.13,0,0,1,0,1,1,0,1,1,0,1,1,0,0,0,0
GBPUSD,2023-07-20,LONG,3,loss,-1.00,1.28912,1.28674,1.29520,2.55,0,0,0,0,1,0,0,0,0,0,1,1,0,0,0,0
USDCHF,2023-07-21,SHORT,4,loss,-1.00,0.86582,0.86839,0.85843,2.88,1,0,0,0,1,0,0,0,0,0,1,1,0,0,0,0
USDCAD,2023-07-21,SHORT,6,loss,-1.00,1.32181,1.32428,1.31340,3.40,0,0,1,0,1,1,1,0,0,0,1,1,0,0,0,0
USDCHF,2023-07-21,SHORT,4,loss,-1.00,0.86609,0.86839,0.85843,3.33,1,0,0,0,1,0,0,0,0,0,1,1,0,0,0,0
USDCHF,2023-07-24,SHORT,4,loss,-1.00,0.86646,0.86839,0.85843,4.16,1,0,0,0,1,0,0,0,0,0,1,1,0,0,0,0
EURUSD,2023-07-27,LONG,4,loss,-1.00,1.09669,1.09434,1.11385,7.30,0,0,0,0,1,0,1,0,0,1,1,0,0,0,0,0
GBPUSD,2023-07-27,LONG,4,loss,-1.00,1.27838,1.27502,1.29830,5.93,0,0,0,0,1,1,1,0,0,0,1,0,0,0,0,0
USDCHF,2023-07-28,SHORT,4,loss,-1.00,0.86790,0.87004,0.85682,5.18,1,0,0,0,1,0,0,0,0,0,1,1,0,0,0,0
EURUSD,2023-07-28,LONG,7,loss,-1.00,1.10092,1.09768,1.11384,3.99,0,0,0,0,1,1,1,0,0,1,1,1,0,0,1,0
EURUSD,2023-07-31,LONG,6,loss,-1.00,1.09953,1.09435,1.11384,2.76,0,0,0,0,1,0,1,0,0,1,1,1,0,0,1,0
USDCAD,2023-08-01,SHORT,6,loss,-1.00,1.32718,1.32893,1.31940,4.45,0,1,0,0,1,1,1,0,0,0,1,1,0,0,0,0
GBPUSD,2023-08-01,LONG,5,loss,-1.00,1.27843,1.27626,1.29643,8.29,0,0,0,0,1,1,1,0,0,0,1,1,0,0,0,0
USDCAD,2023-08-01,SHORT,7,loss,-1.00,1.32876,1.33041,1.32445,2.61,0,1,0,0,1,1,1,0,0,0,1,1,1,0,0,0
GBPUSD,2023-08-07,SHORT,5,win,2.83,1.27665,1.27918,1.26950,2.83,1,0,0,0,0,1,1,0,0,0,1,1,0,0,0,0
GBPUSD,2023-08-10,SHORT,6,loss,-1.00,1.27629,1.27819,1.27129,2.63,1,0,0,0,0,1,1,1,0,0,1,1,0,0,0,0
USDCHF,2023-08-14,SHORT,6,loss,-1.00,0.87843,0.88055,0.87245,2.82,1,0,0,0,1,0,1,1,0,0,1,1,0,0,0,0
NZDUSD,2023-08-29,SHORT,6,loss,-1.00,0.59736,0.59927,0.59067,3.50,1,0,0,0,1,1,0,0,1,0,1,1,0,0,0,0
EURUSD,2023-08-30,SHORT,6,win,4.57,1.09258,1.09524,1.08042,4.57,1,0,1,0,0,1,1,0,0,0,1,1,0,0,0,0
NZDUSD,2023-08-30,SHORT,7,loss,-1.00,0.59808,0.59963,0.59067,4.78,1,0,0,0,1,1,0,0,1,0,1,1,0,0,1,0
USDJPY,2023-08-30,LONG,6,loss,-1.00,145.94400,145.71900,147.13700,5.30,1,0,0,0,1,0,0,0,1,0,1,1,0,0,1,0
USDCAD,2023-08-30,LONG,6,loss,-1.00,1.35163,1.34956,1.36261,5.30,1,0,0,0,1,1,0,0,0,0,1,1,0,0,1,0
NZDUSD,2023-08-30,SHORT,6,loss,-1.00,0.59659,0.59846,0.59067,3.17,1,0,0,0,1,1,0,0,1,0,1,1,0,0,0,0
USDJPY,2023-08-31,LONG,7,loss,-1.00,145.81700,145.55800,147.13700,5.10,1,0,0,0,1,0,0,0,1,0,1,1,0,1,1,0
USDCHF,2023-08-31,SHORT,6,loss,-1.00,0.88374,0.88586,0.87808,2.67,1,0,0,0,1,0,1,0,1,1,0,1,0,0,0,0
USDCAD,2023-08-31,LONG,5,loss,-1.00,1.35142,1.34956,1.35621,2.58,1,0,0,0,1,0,0,0,0,0,1,1,0,0,1,0
USDCAD,2023-09-01,LONG,6,win,2.87,1.35128,1.34956,1.35621,2.87,1,0,0,0,1,0,0,0,0,0,1,1,0,0,1,1
USDCHF,2023-09-01,SHORT,7,loss,-1.00,0.88334,0.88455,0.88007,2.70,1,0,0,0,1,0,1,0,1,1,0,1,0,1,0,0
USDCHF,2023-09-01,SHORT,6,loss,-1.00,0.88578,0.88760,0.88007,3.14,1,0,0,0,1,0,0,0,1,1,0,1,0,1,0,0
USDCHF,2023-09-01,SHORT,6,loss,-1.00,0.88590,0.88760,0.88007,3.43,1,0,0,0,1,0,0,0,1,1,0,1,0,1,0,0
USDCHF,2023-09-06,SHORT,4,loss,-1.00,0.89029,0.89177,0.88510,3.51,1,0,0,0,1,0,0,0,0,1,0,1,0,0,0,0
USDCHF,2023-09-07,SHORT,5,loss,-1.00,0.89253,0.89445,0.88510,3.87,1,0,0,0,1,0,0,1,0,1,0,1,0,0,0,0
USDCHF,2023-09-07,SHORT,5,loss,-1.00,0.89274,0.89445,0.88510,4.47,1,0,0,0,1,0,0,1,0,1,0,1,0,0,0,0
USDCHF,2023-09-07,SHORT,6,loss,-1.00,0.89270,0.89445,0.88510,4.34,1,0,0,0,1,0,0,1,0,1,0,1,1,0,0,0
USDCHF,2023-09-08,SHORT,4,loss,-1.00,0.89159,0.89402,0.88510,2.67,1,0,0,0,1,0,0,0,0,1,0,1,0,0,0,0
USDCHF,2023-09-08,SHORT,4,loss,-1.00,0.89282,0.89402,0.88510,6.43,1,0,0,0,1,0,0,0,0,1,0,1,0,0,0,0
USDCAD,2023-09-14,LONG,7,loss,-1.00,1.35124,1.34889,1.35829,3.00,1,0,0,0,1,1,1,0,0,0,1,1,0,0,1,0
USDCAD,2023-09-15,LONG,7,loss,-1.00,1.35057,1.34889,1.35829,4.60,1,0,0,0,1,1,1,0,0,0,1,1,0,0,1,0
USDCHF,2023-09-20,SHORT,4,loss,-1.00,0.89908,0.90041,0.89478,3.23,1,0,0,0,1,0,0,0,0,0,0,1,0,0,1,0
NZDUSD,2023-09-22,SHORT,6,loss,-1.00,0.59709,0.59849,0.59306,2.88,1,0,0,0,1,1,1,0,0,0,1,1,0,0,0,0
USDCHF,2023-09-26,SHORT,3,loss,-1.00,0.91272,0.91471,0.90717,2.79,1,1,0,0,1,0,0,0,0,0,0,0,0,0,0,0
USDCHF,2023-09-27,SHORT,2,win,3.33,0.92089,0.92228,0.91626,3.33,1,0,0,0,1,0,0,0,0,0,0,0,0,0,0,0
NZDUSD,2023-09-28,SHORT,5,loss,-1.00,0.59691,0.59882,0.59146,2.85,1,0,0,0,1,0,1,0,0,0,1,1,0,0,0,0
USDCHF,2023-10-03,SHORT,3,win,2.50,0.92266,0.92454,0.91796,2.50,1,0,0,0,1,1,0,0,0,0,0,0,0,0,0,0
USDJPY,2023-10-03,LONG,5,loss,-1.00,148.76100,148.52500,149.38400,2.64,1,0,0,0,1,1,0,0,0,0,1,1,0,0,0,0
GBPUSD,2023-10-05,SHORT,6,loss,-1.00,1.21490,1.21765,1.20621,3.16,1,0,0,0,1,1,0,0,1,0,1,1,0,0,0,0
GBPUSD,2023-10-06,SHORT,6,loss,-1.00,1.22418,1.22715,1.21490,3.12,1,0,0,0,1,1,0,0,1,0,1,1,0,0,0,0
USDJPY,2023-10-09,LONG,9,loss,-1.00,148.43900,148.25700,149.16600,3.99,1,0,1,0,1,1,0,0,1,1,1,1,0,0,1,0
GBPUSD,2023-10-09,SHORT,7,loss,-1.00,1.22424,1.22715,1.21687,2.53,1,0,1,0,1,1,0,0,1,0,1,1,0,0,0,0
GBPUSD,2023-10-10,SHORT,6,loss,-1.00,1.22394,1.22610,1.21687,3.27,1,0,1,0,1,0,0,0,1,0,1,1,0,0,0,0
GBPUSD,2023-10-12,SHORT,6,win,3.34,1.23126,1.23371,1.22308,3.34,1,0,1,0,1,1,0,0,0,0,1,1,0,0,0,0
USDCAD,2023-10-12,LONG,5,win,5.28,1.35849,1.35709,1.36588,5.28,1,0,0,0,1,0,1,0,0,0,1,1,0,0,0,0
GBPUSD,2023-10-23,SHORT,5,loss,-1.00,1.21696,1.21914,1.21034,3.04,1,0,1,0,1,0,0,0,0,0,1,1,0,0,0,0
EURUSD,2023-10-23,SHORT,7,loss,-1.00,1.06453,1.06716,1.05705,2.84,1,0,1,0,1,0,1,0,1,0,1,1,0,0,0,0
GBPUSD,2023-10-24,SHORT,5,win,2.73,1.21678,1.21914,1.21034,2.73,1,0,1,0,1,0,0,0,0,0,1,1,0,0,0,0
USDCHF,2023-10-26,SHORT,7,loss,-1.00,0.89831,0.90016,0.89069,4.12,1,0,0,0,1,1,1,0,0,0,1,1,0,0,1,0
USDCHF,2023-10-27,SHORT,6,loss,-1.00,0.90176,0.90319,0.89069,7.74,1,0,0,0,1,0,1,0,0,0,1,1,0,0,1,0
USDCHF,2023-10-27,SHORT,5,loss,-1.00,0.90208,0.90319,0.89828,3.42,1,0,0,0,1,0,1,0,0,0,1,1,0,0,0,0
USDJPY,2023-10-27,LONG,7,loss,-1.00,149.55700,149.32000,150.15200,2.51,1,0,0,0,1,1,0,0,0,1,1,1,0,0,1,0
NZDUSD,2023-10-30,SHORT,4,loss,-1.00,0.58339,0.58436,0.58073,2.74,1,0,0,0,1,0,0,0,0,0,1,1,0,0,0,0
USDJPY,2023-10-30,LONG,9,win,4.21,149.01000,148.73900,150.15200,4.21,1,0,0,0,1,1,1,1,0,1,1,1,0,0,1,0
NZDUSD,2023-11-02,SHORT,5,loss,-1.00,0.58958,0.59193,0.58287,2.86,1,0,0,0,1,1,1,0,0,0,1,0,0,0,0,0
NZDUSD,2023-11-02,SHORT,5,loss,-1.00,0.58967,0.59193,0.58287,3.01,1,0,0,0,1,1,1,0,0,0,1,0,0,0,0,0
USDJPY,2023-11-03,LONG,7,win,2.85,149.36500,148.80400,150.96400,2.85,1,0,0,0,1,1,1,0,0,0,1,1,0,0,1,0
GBPUSD,2023-11-03,SHORT,6,loss,-1.00,1.23711,1.24211,1.21729,3.96,1,1,0,0,1,0,0,0,1,1,1,0,0,0,0,0
EURUSD,2023-11-03,SHORT,6,loss,-1.00,1.07321,1.07648,1.05999,4.04,1,1,0,0,1,0,0,0,1,0,1,0,0,1,0,0
AUDUSD,2023-11-03,SHORT,6,loss,-1.00,0.65031,0.65215,0.64276,4.10,1,0,0,0,1,0,0,0,1,1,1,0,0,0,1,0
GBPUSD,2023-11-03,SHORT,6,loss,-1.00,1.23731,1.24211,1.21994,3.62,1,1,0,0,1,0,0,0,1,1,1,0,0,0,0,0
USDCAD,2023-11-06,LONG,4,win,3.58,1.36435,1.36166,1.37398,3.58,1,0,0,0,1,0,1,0,0,0,1,0,0,0,0,0
GBPUSD,2023-11-06,SHORT,5,win,2.55,1.24234,1.25114,1.21994,2.55,1,1,0,0,1,0,0,0,0,1,1,0,0,0,0,0
EURUSD,2023-11-06,SHORT,3,loss,-1.00,1.07514,1.07648,1.06291,9.13,1,1,0,0,1,0,0,0,0,0,0,0,0,0,0,0
AUDUSD,2023-11-06,SHORT,4,win,5.05,0.65084,0.65215,0.64422,5.05,1,0,0,0,1,0,0,0,0,1,0,0,0,0,1,0
AUDUSD,2023-11-06,SHORT,5,win,3.03,0.65018,0.65215,0.64422,3.03,1,0,0,0,1,0,0,0,0,1,0,0,0,0,1,1
EURUSD,2023-11-06,SHORT,3,loss,-1.00,1.07436,1.07648,1.06291,5.40,1,1,0,0,1,0,0,0,0,0,0,0,0,0,0,0
EURUSD,2023-11-06,SHORT,3,loss,-1.00,1.07242,1.07368,1.06291,7.55,1,1,0,0,1,0,0,0,0,0,0,0,0,0,0,0
AUDUSD,2023-11-06,SHORT,4,loss,-1.00,0.64907,0.65005,0.64422,4.95,1,0,0,0,1,0,0,0,0,1,0,0,0,0,1,0
USDCHF,2023-11-13,SHORT,6,loss,-1.00,0.90329,0.90457,0.89933,3.09,1,1,0,0,1,0,1,1,0,0,0,1,0,0,0,0
AUDUSD,2023-11-14,SHORT,4,loss,-1.00,0.64793,0.65226,0.63599,2.76,1,0,0,0,1,1,0,0,1,0,0,0,0,0,0,0
EURUSD,2023-11-14,SHORT,3,loss,-1.00,1.08376,1.08819,1.06872,3.40,1,0,0,0,1,0,0,0,1,0,0,0,0,0,0,0
GBPUSD,2023-11-14,SHORT,4,loss,-1.00,1.24564,1.25114,1.22497,3.76,1,1,0,0,1,0,0,0,1,0,0,0,0,0,0,0
AUDUSD,2023-11-14,SHORT,5,loss,-1.00,0.65080,0.65226,0.63683,9.57,1,0,0,0,1,1,0,0,1,0,0,0,0,0,1,0
EURUSD,2023-11-14,SHORT,3,loss,-1.00,1.08814,1.09454,1.07061,2.74,1,0,0,0,1,0,0,0,1,0,0,0,0,0,0,0
GBPUSD,2023-11-14,SHORT,4,loss,-1.00,1.24993,1.25477,1.22801,4.53,1,0,0,0,1,0,0,0,1,0,0,0,0,0,1,0
NZDUSD,2023-11-14,SHORT,4,loss,-1.00,0.60102,0.60551,0.58652,3.23,1,0,0,0,1,0,0,0,1,0,0,0,0,0,1,0
EURUSD,2023-11-15,SHORT,3,loss,-1.00,1.08661,1.08819,1.07193,9.29,1,0,0,0,1,0,0,0,1,0,0,0,0,0,0,0
NZDUSD,2023-11-15,SHORT,3,win,2.87,0.60417,0.60551,0.60033,2.87,1,0,0,0,1,0,0,0,1,0,0,0,0,0,0,0
USDCAD,2023-11-15,LONG,6,loss,-1.00,1.36777,1.36288,1.38353,3.22,1,0,0,0,1,0,1,0,1,0,1,1,0,0,0,0
GBPUSD,2023-11-15,SHORT,3,loss,-1.00,1.24716,1.25114,1.22801,4.81,1,0,0,0,1,0,0,0,1,0,0,0,0,0,0,0
EURUSD,2023-11-15,SHORT,4,loss,-1.00,1.08651,1.08819,1.07193,8.68,1,0,0,0,1,0,0,0,1,0,0,0,1,0,0,0
USDCAD,2023-11-15,LONG,6,loss,-1.00,1.36598,1.36288,1.38353,5.66,1,0,0,0,1,0,1,0,1,0,1,1,0,0,0,0
USDCAD,2023-11-15,LONG,6,loss,-1.00,1.36821,1.36288,1.38353,2.87,1,0,0,0,1,0,1,0,1,0,1,1,0,0,0,0
EURUSD,2023-11-15,SHORT,3,loss,-1.00,1.08462,1.08875,1.07193,3.07,1,0,0,0,1,0,0,0,1,0,0,0,0,0,0,0
USDCAD,2023-11-16,LONG,7,loss,-1.00,1.37052,1.36540,1.38353,2.54,1,0,0,0,1,0,1,0,1,0,1,1,1,0,0,0
EURUSD,2023-11-16,SHORT,4,loss,-1.00,1.08522,1.08875,1.07193,3.76,1,0,0,0,1,1,0,0,1,0,0,0,0,0,0,0
USDJPY,2023-11-16,LONG,6,loss,-1.00,150.40600,150.04700,151.73100,3.69,1,0,0,0,1,1,0,0,0,0,1,1,0,0,1,0
EURUSD,2023-11-16,SHORT,4,loss,-1.00,1.08556,1.08875,1.07193,4.27,1,0,0,0,1,1,0,0,1,0,0,0,0,0,0,0
USDJPY,2023-11-17,LONG,6,loss,-1.00,149.50500,149.18100,151.37400,5.77,1,0,0,0,1,1,1,0,0,0,1,0,0,0,1,0
GBPUSD,2023-11-17,SHORT,4,loss,-1.00,1.24288,1.24557,1.22801,5.53,1,1,0,0,1,0,0,0,0,0,0,1,0,0,0,0
EURUSD,2023-11-17,SHORT,2,loss,-1.00,1.08662,1.08955,1.07193,5.01,1,0,0,0,1,0,0,0,0,0,0,0,0,0,0,0
USDJPY,2023-11-17,LONG,7,loss,-1.00,149.55600,149.18100,150.55300,2.66,1,0,0,0,1,1,1,0,0,0,1,0,1,0,1,0
EURUSD,2023-11-20,SHORT,2,loss,-1.00,1.09382,1.09524,1.08868,3.62,1,0,0,0,1,0,0,0,0,0,0,0,0,0,0,0
EURUSD,2023-11-21,SHORT,2,loss,-1.00,1.09392,1.09524,1.08868,3.97,1,0,0,0,1,0,0,0,0,0,0,0,0,0,0,0
EURUSD,2023-11-21,SHORT,3,win,4.19,1.09341,1.09454,1.08868,4.19,1,0,0,0,1,0,0,0,0,0,0,0,1,0,0,0
USDCAD,2023-11-22,LONG,6,win,3.06,1.37072,1.36891,1.37626,3.06,1,0,0,0,1,0,1,0,1,0,1,1,0,0,0,0
GBPUSD,2023-11-23,SHORT,2,loss,-1.00,1.25564,1.25876,1.24584,3.14,1,0,0,0,1,0,0,0,0,0,0,0,0,0,0,0
USDCAD,2023-11-23,LONG,7,loss,-1.00,1.36953,1.36806,1.37441,3.32,1,0,0,0,1,1,1,0,1,0,1,1,0,0,0,0
GBPUSD,2023-11-24,SHORT,3,loss,-1.00,1.25679,1.25876,1.25053,3.18,1,0,0,0,1,0,0,0,0,0,0,0,0,1,0,0
EURUSD,2023-11-24,SHORT,3,loss,-1.00,1.09141,1.09303,1.08657,2.99,1,0,0,0,1,0,0,0,0,0,0,1,0,0,0,0
GBPUSD,2023-11-24,SHORT,3,loss,-1.00,1.26125,1.26423,1.25321,2.70,1,0,0,0,1,0,0,0,0,0,0,0,0,1,0,0
EURUSD,2023-11-24,SHORT,3,loss,-1.00,1.09398,1.09651,1.08657,2.93,1,0,0,0,1,0,0,0,0,0,0,1,0,0,0,0
USDCAD,2023-11-24,LONG,3,loss,-1.00,1.36009,1.35779,1.37441,6.23,1,0,0,0,1,0,0,0,1,0,0,0,0,0,0,0
USDCAD,2023-11-24,LONG,4,loss,-1.00,1.36221,1.36049,1.36945,4.21,1,0,0,0,1,0,0,0,1,0,0,1,0,0,0,0
AUDUSD,2023-11-27,SHORT,3,loss,-1.00,0.66028,0.66164,0.65420,4.47,1,1,0,0,1,0,0,0,0,0,0,0,0,0,0,0
EURUSD,2023-11-27,SHORT,4,loss,-1.00,1.09536,1.09651,1.09079,3.97,1,0,0,0,1,0,0,0,1,0,0,1,0,0,0,0
AUDUSD,2023-11-27,SHORT,3,loss,-1.00,0.66075,0.66164,0.65722,3.97,1,1,0,0,1,0,0,0,0,0,0,0,0,0,0,0
USDCAD,2023-11-28,LONG,3,loss,-1.00,1.35851,1.35688,1.36945,6.71,1,0,0,0,1,0,0,0,0,0,0,1,0,0,0,0
GBPUSD,2023-11-28,SHORT,3,loss,-1.00,1.26195,1.26440,1.25321,3.57,1,0,0,0,1,0,0,0,0,0,0,1,0,0,0,0
GBPUSD,2023-11-28,SHORT,2,loss,-1.00,1.26826,1.27127,1.25321,5.00,1,0,0,0,1,0,0,0,0,0,0,0,0,0,0,0
USDJPY,2023-11-28,LONG,5,loss,-1.00,147.42300,147.14900,148.58700,4.25,1,0,0,0,1,1,0,0,1,0,0,0,0,0,1,0
GBPUSD,2023-11-29,SHORT,3,loss,-1.00,1.26883,1.27127,1.26115,3.15,1,0,0,0,1,0,0,1,0,0,0,0,0,0,0,0
USDCAD,2023-11-29,LONG,3,loss,-1.00,1.35891,1.35709,1.36945,5.79,1,0,0,0,1,0,0,0,0,0,0,1,0,0,0,0
GBPUSD,2023-12-01,SHORT,4,win,2.67,1.26998,1.27329,1.26115,2.67,1,0,0,0,1,1,0,0,0,0,0,1,0,0,0,0
USDJPY,2023-12-07,LONG,3,loss,-1.00,145.02200,144.44100,147.17900,3.71,1,0,0,0,1,0,0,0,0,0,0,0,0,0,1,0
NZDUSD,2023-12-07,SHORT,4,loss,-1.00,0.61595,0.61763,0.61157,2.61,1,0,0,0,1,1,0,0,0,0,0,1,0,0,0,0
USDJPY,2023-12-07,LONG,3,loss,-1.00,144.03000,143.28100,146.85900,3.78,1,0,0,0,1,0,0,0,0,0,0,0,0,0,1,0
USDCHF,2023-12-08,SHORT,5,win,3.62,0.88033,0.88187,0.87476,3.62,1,0,0,0,1,1,0,0,0,0,1,1,0,0,0,0
USDCHF,2023-12-11,SHORT,5,win,2.57,0.88001,0.88205,0.87476,2.57,1,0,0,0,1,1,0,0,0,0,1,1,0,0,0,0
NZDUSD,2023-12-13,SHORT,3,loss,-1.00,0.62039,0.62221,0.60925,6.12,1,0,0,0,1,0,0,0,1,0,0,0,0,0,0,0
AUDUSD,2023-12-13,SHORT,3,loss,-1.00,0.66645,0.66901,0.65518,4.40,1,0,0,0,1,0,0,0,1,0,0,0,0,0,0,0
USDCAD,2023-12-14,LONG,3,loss,-1.00,1.34210,1.33951,1.35095,3.42,1,1,0,0,1,0,0,0,0,0,0,0,0,0,0,0
USDCAD,2023-12-15,LONG,2,loss,-1.00,1.33796,1.33553,1.34749,3.92,1,0,0,0,1,0,0,0,0,0,0,0,0,0,0,0
USDCAD,2023-12-18,LONG,3,loss,-1.00,1.33624,1.33498,1.34749,8.93,1,0,0,0,1,0,0,1,0,0,0,0,0,0,0,0
USDCAD,2023-12-19,LONG,2,loss,-1.00,1.33394,1.33187,1.34749,6.55,1,0,0,0,1,0,0,0,0,0,0,0,0,0,0,0
USDCAD,2023-12-19,LONG,2,loss,-1.00,1.33355,1.33187,1.33958,3.59,1,0,0,0,1,0,0,0,0,0,0,0,0,0,0,0
USDCAD,2023-12-20,LONG,4,loss,-1.00,1.33387,1.33187,1.33958,2.86,1,0,0,0,1,0,0,1,0,0,0,1,0,0,0,0
USDCAD,2023-12-21,LONG,3,loss,-1.00,1.33402,1.33187,1.33958,2.59,1,0,0,0,1,0,0,0,0,0,0,1,0,0,0,0
GBPUSD,2024-01-02,LONG,5,loss,-1.00,1.26621,1.26119,1.27911,2.57,0,0,0,0,1,1,0,0,1,0,1,1,0,0,0,0
EURUSD,2024-01-02,LONG,4,loss,-1.00,1.09690,1.09298,1.10763,2.74,0,0,0,0,1,1,0,0,0,0,1,1,0,0,0,0
EURUSD,2024-01-02,LONG,4,loss,-1.00,1.09465,1.09298,1.10156,4.14,0,0,0,0,1,1,0,0,0,0,1,1,0,0,0,0
NZDUSD,2024-01-02,LONG,3,loss,-1.00,0.62508,0.62320,0.63019,2.72,0,0,0,0,1,0,0,0,0,0,1,1,0,0,0,0
USDCHF,2024-01-03,SHORT,6,loss,-1.00,0.85469,0.85792,0.84427,3.23,1,0,0,0,1,1,0,1,0,0,1,1,0,0,0,0
USDCAD,2024-01-03,SHORT,4,loss,-1.00,1.33428,1.33700,1.32506,3.39,0,0,0,0,1,1,0,0,0,0,1,1,0,0,0,0
EURUSD,2024-01-03,LONG,5,loss,-1.00,1.09195,1.08885,1.10156,3.10,0,0,0,0,1,1,1,0,0,0,1,1,0,0,0,0
USDCAD,2024-01-03,SHORT,4,loss,-1.00,1.33506,1.33700,1.32506,5.15,0,0,0,0,1,1,0,0,0,0,1,1,0,0,0,0
EURUSD,2024-01-03,LONG,4,win,3.54,1.09044,1.08885,1.09607,3.54,0,0,0,0,1,1,1,0,0,0,1,0,0,0,0,0
USDCAD,2024-01-04,SHORT,4,loss,-1.00,1.33371,1.33700,1.32506,2.63,0,0,0,0,1,1,0,0,0,0,1,1,0,0,0,0
USDCAD,2024-01-04,SHORT,4,loss,-1.00,1.33534,1.33715,1.32506,5.68,0,0,0,0,1,1,0,0,0,0,1,1,0,0,0,0
USDCAD,2024-01-04,SHORT,4,loss,-1.00,1.33560,1.33715,1.32506,6.80,0,0,0,0,1,1,0,0,0,0,1,1,0,0,0,0
AUDUSD,2024-01-04,LONG,3,loss,-1.00,0.67029,0.66899,0.67537,3.91,0,0,0,0,1,1,0,0,0,0,1,0,0,0,0,0
USDCAD,2024-01-05,SHORT,5,loss,-1.00,1.33722,1.34091,1.32506,3.30,0,0,0,0,1,1,0,1,0,0,1,1,0,0,0,0
AUDUSD,2024-01-05,LONG,5,loss,-1.00,0.66801,0.66626,0.67537,4.21,0,0,0,0,1,1,1,1,0,0,1,0,0,0,0,0
USDCAD,2024-01-08,SHORT,5,loss,-1.00,1.33882,1.34091,1.33226,3.14,0,0,0,0,1,1,1,0,0,0,1,1,0,0,0,0
USDCAD,2024-01-09,SHORT,6,loss,-1.00,1.33948,1.34091,1.33226,5.05,0,1,0,0,1,1,1,0,0,0,1,1,0,0,0,0
AUDUSD,2024-01-11,LONG,6,win,3.20,0.66601,0.66400,0.67245,3.20,0,1,0,0,1,1,1,0,1,0,1,0,0,0,0,0
USDCHF,2024-01-11,SHORT,6,loss,-1.00,0.85462,0.85764,0.84692,2.55,1,0,0,0,1,1,0,0,1,0,1,1,0,0,0,0
NZDUSD,2024-01-15,LONG,5,loss,-1.00,0.61949,0.61805,0.62348,2.77,0,0,0,0,1,0,1,0,1,0,1,1,0,0,0,0
NZDUSD,2024-01-15,LONG,5,loss,-1.00,0.61941,0.61805,0.62348,2.99,0,0,0,0,1,0,1,0,1,0,1,1,0,0,0,0
EURUSD,2024-01-16,LONG,5,loss,-1.00,1.08922,1.08767,1.09506,3.77,0,0,0,0,1,0,1,0,1,0,1,1,0,0,0,0
GBPUSD,2024-01-16,LONG,4,loss,-1.00,1.26314,1.26106,1.27261,4.55,0,0,0,0,1,0,1,0,0,0,1,1,0,0,0,0
USDCHF,2024-01-17,SHORT,4,loss,-1.00,0.86392,0.86505,0.85923,4.15,1,0,0,0,1,0,1,0,0,0,1,0,0,0,0,0
USDCHF,2024-01-17,SHORT,3,loss,-1.00,0.86812,0.87113,0.85923,2.95,1,0,0,0,1,0,0,0,0,0,1,0,0,0,0,0
USDCHF,2024-01-18,SHORT,3,loss,-1.00,0.86883,0.87113,0.86236,2.81,1,0,0,0,1,0,0,0,0,0,1,0,0,0,0,0
USDCHF,2024-01-18,SHORT,3,loss,-1.00,0.86935,0.87113,0.86458,2.68,1,0,0,0,1,0,0,0,0,0,1,0,0,0,0,0
EURUSD,2024-01-19,SHORT,4,loss,-1.00,1.08922,1.09067,1.08490,2.98,1,0,0,0,0,0,1,0,0,0,1,1,0,0,0,0
USDCHF,2024-01-22,SHORT,3,loss,-1.00,0.86915,0.87040,0.86458,3.66,1,0,0,0,1,0,0,0,0,0,1,0,0,0,0,0
USDCHF,2024-01-22,SHORT,5,loss,-1.00,0.86882,0.87040,0.86458,2.68,1,0,0,0,1,0,0,0,0,0,1,1,1,0,0,0
USDCHF,2024-01-23,SHORT,3,loss,-1.00,0.86936,0.87040,0.86458,4.60,1,0,0,0,1,0,0,0,0,0,0,1,0,0,0,0
GBPUSD,2024-01-23,LONG,7,win,4.39,1.26653,1.26478,1.27421,4.39,0,0,0,0,1,1,1,0,1,1,1,1,0,0,0,0
GBPUSD,2024-01-23,LONG,7,win,3.20,1.26801,1.26608,1.27419,3.20,0,0,0,0,1,1,1,0,1,1,1,1,0,0,0,0
EURUSD,2024-01-24,SHORT,4,loss,-1.00,1.08927,1.09162,1.08310,2.63,1,0,0,0,0,0,1,0,0,0,1,1,0,0,0,0
EURUSD,2024-01-24,SHORT,4,win,4.50,1.09007,1.09162,1.08310,4.50,1,0,0,0,0,0,1,0,0,0,1,1,0,0,0,0
USDCAD,2024-01-26,LONG,5,loss,-1.00,1.34444,1.34292,1.35065,4.09,1,1,0,0,0,0,1,0,0,0,1,1,0,0,0,0
AUDUSD,2024-01-29,SHORT,4,loss,-1.00,0.65989,0.66092,0.65710,2.71,1,1,0,0,0,0,0,0,0,0,1,1,0,0,0,0
GBPUSD,2024-01-30,LONG,6,loss,-1.00,1.26774,1.26617,1.27325,3.51,0,0,0,0,1,1,1,0,0,1,1,1,0,0,0,0
GBPUSD,2024-01-30,LONG,6,win,2.59,1.26652,1.26488,1.27077,2.59,0,0,0,0,1,1,1,0,0,1,1,1,0,0,0,0
USDJPY,2024-01-30,LONG,8,loss,-1.00,147.60200,147.39300,148.17800,2.76,1,0,1,0,1,1,0,0,1,0,1,1,0,0,1,0
USDCAD,2024-01-31,LONG,6,win,4.24,1.33593,1.33426,1.34301,4.24,1,0,1,0,0,1,0,1,0,0,1,1,0,0,0,0
USDCHF,2024-02-02,SHORT,7,loss,-1.00,0.86652,0.86846,0.85575,5.55,1,0,0,0,1,1,1,0,1,0,1,1,0,0,0,0
GBPUSD,2024-02-02,LONG,7,loss,-1.00,1.26383,1.25963,1.27588,2.87,0,0,0,0,1,1,1,0,0,1,1,1,0,1,0,0
USDCHF,2024-02-05,SHORT,4,loss,-1.00,0.86944,0.87280,0.85575,4.07,1,0,0,0,1,1,0,0,0,0,0,1,0,0,0,0
GBPUSD,2024-02-05,LONG,5,timeout,0.52,1.25737,1.24999,1.27588,2.51,0,0,1,0,1,0,0,0,0,1,1,0,0,1,0,0
NZDUSD,2024-02-09,SHORT,7,win,3.29,0.61432,0.61602,0.60872,3.29,1,1,0,0,0,1,1,0,1,0,1,1,0,0,0,0
USDCAD,2024-02-09,LONG,7,loss,-1.00,1.34610,1.34475,1.35255,4.78,1,1,0,0,0,0,1,0,1,0,1,1,1,0,0,0
USDCAD,2024-02-09,LONG,7,loss,-1.00,1.34625,1.34475,1.35255,4.20,1,1,0,0,0,0,1,0,1,0,1,1,1,0,0,0
NZDUSD,2024-02-09,SHORT,7,win,5.03,0.61481,0.61602,0.60872,5.03,1,1,0,0,0,1,1,0,1,0,1,1,0,0,0,0
USDCHF,2024-02-12,SHORT,3,loss,-1.00,0.87517,0.87617,0.87176,3.41,1,0,0,0,1,0,0,0,0,0,0,1,0,0,0,0
AUDUSD,2024-02-12,SHORT,5,loss,-1.00,0.65223,0.65338,0.64923,2.61,1,0,0,0,0,1,0,1,0,0,1,1,0,0,0,0
AUDUSD,2024-02-12,SHORT,5,loss,-1.00,0.65298,0.65398,0.64923,3.75,1,0,0,0,0,1,0,1,0,0,1,1,0,0,0,0
AUDUSD,2024-02-12,SHORT,6,loss,-1.00,0.65272,0.65398,0.64923,2.77,1,0,0,0,0,1,0,1,0,0,1,1,1,0,0,0
USDCHF,2024-02-13,SHORT,2,loss,-1.00,0.88032,0.88161,0.87581,3.50,1,0,0,0,1,0,0,0,0,0,0,0,0,0,0,0
USDCHF,2024-02-13,SHORT,3,win,2.96,0.88640,0.88998,0.87581,2.96,1,1,0,0,1,0,0,0,0,0,0,0,0,0,0,0
USDCHF,2024-02-13,SHORT,3,win,4.20,0.88801,0.88998,0.87973,4.20,1,1,0,0,1,0,0,0,0,0,0,0,0,0,0,0
USDCHF,2024-02-14,SHORT,3,win,3.03,0.88566,0.88743,0.88030,3.03,1,1,0,0,1,0,0,0,0,0,0,0,0,0,0,0
NZDUSD,2024-02-16,SHORT,6,loss,-1.00,0.61081,0.61269,0.60566,2.74,1,1,0,0,0,0,1,0,1,0,1,1,0,0,0,0
NZDUSD,2024-02-16,SHORT,6,loss,-1.00,0.61139,0.61269,0.60566,4.41,1,1,0,0,0,0,1,0,1,0,1,1,0,0,0,0
AUDUSD,2024-02-16,SHORT,5,loss,-1.00,0.65329,0.65426,0.64847,4.97,1,0,0,0,1,1,0,0,0,0,1,1,0,0,0,0
USDCAD,2024-02-19,LONG,6,loss,-1.00,1.34736,1.34605,1.35405,5.11,1,1,0,0,0,0,1,0,1,0,1,1,0,0,0,0
USDCAD,2024-02-20,LONG,9,loss,-1.00,1.34865,1.34674,1.35405,2.83,1,1,0,0,0,1,1,1,1,0,1,1,0,0,1,0
GBPUSD,2024-02-20,SHORT,5,loss,-1.00,1.26621,1.26875,1.25448,4.62,1,0,0,0,0,0,1,0,1,0,1,1,0,0,0,0
EURUSD,2024-02-22,SHORT,8,loss,-1.00,1.08223,1.08387,1.07695,3.22,1,1,0,0,0,1,1,1,1,0,1,1,0,0,0,0
GBPUSD,2024-02-26,SHORT,5,win,4.74,1.26938,1.27093,1.26204,4.74,1,0,0,0,0,1,1,0,0,0,1,1,0,0,0,0
USDCHF,2024-02-26,SHORT,3,loss,-1.00,0.88055,0.88210,0.87599,2.94,1,0,0,0,1,0,0,0,0,0,0,1,0,0,0,0
USDCHF,2024-02-26,SHORT,3,loss,-1.00,0.88085,0.88210,0.87599,3.89,1,0,0,0,1,0,0,0,0,0,0,1,0,0,0,0
NZDUSD,2024-02-28,LONG,4,loss,-1.00,0.60991,0.60857,0.61703,5.31,0,1,0,0,1,1,0,0,0,0,1,0,0,0,0,0
USDJPY,2024-02-29,LONG,6,loss,-1.00,149.97100,149.68300,150.69500,2.51,1,0,0,0,1,1,0,0,0,0,1,1,0,0,1,0
USDJPY,2024-02-29,LONG,6,win,2.53,149.64100,149.22400,150.69500,2.53,1,0,0,0,1,1,0,0,0,0,1,1,0,0,1,0
USDJPY,2024-02-29,LONG,6,win,2.58,149.96600,149.68300,150.69500,2.58,1,0,0,0,1,1,0,0,0,0,1,1,0,0,1,0
NZDUSD,2024-03-06,SHORT,5,loss,-1.00,0.61027,0.61117,0.60764,2.92,1,1,0,0,0,0,1,0,0,0,1,1,0,0,0,0
AUDUSD,2024-03-06,SHORT,5,loss,-1.00,0.65256,0.65350,0.64841,4.41,1,0,0,0,1,0,0,0,0,1,1,1,0,0,0,0
AUDUSD,2024-03-06,SHORT,6,loss,-1.00,0.65652,0.65801,0.64841,5.44,1,0,0,0,1,0,1,0,0,1,1,1,0,0,0,0
USDJPY,2024-03-06,LONG,6,loss,-1.00,149.36500,149.20800,150.05000,4.36,1,0,0,0,1,0,1,0,0,0,1,1,0,0,1,0
AUDUSD,2024-03-06,SHORT,6,loss,-1.00,0.65657,0.65801,0.65178,3.33,1,0,0,0,1,0,1,0,0,1,1,1,0,0,0,0
USDJPY,2024-03-07,LONG,4,loss,-1.00,147.83800,147.61800,149.25900,6.46,1,0,0,0,1,0,0,0,0,0,1,0,0,0,1,0
USDCAD,2024-03-07,LONG,7,loss,-1.00,1.34992,1.34841,1.35874,5.84,1,1,0,0,0,0,1,0,0,1,1,1,0,0,1,0
USDCAD,2024-03-07,LONG,6,loss,-1.00,1.34784,1.34611,1.35874,6.30,1,1,0,0,0,0,1,0,0,1,1,1,0,0,0,0
NZDUSD,2024-03-07,SHORT,4,loss,-1.00,0.61664,0.61775,0.61277,3.49,1,0,0,0,0,1,0,0,0,0,1,1,0,0,0,0
USDCAD,2024-03-07,LONG,6,loss,-1.00,1.34561,1.34404,1.35874,8.36,1,1,0,0,0,0,1,0,0,1,1,1,0,0,0,0
USDJPY,2024-03-07,LONG,5,loss,-1.00,148.00500,147.61800,149.25900,3.24,1,0,0,0,1,0,1,0,0,0,1,0,0,0,1,0
USDJPY,2024-03-11,LONG,3,win,2.72,146.85700,146.48100,147.88100,2.72,1,0,0,0,1,0,0,0,0,0,0,0,0,0,1,0
EURUSD,2024-03-12,LONG,3,win,3.14,1.09257,1.09145,1.09609,3.14,0,0,0,0,1,0,0,0,0,0,1,1,0,0,0,0
USDCHF,2024-03-14,SHORT,6,loss,-1.00,0.87857,0.87945,0.87595,2.98,1,0,0,0,1,1,1,0,0,1,0,1,0,0,0,0
EURUSD,2024-03-15,LONG,4,loss,-1.00,1.08876,1.08678,1.09414,2.72,0,0,0,0,1,0,1,0,0,0,1,1,0,0,0,0
NZDUSD,2024-03-15,LONG,5,loss,-1.00,0.60841,0.60684,0.61313,3.01,0,0,0,0,1,1,0,0,1,1,1,0,0,0,0,0
GBPUSD,2024-03-18,LONG,5,loss,-1.00,1.27424,1.27248,1.28096,3.82,0,0,0,0,1,0,1,0,0,0,1,1,1,0,0,0
EURUSD,2024-03-18,LONG,4,loss,-1.00,1.08853,1.08730,1.09414,4.56,0,0,0,0,1,0,1,0,0,0,1,1,0,0,0,0
USDCHF,2024-03-18,SHORT,5,loss,-1.00,0.88619,0.88923,0.87857,2.51,1,1,0,0,1,0,0,0,0,1,0,1,0,0,0,0
USDCHF,2024-03-18,SHORT,5,loss,-1.00,0.88832,0.88923,0.88260,6.29,1,1,0,0,1,0,0,0,0,1,0,1,0,0,0,0
EURUSD,2024-03-19,LONG,6,loss,-1.00,1.08503,1.08403,1.09023,5.20,0,1,0,0,1,1,1,0,0,0,1,1,0,0,0,0
USDCHF,2024-03-19,SHORT,6,loss,-1.00,0.88754,0.88923,0.88260,2.92,1,1,0,0,1,0,0,0,0,1,0,1,0,0,0,1
USDCHF,2024-03-19,SHORT,5,loss,-1.00,0.88815,0.88923,0.88260,5.14,1,1,0,0,1,0,0,0,0,1,0,1,0,0,0,0
USDCHF,2024-03-19,SHORT,6,loss,-1.00,0.88813,0.88923,0.88260,5.03,1,1,0,0,1,0,0,0,0,1,0,1,1,0,0,0
EURUSD,2024-03-20,LONG,6,win,7.67,1.08425,1.08347,1.09023,7.67,0,1,0,0,1,1,1,0,0,0,1,1,0,0,0,0
USDCAD,2024-03-20,LONG,9,loss,-1.00,1.34853,1.34589,1.35938,4.11,1,1,0,0,1,1,1,0,0,1,1,1,0,0,1,0
GBPUSD,2024-03-21,LONG,4,loss,-1.00,1.26507,1.25995,1.27846,2.62,0,0,0,0,1,0,1,0,0,0,1,1,0,0,0,0
USDCAD,2024-03-21,LONG,8,win,2.54,1.35333,1.35096,1.35936,2.54,1,1,0,0,1,1,1,0,0,1,1,1,0,0,0,0
EURUSD,2024-03-21,LONG,6,loss,-1.00,1.08567,1.08364,1.09283,3.53,0,1,0,0,1,1,1,0,0,0,1,1,0,0,0,0
USDCHF,2024-03-22,SHORT,4,loss,-1.00,0.90059,0.90520,0.88531,3.31,1,0,0,0,1,0,0,0,0,1,0,0,0,0,1,0
EURUSD,2024-03-22,LONG,5,win,3.61,1.08056,1.07899,1.08622,3.61,0,1,0,0,1,1,0,0,0,0,1,1,0,0,0,0
USDCHF,2024-03-25,SHORT,4,loss,-1.00,0.89790,0.90201,0.88531,3.06,1,0,0,0,1,0,0,0,0,1,0,0,1,0,0,0
USDCHF,2024-03-25,SHORT,4,loss,-1.00,0.89829,0.90201,0.88531,3.49,1,0,0,0,1,0,0,0,0,1,0,0,0,0,1,0
USDCHF,2024-03-25,SHORT,4,loss,-1.00,0.89908,0.90201,0.88531,4.70,1,0,0,0,1,0,0,0,0,1,0,0,0,0,1,0
USDCHF,2024-03-26,SHORT,2,loss,-1.00,0.90206,0.90520,0.88531,5.33,1,0,0,0,1,0,0,0,0,0,0,0,0,0,0,0
USDCHF,2024-03-26,SHORT,2,loss,-1.00,0.90410,0.90520,0.90043,3.34,1,0,0,0,1,0,0,0,0,0,0,0,0,0,0,0
USDCHF,2024-03-27,SHORT,2,win,2.83,0.90556,0.90737,0.90043,2.83,1,0,0,0,1,0,0,0,0,0,0,0,0,0,0,0
USDCAD,2024-03-29,LONG,8,loss,-1.00,1.35414,1.35245,1.35967,3.27,1,1,0,0,1,0,1,0,1,1,1,1,0,0,0,0
USDCAD,2024-03-29,LONG,7,loss,-1.00,1.35434,1.35245,1.35967,2.82,1,0,0,0,1,0,1,0,1,1,1,1,0,0,0,0
GBPUSD,2024-04-03,SHORT,5,loss,-1.00,1.26489,1.26676,1.25655,4.46,1,0,1,0,0,0,1,0,0,0,1,1,0,0,0,0
USDCAD,2024-04-03,LONG,8,loss,-1.00,1.35323,1.35145,1.35785,2.60,1,1,0,0,1,1,1,0,0,1,1,1,0,0,0,0
GBPUSD,2024-04-04,SHORT,5,loss,-1.00,1.26504,1.26676,1.25655,4.94,1,0,1,0,0,0,1,0,0,0,1,1,0,0,0,0
EURUSD,2024-04-04,SHORT,8,loss,-1.00,1.08527,1.08643,1.07704,7.09,1,1,0,0,0,0,1,1,0,1,1,1,1,0,0,0
GBPUSD,2024-04-04,SHORT,6,loss,-1.00,1.26376,1.26544,1.25655,4.29,1,0,1,0,0,0,1,0,0,0,1,1,0,0,0,1
USDCHF,2024-04-04,LONG,5,win,3.59,0.90125,0.89960,0.90717,3.59,0,0,0,0,1,1,0,0,0,0,1,1,0,0,1,0
GBPUSD,2024-04-08,SHORT,4,loss,-1.00,1.26530,1.26833,1.25655,2.89,1,0,0,0,0,0,1,0,0,0,1,1,0,0,0,0
EURUSD,2024-04-08,SHORT,6,loss,-1.00,1.08526,1.08765,1.07704,3.44,1,1,0,0,0,0,1,0,0,1,1,1,0,0,0,0
AUDUSD,2024-04-09,SHORT,5,win,3.23,0.66264,0.66342,0.66012,3.23,1,1,0,0,1,1,0,0,0,1,0,0,0,0,0,0
GBPUSD,2024-04-10,SHORT,5,win,2.66,1.26938,1.27090,1.26534,2.66,1,0,0,0,0,0,1,0,0,0,1,1,0,1,0,0
USDCHF,2024-04-18,LONG,4,win,2.99,0.90858,0.90740,0.91211,2.99,0,0,0,0,1,1,0,0,0,0,1,1,0,0,0,0
AUDUSD,2024-04-22,SHORT,5,loss,-1.00,0.64373,0.64562,0.63872,2.65,1,0,0,0,1,0,0,0,0,1,1,1,0,0,0,0
AUDUSD,2024-04-22,SHORT,5,loss,-1.00,0.64386,0.64562,0.63872,2.92,1,0,0,0,1,0,0,0,0,1,1,1,0,0,0,0
NZDUSD,2024-04-22,SHORT,5,loss,-1.00,0.59183,0.59325,0.58751,3.04,1,0,0,0,1,1,0,0,0,0,1,1,0,0,0,0
USDCAD,2024-04-23,LONG,7,loss,-1.00,1.36761,1.36604,1.37220,2.92,1,0,0,0,1,1,1,0,0,1,1,1,0,0,0,0
GBPUSD,2024-04-24,SHORT,3,loss,-1.00,1.24630,1.24843,1.24004,2.94,1,0,0,0,0,0,0,0,0,0,1,1,0,0,0,0
USDJPY,2024-04-29,LONG,6,loss,-1.00,156.22500,154.96500,159.56219,2.65,1,0,0,0,1,1,0,0,0,0,1,1,0,1,0,0
GBPUSD,2024-04-29,SHORT,7,win,4.03,1.25612,1.25784,1.24918,4.03,1,1,0,0,1,1,1,0,0,0,1,1,0,0,0,0
USDJPY,2024-04-29,LONG,6,loss,-1.00,156.03700,154.96500,159.56219,3.29,1,0,0,0,1,1,0,0,0,0,1,1,0,0,1,0
USDJPY,2024-05-02,LONG,4,loss,-1.00,154.74100,153.58600,159.56219,4.17,1,0,0,0,1,1,0,0,0,0,1,0,0,0,0,0
USDJPY,2024-05-02,LONG,6,loss,-1.00,153.18800,152.59000,155.49700,3.86,1,0,0,0,1,1,1,0,0,0,1,0,0,0,1,0
USDCHF,2024-05-02,LONG,5,loss,-1.00,0.91021,0.90866,0.91668,4.17,0,0,0,0,1,1,0,0,0,1,1,1,0,0,0,0
AUDUSD,2024-05-02,SHORT,5,loss,-1.00,0.65649,0.65863,0.64932,3.35,1,1,0,0,1,1,0,0,0,0,1,0,0,0,0,0
USDJPY,2024-05-03,LONG,6,loss,-1.00,153.20200,152.59000,154.73900,2.51,1,0,0,0,1,1,1,1,0,0,1,0,0,0,0,0
AUDUSD,2024-05-03,SHORT,3,loss,-1.00,0.66136,0.66440,0.65289,2.79,1,1,0,0,1,0,0,0,0,0,0,0,0,0,0,0
AUDUSD,2024-05-03,SHORT,3,loss,-1.00,0.66117,0.66440,0.65289,2.56,1,1,0,0,1,0,0,0,0,0,0,0,0,0,0,0
AUDUSD,2024-05-06,SHORT,2,loss,-1.00,0.66298,0.66485,0.65289,5.40,1,0,0,0,1,0,0,0,0,0,0,0,0,0,0,0
EURUSD,2024-05-07,SHORT,7,loss,-1.00,1.07666,1.07907,1.07024,2.66,1,1,0,0,1,0,1,0,1,0,1,1,0,0,0,0
EURUSD,2024-05-07,SHORT,7,loss,-1.00,1.07666,1.07907,1.07024,2.66,1,1,0,0,1,0,1,0,1,0,1,1,0,0,0,0
EURUSD,2024-05-10,SHORT,10,loss,-1.00,1.07792,1.07873,1.07273,6.41,1,1,0,0,1,1,1,1,1,0,1,1,1,0,0,0
EURUSD,2024-05-10,SHORT,9,loss,-1.00,1.07721,1.07873,1.07273,2.95,1,1,0,0,1,1,1,1,1,0,1,1,0,0,0,0
USDCAD,2024-05-10,LONG,7,loss,-1.00,1.36640,1.36474,1.37251,3.68,1,0,0,0,1,1,1,0,1,0,1,1,0,0,0,0
USDCHF,2024-05-10,LONG,7,loss,-1.00,0.90621,0.90527,0.90955,3.55,0,0,1,0,1,0,1,0,1,1,1,1,0,0,0,0
EURUSD,2024-05-10,SHORT,10,loss,-1.00,1.07718,1.07873,1.07273,2.87,1,1,0,0,1,1,1,1,1,0,1,1,1,0,0,0
USDCHF,2024-05-13,LONG,7,loss,-1.00,0.90607,0.90527,0.90955,4.35,0,0,1,0,1,0,1,0,1,1,1,1,0,0,0,0
EURUSD,2024-05-13,SHORT,7,loss,-1.00,1.07892,1.08124,1.07273,2.67,1,1,0,0,1,1,1,0,1,0,0,1,0,0,0,0
GBPUSD,2024-05-13,SHORT,8,loss,-1.00,1.25603,1.25941,1.24696,2.68,1,1,0,0,1,1,1,0,1,0,1,1,0,0,0,0
EURUSD,2024-05-13,SHORT,7,loss,-1.00,1.07953,1.08124,1.07273,3.98,1,1,0,0,1,1,1,0,1,0,0,1,0,0,0,0
EURUSD,2024-05-13,SHORT,7,loss,-1.00,1.07889,1.08124,1.07273,2.62,1,1,0,0,1,1,1,0,1,0,0,1,0,0,0,0
EURUSD,2024-05-14,SHORT,6,loss,-1.00,1.07925,1.08068,1.07273,4.56,1,1,0,0,1,0,1,0,1,0,0,1,0,0,0,0
USDCAD,2024-05-14,LONG,7,loss,-1.00,1.36512,1.36320,1.37251,3.85,1,0,0,0,1,1,1,0,1,0,1,1,0,0,0,0
NZDUSD,2024-05-14,SHORT,5,loss,-1.00,0.60397,0.60478,0.60007,4.81,1,0,0,0,1,0,0,0,1,1,0,1,0,0,0,0
USDCAD,2024-05-14,LONG,7,loss,-1.00,1.36490,1.36320,1.37251,4.48,1,0,0,0,1,1,1,0,1,0,1,1,0,0,0,0
USDJPY,2024-05-15,LONG,5,loss,-1.00,155.67400,155.50200,156.52100,4.92,1,0,0,0,1,0,0,0,0,0,1,1,0,0,1,0
GBPUSD,2024-05-15,SHORT,5,loss,-1.00,1.26131,1.26340,1.25230,4.31,1,0,0,0,1,0,1,0,0,0,1,1,0,0,0,0
GBPUSD,2024-05-15,SHORT,2,loss,-1.00,1.26822,1.27078,1.25941,3.44,1,0,0,0,1,0,0,0,0,0,0,0,0,0,0,0
NZDUSD,2024-05-24,SHORT,3,loss,-1.00,0.61227,0.61334,0.60903,3.03,1,0,0,0,1,0,0,0,0,0,0,1,0,0,0,0
NZDUSD,2024-05-27,SHORT,3,loss,-1.00,0.61416,0.61519,0.61103,3.04,1,0,0,0,1,0,0,0,0,0,0,1,0,0,0,0
USDCAD,2024-05-27,LONG,7,win,2.54,1.36314,1.35958,1.37220,2.54,1,0,0,0,1,1,1,0,0,1,1,1,0,0,0,0
USDCAD,2024-05-28,LONG,6,win,3.99,1.36211,1.35958,1.37220,3.99,1,0,0,0,1,1,1,0,0,1,0,1,0,0,0,0
EURUSD,2024-05-28,SHORT,4,win,5.48,1.08840,1.08949,1.08243,5.48,1,0,0,0,1,1,0,0,0,0,0,1,0,0,0,0
USDCAD,2024-05-28,LONG,7,win,2.56,1.36312,1.35958,1.37220,2.56,1,0,0,0,1,1,1,0,0,1,0,1,0,0,0,1
EURUSD,2024-05-28,SHORT,4,win,3.20,1.08781,1.08949,1.08243,3.20,1,0,0,0,1,1,0,0,0,0,0,1,0,0,0,0
EURUSD,2024-05-28,SHORT,4,win,2.71,1.08611,1.08747,1.08243,2.71,1,0,0,0,1,1,0,0,0,0,0,1,0,0,0,0
USDCAD,2024-05-31,LONG,7,loss,-1.00,1.36392,1.36142,1.37192,3.20,1,0,0,0,1,1,1,0,0,1,1,1,0,0,0,0
NZDUSD,2024-06-03,SHORT,3,loss,-1.00,0.61567,0.61697,0.61184,2.95,1,0,0,0,1,0,0,0,0,0,0,1,0,0,0,0
NZDUSD,2024-06-04,SHORT,4,loss,-1.00,0.61640,0.61747,0.61347,2.74,1,0,0,0,1,0,0,1,0,0,0,1,0,0,0,0
NZDUSD,2024-06-04,SHORT,4,loss,-1.00,0.61718,0.61839,0.61347,3.07,1,0,0,0,1,0,0,1,0,0,0,1,0,0,0,0
GBPUSD,2024-06-06,LONG,3,loss,-1.00,1.27702,1.27550,1.28095,2.59,0,0,0,0,1,0,0,0,0,0,1,1,0,0,0,0
AUDUSD,2024-06-07,LONG,5,win,2.62,0.65871,0.65575,0.66646,2.62,0,1,0,0,1,0,1,0,1,0,1,0,0,0,0,0
GBPUSD,2024-06-07,LONG,3,loss,-1.00,1.27244,1.26941,1.28095,2.81,0,0,0,0,1,0,0,0,0,0,1,1,0,0,0,0
EURUSD,2024-06-07,LONG,6,loss,-1.00,1.08064,1.07883,1.09074,5.58,0,1,0,0,1,0,1,0,1,0,1,1,0,0,0,0
NZDUSD,2024-06-07,LONG,5,win,4.10,0.61103,0.60884,0.62001,4.10,0,1,0,0,1,0,1,0,1,0,1,0,0,0,0,0
AUDUSD,2024-06-07,LONG,5,win,3.72,0.65802,0.65575,0.66646,3.72,0,1,0,0,1,0,1,0,1,0,1,0,0,0,0,0
EURUSD,2024-06-07,LONG,6,loss,-1.00,1.08002,1.07883,1.08982,8.24,0,1,0,0,1,0,1,0,1,0,1,1,0,0,0,0
NZDUSD,2024-06-07,LONG,5,win,5.63,0.61042,0.60884,0.61932,5.63,0,1,0,0,1,0,1,0,1,0,1,0,0,0,0,0
GBPUSD,2024-06-07,LONG,4,loss,-1.00,1.27207,1.26941,1.28072,3.25,0,0,0,0,1,0,1,0,0,0,1,1,0,0,0,0
AUDUSD,2024-06-10,LONG,6,win,5.19,0.65925,0.65786,0.66646,5.19,0,1,0,0,1,0,1,0,1,0,1,1,0,0,0,0
GBPUSD,2024-06-10,LONG,5,win,4.63,1.27142,1.26941,1.28072,4.63,0,0,0,0,1,1,1,0,0,0,1,1,0,0,0,0
NZDUSD,2024-06-10,LONG,6,win,3.92,0.61097,0.60884,0.61932,3.92,0,1,0,0,1,0,1,0,1,0,1,1,0,0,0,0
EURUSD,2024-06-10,LONG,4,loss,-1.00,1.07536,1.07239,1.08982,4.87,0,1,0,0,1,0,0,0,1,0,1,0,0,0,0,0
AUDUSD,2024-06-10,LONG,7,loss,-1.00,0.66095,0.65904,0.66646,2.88,0,1,0,0,1,0,1,0,1,0,1,1,0,0,0,1
EURUSD,2024-06-10,LONG,4,loss,-1.00,1.07500,1.07239,1.08982,5.68,0,1,0,0,1,0,0,0,1,0,1,0,0,0,0,0
EURUSD,2024-06-10,LONG,6,loss,-1.00,1.07630,1.07239,1.08982,3.46,0,1,0,0,1,0,1,0,1,0,1,1,0,0,0,0
USDCHF,2024-06-11,SHORT,4,loss,-1.00,0.89679,0.89827,0.88959,4.86,1,1,0,0,0,0,0,0,0,0,1,1,0,0,0,0
NZDUSD,2024-06-11,LONG,4,win,2.99,0.61227,0.60991,0.61932,2.99,0,1,0,0,1,0,0,0,0,0,1,1,0,0,0,0
GBPUSD,2024-06-11,LONG,5,win,2.55,1.27213,1.26876,1.28072,2.55,0,0,0,0,1,0,1,1,0,0,1,1,0,0,0,0
AUDUSD,2024-06-17,LONG,8,timeout,4.37,0.65924,0.65753,0.66991,6.24,0,1,0,0,1,1,1,1,1,0,1,1,0,0,0,0
GBPUSD,2024-06-17,LONG,6,loss,-1.00,1.26624,1.26432,1.27524,4.69,0,0,0,0,1,1,1,0,0,0,1,1,0,1,0,0
AUDUSD,2024-06-17,LONG,8,timeout,3.70,0.65966,0.65753,0.66991,4.81,0,1,0,0,1,1,1,1,1,0,1,1,0,0,0,0
GBPUSD,2024-06-18,LONG,5,win,2.63,1.26738,1.26588,1.27133,2.63,0,0,0,0,1,0,1,1,0,0,1,1,0,0,0,0
NZDUSD,2024-06-18,LONG,7,win,3.15,0.60994,0.60884,0.61341,3.15,0,1,0,0,1,1,1,0,1,0,1,1,0,0,0,0
EURUSD,2024-06-19,SHORT,8,win,5.32,1.07508,1.07615,1.06939,5.32,1,1,1,0,1,0,1,0,0,1,1,1,0,0,0,0
EURUSD,2024-06-19,SHORT,8,win,4.50,1.07492,1.07615,1.06939,4.50,1,1,1,0,1,0,1,0,0,1,1,1,0,0,0,0
EURUSD,2024-06-19,SHORT,8,win,3.05,1.07448,1.07615,1.06939,3.05,1,1,1,0,1,0,1,0,0,1,1,1,0,0,0,0
USDCHF,2024-06-20,SHORT,6,loss,-1.00,0.89082,0.89320,0.88384,2.93,1,1,0,0,0,1,0,0,1,0,1,1,0,0,0,0
GBPUSD,2024-06-20,LONG,4,loss,-1.00,1.26674,1.26568,1.27150,4.49,0,0,0,0,1,0,1,0,0,0,1,1,0,0,0,0
USDCHF,2024-06-20,SHORT,6,loss,-1.00,0.89129,0.89320,0.88384,3.90,1,1,0,0,0,1,0,0,1,0,1,1,0,0,0,0
GBPUSD,2024-06-20,LONG,4,loss,-1.00,1.26630,1.26432,1.27150,2.63,0,0,0,0,1,0,1,0,0,0,1,1,0,0,0,0
USDCHF,2024-06-20,SHORT,6,loss,-1.00,0.89117,0.89320,0.88384,3.61,1,1,0,0,0,1,0,0,1,0,1,1,0,0,0,0
USDCAD,2024-06-20,LONG,6,loss,-1.00,1.36822,1.36608,1.37519,3.26,1,0,0,0,1,0,1,0,0,1,1,1,0,0,0,0
USDCHF,2024-06-21,SHORT,5,loss,-1.00,0.89215,0.89320,0.88384,7.91,1,1,0,0,0,0,0,0,1,0,1,1,0,0,0,0
USDCAD,2024-06-21,LONG,6,loss,-1.00,1.36913,1.36796,1.37536,5.32,1,0,0,0,1,0,1,0,0,1,1,1,0,0,0,0
USDCAD,2024-06-21,LONG,7,loss,-1.00,1.37006,1.36796,1.37536,2.52,1,0,0,0,1,0,1,0,0,1,1,1,0,0,0,1
USDCHF,2024-06-21,SHORT,5,loss,-1.00,0.89381,0.89670,0.88384,3.45,1,1,0,0,0,0,0,0,1,0,1,1,0,0,0,0
USDCAD,2024-06-21,LONG,6,loss,-1.00,1.36973,1.36796,1.37536,3.18,1,0,0,0,1,0,1,0,0,1,1,1,0,0,0,0
USDCHF,2024-06-25,SHORT,5,loss,-1.00,0.89359,0.89450,0.89066,3.22,1,1,0,0,0,1,0,0,0,0,1,1,0,0,0,0
USDCHF,2024-06-26,SHORT,5,loss,-1.00,0.89684,0.89930,0.89066,2.51,1,1,0,0,0,0,1,0,0,0,1,1,0,0,0,0
USDCHF,2024-06-26,SHORT,5,loss,-1.00,0.89739,0.89930,0.89066,3.52,1,1,0,0,0,0,1,0,0,0,1,1,0,0,0,0
GBPUSD,2024-07-02,SHORT,4,loss,-1.00,1.26874,1.27101,1.26247,2.76,1,0,0,0,0,0,1,0,0,0,1,1,0,0,0,0
USDCAD,2024-07-02,LONG,8,loss,-1.00,1.36703,1.36550,1.37357,4.27,1,0,0,0,1,1,1,0,1,1,1,1,0,0,0,0
USDCAD,2024-07-03,LONG,8,loss,-1.00,1.36711,1.36550,1.37324,3.81,1,0,0,0,1,1,1,0,1,1,1,1,0,0,0,0
USDCAD,2024-07-03,LONG,9,loss,-1.00,1.36250,1.36024,1.37324,4.75,1,1,0,0,1,1,1,0,1,1,1,1,0,0,0,0
USDCAD,2024-07-04,LONG,7,loss,-1.00,1.36191,1.36024,1.36711,3.11,1,1,0,0,1,0,1,0,1,1,0,1,0,0,0,0
NZDUSD,2024-07-04,SHORT,6,loss,-1.00,0.61193,0.61286,0.60715,5.14,1,1,0,0,0,1,1,0,0,0,1,1,0,0,0,0
NZDUSD,2024-07-04,SHORT,6,loss,-1.00,0.61174,0.61286,0.60715,4.10,1,1,0,0,0,1,1,0,0,0,1,1,0,0,0,0
USDCAD,2024-07-04,LONG,6,loss,-1.00,1.36088,1.35958,1.36711,4.79,1,1,0,0,1,0,0,0,1,1,0,1,0,0,0,0
NZDUSD,2024-07-04,SHORT,7,loss,-1.00,0.61167,0.61286,0.60715,3.80,1,1,0,0,0,1,1,0,0,0,1,1,1,0,0,0
USDCAD,2024-07-04,LONG,6,loss,-1.00,1.36121,1.35958,1.36711,3.62,1,1,0,0,1,0,0,0,1,1,0,1,0,0,0,0
USDCAD,2024-07-05,LONG,8,loss,-1.00,1.36130,1.36024,1.36711,5.48,1,1,0,0,1,1,1,0,1,1,0,1,0,0,0,0
NZDUSD,2024-07-05,SHORT,5,loss,-1.00,0.61214,0.61286,0.60715,6.93,1,1,0,0,0,0,1,0,0,0,1,1,0,0,0,0
USDCAD,2024-07-05,LONG,7,loss,-1.00,1.36329,1.36191,1.36711,2.77,1,0,0,0,1,1,1,0,1,1,0,1,0,0,0,0
EURUSD,2024-07-05,SHORT,6,loss,-1.00,1.08277,1.08521,1.07576,2.87,1,1,0,0,1,1,0,0,0,0,1,1,0,0,0,0
NZDUSD,2024-07-05,SHORT,3,loss,-1.00,0.61370,0.61474,0.60715,6.30,1,0,0,0,0,0,0,0,0,0,1,1,0,0,0,0
USDCAD,2024-07-05,LONG,8,loss,-1.00,1.36308,1.36191,1.36711,3.44,1,1,0,0,1,1,1,0,1,1,0,1,0,0,0,0
EURUSD,2024-07-05,SHORT,6,loss,-1.00,1.08414,1.08521,1.07576,7.83,1,1,0,0,1,1,0,0,0,0,1,1,0,0,0,0
NZDUSD,2024-07-12,SHORT,6,win,3.14,0.61214,0.61341,0.60815,3.14,1,1,0,0,0,0,1,0,1,0,1,1,0,0,0,0
USDJPY,2024-07-12,LONG,6,loss,-1.00,157.90100,157.40900,161.63300,7.59,1,0,0,0,1,1,1,0,0,0,1,0,0,0,1,0
USDJPY,2024-07-12,LONG,6,loss,-1.00,157.83400,157.40900,159.21800,3.26,1,0,0,0,1,1,1,0,0,0,1,0,0,0,1,0
AUDUSD,2024-07-16,LONG,4,loss,-1.00,0.67241,0.67093,0.67620,2.56,0,0,0,0,1,1,0,0,0,0,1,1,0,0,0,0
USDJPY,2024-07-17,LONG,4,loss,-1.00,156.18500,155.71600,158.37600,4.67,1,0,0,0,1,0,0,0,0,0,1,0,0,0,1,0
EURUSD,2024-07-19,LONG,3,loss,-1.00,1.08793,1.08715,1.09275,6.18,0,0,0,0,1,0,0,0,0,0,1,1,0,0,0,0
EURUSD,2024-07-22,LONG,4,loss,-1.00,1.08857,1.08756,1.09275,4.14,0,0,0,0,1,0,0,1,0,0,1,1,0,0,0,0
AUDUSD,2024-07-22,LONG,4,loss,-1.00,0.66373,0.66195,0.66952,3.25,0,1,0,0,1,1,0,0,0,0,1,0,0,0,0,0
EURUSD,2024-07-22,LONG,4,loss,-1.00,1.08798,1.08715,1.09275,5.75,0,0,0,0,1,0,0,1,0,0,1,1,0,0,0,0
AUDUSD,2024-07-22,LONG,4,loss,-1.00,0.66418,0.66336,0.66633,2.62,0,1,0,0,1,1,0,0,0,0,1,0,0,0,0,0
EURUSD,2024-07-22,LONG,5,loss,-1.00,1.08872,1.08756,1.09275,3.47,0,0,0,0,1,0,0,1,0,0,1,1,0,0,0,1
GBPUSD,2024-07-23,LONG,3,loss,-1.00,1.29117,1.29006,1.29812,6.26,0,0,0,0,1,0,0,0,0,0,1,1,0,0,0,0
GBPUSD,2024-07-23,LONG,4,loss,-1.00,1.29137,1.29006,1.29812,5.15,0,0,0,0,1,0,0,0,0,0,1,1,1,0,0,0
USDJPY,2024-07-23,LONG,3,loss,-1.00,155.63800,155.37000,157.08000,5.38,1,0,0,0,1,0,0,0,0,0,0,0,0,0,1,0
USDJPY,2024-07-24,LONG,3,loss,-1.00,154.18800,153.59800,155.76000,2.66,1,0,0,0,1,0,0,0,0,0,0,0,0,0,1,0
EURUSD,2024-07-29,LONG,7,loss,-1.00,1.08189,1.08054,1.08623,3.21,0,1,0,0,1,1,1,0,0,0,1,1,1,0,0,0
GBPUSD,2024-07-30,LONG,4,loss,-1.00,1.28276,1.28064,1.28806,2.50,0,0,0,0,1,0,1,0,0,0,1,1,0,0,0,0
EURUSD,2024-07-30,LONG,6,loss,-1.00,1.08087,1.07993,1.08623,5.70,0,1,0,0,1,1,1,0,0,0,1,1,0,0,0,0
USDCAD,2024-07-31,LONG,6,loss,-1.00,1.38074,1.37963,1.38385,2.80,1,0,0,0,1,0,0,0,0,1,1,1,1,0,0,0
GBPUSD,2024-08-01,LONG,5,loss,-1.00,1.27928,1.27773,1.28509,3.75,0,0,0,0,1,0,1,0,0,0,1,1,1,0,0,0
NZDUSD,2024-08-02,SHORT,4,win,4.60,0.59706,0.59817,0.59195,4.60,1,0,0,0,1,0,0,0,0,0,1,1,0,0,0,0
USDJPY,2024-08-02,LONG,3,loss,-1.00,146.97900,145.89600,150.06300,2.85,1,0,0,0,1,0,0,0,0,0,0,0,0,0,1,0
NZDUSD,2024-08-02,SHORT,4,win,2.70,0.59649,0.59817,0.59195,2.70,1,0,0,0,1,0,0,0,0,0,1,1,0,0,0,0
USDJPY,2024-08-02,LONG,3,loss,-1.00,146.58200,145.89600,149.21000,3.83,1,0,0,0,1,0,0,0,0,0,0,0,0,0,1,0
USDJPY,2024-08-05,LONG,4,win,2.74,142.30600,140.79700,146.44100,2.74,1,0,0,0,1,0,0,1,0,0,0,0,0,0,1,0
AUDUSD,2024-08-06,SHORT,5,loss,-1.00,0.65183,0.65472,0.64428,2.61,1,0,0,1,0,0,0,0,0,0,1,1,0,0,1,0
EURUSD,2024-08-08,LONG,6,win,3.12,1.09159,1.09037,1.09540,3.12,0,0,0,0,1,1,0,0,1,0,1,1,1,0,0,0
USDCHF,2024-08-09,SHORT,4,loss,-1.00,0.86452,0.86738,0.85736,2.50,1,0,0,0,1,0,0,0,0,0,1,1,0,0,0,0
GBPUSD,2024-08-13,SHORT,5,loss,-1.00,1.28269,1.28400,1.27704,4.31,1,0,0,0,0,1,1,0,0,0,1,1,0,0,0,0
GBPUSD,2024-08-13,SHORT,4,loss,-1.00,1.28657,1.28878,1.27916,3.35,1,0,0,0,0,1,0,0,0,0,1,1,0,0,0,0
GBPUSD,2024-08-14,SHORT,5,loss,-1.00,1.28481,1.28641,1.27918,3.52,1,0,0,0,0,1,1,0,0,0,1,1,0,0,0,0
AUDUSD,2024-08-15,SHORT,5,loss,-1.00,0.66304,0.66425,0.65931,3.08,1,1,0,0,0,0,1,0,0,0,1,1,0,0,0,0
GBPUSD,2024-08-15,SHORT,3,loss,-1.00,1.28612,1.28878,1.27918,2.61,1,0,0,0,0,0,0,0,0,0,1,1,0,0,0,0
GBPUSD,2024-08-15,SHORT,3,loss,-1.00,1.28623,1.28878,1.27918,2.76,1,0,0,0,0,0,0,0,0,0,1,1,0,0,0,0
AUDUSD,2024-08-15,SHORT,5,loss,-1.00,0.66284,0.66425,0.65931,2.50,1,1,0,0,0,0,1,0,0,0,1,1,0,0,0,0
GBPUSD,2024-08-15,SHORT,5,loss,-1.00,1.28545,1.28728,1.27918,3.43,1,0,0,0,0,0,1,0,0,0,1,1,0,0,0,1
USDCAD,2024-08-19,LONG,5,loss,-1.00,1.36746,1.36561,1.37299,2.99,1,0,0,0,1,0,1,0,0,0,0,1,1,0,0,0
NZDUSD,2024-08-19,SHORT,3,loss,-1.00,0.61096,0.61257,0.60368,4.52,1,1,0,0,1,0,0,0,0,0,0,0,0,0,0,0
NZDUSD,2024-08-20,SHORT,2,loss,-1.00,0.61429,0.61532,0.61140,2.81,1,0,0,0,1,0,0,0,0,0,0,0,0,0,0,0
USDCAD,2024-08-21,LONG,4,loss,-1.00,1.35994,1.35884,1.36745,6.83,1,1,0,0,1,0,0,0,0,0,0,1,0,0,0,0
USDCAD,2024-08-21,LONG,4,loss,-1.00,1.35826,1.35466,1.36745,2.55,1,1,0,0,1,0,0,0,0,0,0,1,0,0,0,0
USDCAD,2024-08-22,LONG,5,loss,-1.00,1.36045,1.35884,1.36745,4.35,1,1,0,0,1,0,0,1,0,0,0,1,0,0,0,0
USDCAD,2024-08-22,LONG,5,loss,-1.00,1.36097,1.35884,1.36745,3.04,1,1,0,0,1,0,0,1,0,0,0,1,0,0,0,0
USDCAD,2024-08-26,LONG,3,loss,-1.00,1.35060,1.34775,1.35898,2.94,1,0,0,0,1,0,0,0,0,0,0,0,0,0,1,0
USDCAD,2024-08-26,LONG,3,loss,-1.00,1.34846,1.34554,1.35898,3.60,1,0,0,0,1,0,0,0,0,0,0,0,0,0,1,0
USDCAD,2024-08-26,LONG,4,loss,-1.00,1.34867,1.34554,1.35898,3.29,1,0,0,0,1,0,0,0,0,0,0,0,1,0,1,0
USDCAD,2024-08-27,LONG,3,loss,-1.00,1.34777,1.34554,1.35898,5.03,1,0,0,0,1,0,0,0,0,0,0,0,1,0,0,0
USDCAD,2024-08-27,LONG,2,timeout,2.98,1.34572,1.34194,1.35898,3.51,1,0,0,0,1,0,0,0,0,0,0,0,0,0,0,0
USDCAD,2024-08-27,LONG,2,timeout,5.27,1.34439,1.34194,1.35898,5.96,1,0,0,0,1,0,0,0,0,0,0,0,0,0,0,0
USDCAD,2024-08-28,LONG,3,loss,-1.00,1.34714,1.34554,1.35898,7.40,1,0,0,0,1,0,0,0,0,0,0,1,0,0,0,0
USDCAD,2024-08-28,LONG,3,win,3.09,1.34611,1.34194,1.35898,3.09,1,0,0,0,1,0,0,0,0,0,0,1,0,0,0,0
EURUSD,2024-08-28,LONG,4,loss,-1.00,1.11132,1.10980,1.11657,3.45,0,0,0,0,1,1,0,0,0,0,1,1,0,0,0,0
USDJPY,2024-08-30,SHORT,4,loss,-1.00,146.18300,146.52500,144.93000,3.66,0,0,0,0,1,0,0,0,0,0,1,1,0,0,1,0
USDJPY,2024-09-02,SHORT,4,win,2.89,146.98600,147.34500,145.94800,2.89,0,0,0,0,1,1,0,0,0,0,1,0,0,0,1,0
GBPUSD,2024-09-02,LONG,5,loss,-1.00,1.31294,1.31091,1.31904,3.00,0,0,1,0,1,0,0,1,0,0,1,1,0,0,0,0
USDJPY,2024-09-02,SHORT,5,win,2.54,146.95000,147.34500,145.94800,2.54,0,0,0,0,1,1,0,0,0,0,1,0,1,0,1,0
GBPUSD,2024-09-03,LONG,5,loss,-1.00,1.31221,1.31091,1.31904,5.25,0,0,1,0,1,0,0,0,0,0,1,1,1,0,0,0
GBPUSD,2024-09-03,LONG,4,win,3.35,1.31025,1.30763,1.31904,3.35,0,0,1,0,1,0,0,0,0,0,1,1,0,0,0,0
GBPUSD,2024-09-03,LONG,5,win,2.69,1.31072,1.30763,1.31904,2.69,0,0,1,0,1,0,0,0,0,0,1,1,1,0,0,0
USDJPY,2024-09-09,SHORT,4,win,2.51,143.60900,144.04100,142.52300,2.51,0,0,0,0,1,0,0,0,0,0,1,1,0,0,1,0
USDCAD,2024-09-09,SHORT,7,loss,-1.00,1.35605,1.35820,1.34929,3.14,0,1,0,0,1,0,1,0,0,0,1,1,1,1,0,0
USDCAD,2024-09-09,SHORT,7,loss,-1.00,1.35601,1.35820,1.34929,3.07,0,1,0,0,1,0,1,0,0,0,1,1,1,1,0,0
EURUSD,2024-09-09,LONG,7,loss,-1.00,1.10415,1.10263,1.10864,2.95,0,0,1,0,1,1,1,0,1,0,1,1,0,0,0,0
USDCAD,2024-09-09,SHORT,6,loss,-1.00,1.35628,1.35820,1.34929,3.64,0,1,0,0,1,0,1,0,0,0,1,1,0,1,0,0
EURUSD,2024-09-09,LONG,7,loss,-1.00,1.10382,1.10263,1.10864,4.05,0,0,1,0,1,1,1,0,1,0,1,1,0,0,0,0
USDCHF,2024-09-11,SHORT,8,loss,-1.00,0.85051,0.85184,0.84326,5.45,1,0,0,0,1,1,0,0,1,0,1,1,0,1,1,0
USDCHF,2024-09-11,SHORT,7,loss,-1.00,0.85227,0.85373,0.84564,4.54,1,0,0,0,1,1,0,0,1,0,1,1,0,1,0,0
EURUSD,2024-09-12,LONG,7,win,2.50,1.10138,1.10019,1.10436,2.50,0,0,1,0,1,0,1,0,1,0,1,1,0,0,1,0
USDCHF,2024-09-20,SHORT,6,loss,-1.00,0.84984,0.85144,0.84369,3.84,1,0,0,0,1,0,0,0,1,0,1,1,0,0,1,0
USDJPY,2024-09-25,SHORT,4,loss,-1.00,144.30300,144.67900,142.94600,3.61,0,0,0,0,1,0,0,0,0,0,1,0,0,1,1,0
USDCHF,2024-09-25,SHORT,6,win,3.26,0.84946,0.85177,0.84192,3.26,1,0,0,0,1,1,0,0,0,0,1,1,0,0,1,0
USDCHF,2024-09-25,SHORT,6,win,5.61,0.85028,0.85177,0.84192,5.61,1,0,0,0,1,1,0,0,0,0,1,1,0,0,1,0
EURUSD,2024-09-30,LONG,3,loss,-1.00,1.11441,1.11248,1.11959,2.68,0,0,0,0,1,0,0,0,0,0,1,1,0,0,0,0
EURUSD,2024-10-01,LONG,5,loss,-1.00,1.10845,1.10683,1.11975,6.98,0,0,0,0,1,1,1,0,0,0,1,1,0,0,0,0
GBPUSD,2024-10-01,LONG,5,loss,-1.00,1.32790,1.32481,1.33771,3.17,1,0,0,0,1,1,0,0,0,0,1,1,0,0,0,0
USDJPY,2024-10-02,SHORT,4,loss,-1.00,146.04600,146.49100,144.06600,4.45,0,0,0,0,1,0,1,0,0,0,1,0,0,0,1,0
USDJPY,2024-10-02,SHORT,3,loss,-1.00,146.44200,147.20700,144.06600,3.11,0,0,0,0,1,0,0,0,0,0,1,0,0,0,1,0
NZDUSD,2024-10-03,LONG,5,loss,-1.00,0.62234,0.62096,0.62651,3.02,0,0,0,1,1,1,1,0,0,0,1,0,0,0,0,0
USDJPY,2024-10-03,SHORT,3,loss,-1.00,146.66400,147.20700,144.69800,3.62,0,0,0,0,1,0,0,0,0,0,1,0,0,0,1,0
USDJPY,2024-10-03,SHORT,3,loss,-1.00,146.82900,147.20700,144.69800,5.64,0,0,0,0,1,0,0,0,0,0,1,0,0,0,1,0
EURUSD,2024-10-03,LONG,5,loss,-1.00,1.10145,1.10019,1.10756,4.85,0,0,0,0,1,1,1,0,0,0,1,0,0,0,1,0
USDJPY,2024-10-03,SHORT,3,loss,-1.00,146.85900,147.34500,144.69800,4.45,0,0,0,0,1,0,0,0,0,0,1,0,0,0,1,0
USDJPY,2024-10-04,SHORT,3,loss,-1.00,146.58900,147.23900,144.69800,2.91,0,0,0,0,1,0,0,0,0,0,1,0,0,0,1,0
AUDUSD,2024-10-04,LONG,5,loss,-1.00,0.68406,0.68296,0.68867,4.19,0,0,0,1,1,1,0,0,0,0,1,1,0,0,0,0
AUDUSD,2024-10-04,LONG,5,loss,-1.00,0.67960,0.67826,0.68867,6.77,0,0,0,1,1,1,1,0,0,0,1,0,0,0,0,0
AUDUSD,2024-10-04,LONG,6,loss,-1.00,0.68000,0.67826,0.68436,2.51,0,0,0,1,1,1,1,0,0,0,1,0,1,0,0,0
AUDUSD,2024-10-07,LONG,3,loss,-1.00,0.67931,0.67826,0.68436,4.81,0,0,0,0,1,0,1,0,0,0,1,0,0,0,0,0
NZDUSD,2024-10-07,LONG,3,loss,-1.00,0.61222,0.61059,0.61654,2.65,0,1,0,0,1,0,0,0,0,0,1,0,0,0,0,0
AUDUSD,2024-10-07,LONG,3,loss,-1.00,0.67590,0.67373,0.68436,3.90,0,0,0,0,1,0,1,0,0,0,1,0,0,0,0,0
AUDUSD,2024-10-09,LONG,3,loss,-1.00,0.67279,0.67146,0.67934,4.92,0,0,0,0,1,0,0,1,0,0,1,0,0,0,0,0
GBPUSD,2024-10-09,LONG,7,loss,-1.00,1.30839,1.30589,1.31695,3.42,1,0,0,0,1,1,1,0,0,0,1,1,1,0,0,0
GBPUSD,2024-10-09,LONG,6,loss,-1.00,1.30785,1.30589,1.31695,4.64,1,0,0,0,1,1,1,0,0,0,1,1,0,0,0,0
USDCHF,2024-10-09,SHORT,3,loss,-1.00,0.85951,0.86075,0.85375,4.65,1,0,0,0,1,0,0,0,0,0,0,1,0,0,0,0
USDCAD,2024-10-16,LONG,6,win,2.61,1.37499,1.37244,1.38165,2.61,1,0,0,0,1,1,0,0,0,1,1,1,0,0,0,0
USDCHF,2024-10-18,SHORT,3,loss,-1.00,0.86590,0.86695,0.86322,2.55,1,0,0,0,1,0,0,0,0,0,0,1,0,0,0,0
USDCHF,2024-10-21,SHORT,3,loss,-1.00,0.86602,0.86692,0.86322,3.11,1,0,0,0,1,0,0,0,0,0,0,1,0,0,0,0
USDCHF,2024-10-22,SHORT,3,loss,-1.00,0.86563,0.86635,0.86322,3.35,1,0,0,0,1,0,0,0,0,0,0,1,0,0,0,0
EURUSD,2024-10-30,SHORT,6,loss,-1.00,1.08604,1.08717,1.08190,3.66,1,1,0,0,0,1,0,0,0,0,1,1,1,0,0,0
GBPUSD,2024-10-31,LONG,4,win,2.69,1.28552,1.27984,1.30081,2.69,1,1,0,0,1,0,0,0,1,0,0,0,0,0,0,0
USDJPY,2024-10-31,LONG,4,loss,-1.00,151.93100,151.45200,153.23800,2.73,1,0,0,0,0,0,0,0,0,0,1,1,0,0,1,0
AUDUSD,2024-11-05,SHORT,6,win,3.33,0.66334,0.66463,0.65904,3.33,1,1,1,0,0,1,0,0,0,0,1,1,0,0,0,0
GBPUSD,2024-11-06,LONG,4,loss,-1.00,1.28560,1.27984,1.30419,3.23,1,1,0,0,1,1,0,0,0,0,0,0,0,0,0,0
GBPUSD,2024-11-06,LONG,4,loss,-1.00,1.28894,1.28434,1.30419,3.32,1,0,0,0,1,1,0,0,0,0,0,1,0,0,0,0
GBPUSD,2024-11-06,LONG,5,loss,-1.00,1.28898,1.28434,1.30419,3.28,1,0,0,0,1,1,0,0,0,0,0,1,1,0,0,0
NZDUSD,2024-11-07,SHORT,5,win,3.43,0.60330,0.60608,0.59376,3.43,1,0,0,0,1,1,0,0,0,0,1,0,0,1,0,0
AUDUSD,2024-11-07,SHORT,6,win,3.15,0.66853,0.67230,0.65664,3.15,1,1,1,0,0,1,1,0,0,0,1,0,0,0,0,0
USDCHF,2024-11-07,SHORT,3,loss,-1.00,0.87164,0.87482,0.86241,2.90,1,0,0,0,1,0,0,0,0,0,0,1,0,0,0,0
USDCHF,2024-11-08,SHORT,3,loss,-1.00,0.87353,0.87739,0.86241,2.88,1,0,0,0,1,0,0,0,0,0,0,1,0,0,0,0
GBPUSD,2024-11-11,LONG,4,loss,-1.00,1.28693,1.28337,1.29672,2.75,1,1,0,0,1,0,0,0,0,0,0,1,0,0,0,0
GBPUSD,2024-11-11,LONG,4,loss,-1.00,1.28616,1.28337,1.29672,3.78,1,1,0,0,1,0,0,0,0,0,0,1,0,0,0,0
GBPUSD,2024-11-12,LONG,3,loss,-1.00,1.27627,1.27258,1.28733,3.00,1,1,0,0,1,0,0,0,0,0,0,0,0,0,0,0
GBPUSD,2024-11-13,LONG,2,loss,-1.00,1.27044,1.26648,1.28208,2.94,1,0,0,0,1,0,0,0,0,0,0,0,0,0,0,0
USDCHF,2024-11-13,SHORT,2,loss,-1.00,0.88581,0.88752,0.88030,3.22,1,0,0,0,1,0,0,0,0,0,0,0,0,0,0,0
GBPUSD,2024-11-14,LONG,2,loss,-1.00,1.26864,1.26648,1.27543,3.14,1,0,0,0,1,0,0,0,0,0,0,0,0,0,0,0
USDJPY,2024-11-15,LONG,6,loss,-1.00,154.94700,154.33800,156.50000,2.55,1,0,0,0,1,0,0,0,1,0,1,1,0,0,1,0
AUDUSD,2024-11-19,SHORT,4,loss,-1.00,0.65201,0.65455,0.64518,2.69,1,0,0,0,1,0,0,0,0,0,1,1,0,0,0,0
USDCAD,2024-11-21,LONG,7,loss,-1.00,1.39643,1.39502,1.40045,2.85,1,0,0,0,1,1,0,1,0,0,1,1,1,0,0,0
GBPUSD,2024-11-21,LONG,3,loss,-1.00,1.26173,1.25967,1.26949,3.77,1,0,0,0,1,0,0,0,0,0,0,1,0,0,0,0
USDCAD,2024-11-21,LONG,6,win,3.15,1.39633,1.39502,1.40045,3.15,1,0,0,0,1,1,0,1,0,0,1,1,0,0,0,0
USDJPY,2024-11-22,LONG,5,loss,-1.00,154.31200,153.90500,155.36800,2.59,1,0,0,0,1,0,0,0,0,0,1,1,0,0,1,0
GBPUSD,2024-11-22,LONG,2,loss,-1.00,1.25263,1.25092,1.25838,3.36,1,0,0,0,1,0,0,0,0,0,0,0,0,0,0,0
USDCHF,2024-11-22,SHORT,3,win,2.52,0.89445,0.89787,0.88583,2.52,1,0,0,0,1,0,0,0,1,0,0,0,0,0,0,0
GBPUSD,2024-11-22,LONG,2,win,2.61,1.25249,1.25023,1.25838,2.61,1,0,0,0,1,0,0,0,0,0,0,0,0,0,0,0
NZDUSD,2024-11-27,SHORT,5,loss,-1.00,0.59039,0.59215,0.58358,3.87,1,0,0,0,1,1,0,0,0,0,1,1,0,0,0,0
GBPUSD,2024-11-27,SHORT,4,loss,-1.00,1.26767,1.27142,1.25719,2.79,0,0,0,0,1,1,0,0,0,0,1,1,0,0,0,0
GBPUSD,2024-11-28,SHORT,4,loss,-1.00,1.26817,1.27142,1.25917,2.77,0,0,0,0,1,1,0,0,0,0,1,1,0,0,0,0
GBPUSD,2024-11-28,SHORT,4,loss,-1.00,1.26894,1.27142,1.25917,3.94,0,0,0,0,1,1,0,0,0,0,1,1,0,0,0,0
EURUSD,2024-11-29,SHORT,5,win,2.56,1.05625,1.05876,1.04982,2.56,1,0,0,0,1,1,0,0,0,0,1,1,0,0,0,0
GBPUSD,2024-11-29,SHORT,3,loss,-1.00,1.26973,1.27142,1.25917,6.25,0,0,0,0,1,0,0,0,0,0,1,1,0,0,0,0
USDJPY,2024-11-29,LONG,5,loss,-1.00,149.60300,149.08600,151.49300,3.66,1,1,0,0,1,0,0,0,0,0,1,0,0,0,1,0
GBPUSD,2024-11-29,SHORT,4,loss,-1.00,1.27391,1.27691,1.25917,4.91,0,1,0,0,1,0,0,0,0,0,1,1,0,0,0,0
EURUSD,2024-11-29,SHORT,5,win,2.69,1.05795,1.06097,1.04982,2.69,1,0,0,0,1,1,0,0,0,0,1,1,0,0,0,0
USDJPY,2024-12-02,LONG,5,loss,-1.00,149.87100,149.46400,151.49300,3.99,1,1,0,0,1,1,0,0,0,0,0,0,0,0,1,0
USDJPY,2024-12-02,LONG,5,loss,-1.00,149.52200,149.08600,151.49300,4.52,1,1,0,0,1,1,0,0,0,0,0,0,0,0,1,0
USDJPY,2024-12-03,LONG,4,loss,-1.00,149.73000,149.08600,151.49300,2.74,1,1,0,0,1,1,0,0,0,0,0,0,0,0,0,0
EURUSD,2024-12-05,SHORT,6,loss,-1.00,1.05722,1.05971,1.04903,3.29,1,0,0,0,1,1,0,0,1,0,1,1,0,0,0,0
EURUSD,2024-12-05,SHORT,6,loss,-1.00,1.05873,1.06097,1.04903,4.33,1,0,0,0,1,1,0,0,1,0,1,1,0,0,0,0
USDCAD,2024-12-05,LONG,4,win,2.70,1.40279,1.40086,1.40801,2.70,1,0,0,0,1,0,0,0,0,0,1,1,0,0,0,0
EURUSD,2024-12-06,SHORT,7,loss,-1.00,1.05869,1.06097,1.04903,4.24,1,0,0,0,1,1,0,1,1,0,1,1,0,0,0,0
AUDUSD,2024-12-09,SHORT,6,loss,-1.00,0.64414,0.64552,0.63838,4.17,1,0,1,0,1,1,0,0,0,0,1,1,0,0,0,0
EURUSD,2024-12-16,SHORT,7,loss,-1.00,1.05065,1.05241,1.04592,2.69,1,0,0,0,1,1,0,0,1,0,1,1,0,0,1,0
EURUSD,2024-12-16,SHORT,7,loss,-1.00,1.05099,1.05241,1.04592,3.57,1,0,0,0,1,1,0,0,1,0,1,1,0,0,1,0
USDCHF,2024-12-18,LONG,3,win,2.74,0.89287,0.89144,0.89679,2.74,0,0,0,0,1,0,0,0,0,0,1,1,0,0,0,0
USDCHF,2024-12-20,LONG,4,win,3.48,0.89171,0.88984,0.89821,3.48,0,0,0,0,1,1,0,0,0,0,1,1,0,0,0,0
EURUSD,2024-12-27,SHORT,5,loss,-1.00,1.04386,1.04474,1.03908,5.43,1,0,0,0,1,1,0,0,0,0,1,1,0,0,0,0
GBPUSD,2024-12-30,SHORT,4,win,4.28,1.25980,1.26140,1.25295,4.28,0,0,0,0,1,1,0,0,0,0,1,1,0,0,0,0
USDJPY,2024-12-30,LONG,5,loss,-1.00,157.17600,156.92900,157.88800,2.88,1,0,0,0,1,0,0,0,0,0,1,1,0,0,1,0
GBPUSD,2025-01-15,SHORT,6,loss,-1.00,1.22243,1.22498,1.21512,2.87,1,0,0,0,1,1,0,0,1,0,1,1,0,0,0,0
USDJPY,2025-01-15,LONG,4,loss,-1.00,156.28900,155.95100,158.05300,5.22,1,0,0,0,1,0,0,0,1,0,1,0,0,0,0,0
AUDUSD,2025-01-16,SHORT,5,loss,-1.00,0.62193,0.62461,0.61495,2.60,1,0,0,0,1,0,0,0,1,0,1,1,0,0,0,0
GBPUSD,2025-01-20,SHORT,5,loss,-1.00,1.22921,1.23214,1.21706,4.15,1,0,0,0,1,1,0,0,0,0,1,1,0,0,0,0
EURUSD,2025-01-20,SHORT,4,loss,-1.00,1.04003,1.04367,1.02792,3.33,1,0,0,0,1,0,1,0,0,0,1,0,0,0,0,0
EURUSD,2025-01-20,SHORT,4,loss,-1.00,1.04207,1.04583,1.03167,2.77,1,0,0,0,1,0,1,0,0,0,1,0,0,0,0,0
NZDUSD,2025-01-20,SHORT,4,loss,-1.00,0.56752,0.56923,0.56046,4.13,1,0,0,0,1,1,0,0,0,0,1,0,0,0,0,0
USDCAD,2025-01-20,LONG,6,win,6.40,1.43038,1.42791,1.44618,6.40,1,0,0,0,1,1,1,0,0,0,1,1,0,0,0,0
AUDUSD,2025-01-22,SHORT,5,loss,-1.00,0.62828,0.63018,0.62187,3.37,1,0,0,0,1,1,1,0,0,0,1,0,0,0,0,0
NZDUSD,2025-01-22,SHORT,5,loss,-1.00,0.56752,0.56923,0.56224,3.09,1,0,0,0,1,1,1,0,0,0,1,0,0,0,0,0
EURUSD,2025-01-24,SHORT,4,win,5.56,1.05162,1.05343,1.04156,5.56,1,0,0,0,1,0,0,0,0,0,1,0,0,0,1,0
USDJPY,2025-01-27,LONG,6,loss,-1.00,153.96200,153.15900,156.13500,2.71,1,0,0,0,1,1,0,0,1,0,1,0,0,0,1,0
EURUSD,2025-01-27,SHORT,4,win,4.55,1.05129,1.05343,1.04156,4.55,1,0,0,0,1,0,0,0,0,0,1,0,0,0,1,0
USDJPY,2025-01-30,LONG,4,win,2.63,154.13200,153.71000,155.24100,2.63,1,0,0,0,1,0,0,0,1,0,0,0,0,0,1,0
GBPUSD,2025-02-03,SHORT,6,loss,-1.00,1.24120,1.24715,1.22623,2.52,1,0,0,0,1,0,1,0,1,0,1,1,0,0,0,0
USDCHF,2025-02-04,LONG,6,loss,-1.00,0.90971,0.90710,0.91862,3.41,0,0,0,0,1,1,0,0,1,1,1,1,0,0,0,0
USDCAD,2025-02-04,LONG,6,loss,-1.00,1.43273,1.42605,1.45849,3.86,1,0,0,0,1,1,1,0,0,1,1,0,0,0,0,0
USDCHF,2025-02-04,LONG,7,loss,-1.00,0.90490,0.90312,0.91179,3.87,0,0,0,0,1,1,1,0,1,1,1,1,0,0,0,0
USDCHF,2025-02-05,LONG,6,win,2.83,0.90048,0.89649,0.91179,2.83,0,0,0,0,1,0,1,0,1,1,1,0,0,0,1,0
USDJPY,2025-02-06,LONG,5,loss,-1.00,151.38400,151.00400,152.58000,3.15,1,1,0,0,1,0,0,0,1,0,0,0,0,0,1,0
USDJPY,2025-02-07,LONG,4,loss,-1.00,151.38500,151.00400,152.58000,3.14,1,1,0,0,1,0,0,0,0,0,0,0,0,0,1,0
EURUSD,2025-02-12,SHORT,5,loss,-1.00,1.03910,1.04124,1.03030,4.11,1,0,0,0,1,0,1,0,0,0,1,1,0,0,0,0
USDCAD,2025-02-12,LONG,7,loss,-1.00,1.42842,1.42693,1.43274,2.90,1,0,0,0,1,0,1,0,1,1,0,1,0,1,0,0
GBPUSD,2025-02-13,SHORT,5,loss,-1.00,1.25230,1.25496,1.24507,2.72,1,0,0,0,1,0,0,0,1,0,1,1,0,0,0,0
EURUSD,2025-02-14,SHORT,4,win,3.81,1.05083,1.05330,1.04142,3.81,1,0,0,0,1,0,0,0,0,0,1,0,0,0,1,0
USDCHF,2025-02-14,LONG,4,win,2.89,0.89859,0.89649,0.90466,2.89,0,0,0,0,1,0,0,0,1,0,1,0,0,0,1,0
NZDUSD,2025-02-20,SHORT,4,loss,-1.00,0.57229,0.57314,0.57002,2.67,1,0,0,0,1,0,0,0,0,1,0,1,0,0,0,0
EURUSD,2025-02-20,SHORT,7,loss,-1.00,1.05014,1.05140,1.04313,5.56,1,0,0,0,1,1,0,0,1,1,0,1,0,0,1,0
USDJPY,2025-02-21,LONG,3,loss,-1.00,149.07000,148.64600,150.54500,3.48,1,0,0,0,1,0,0,0,0,0,0,0,0,0,1,0
EURUSD,2025-02-25,SHORT,7,loss,-1.00,1.05104,1.05282,1.04384,4.04,1,0,0,0,1,1,0,0,1,1,0,1,0,0,1,0
GBPUSD,2025-02-25,SHORT,4,loss,-1.00,1.26692,1.26902,1.26124,2.70,1,1,0,0,1,0,0,0,0,0,0,1,0,0,0,0
USDCHF,2025-02-27,SHORT,6,loss,-1.00,0.89868,0.89978,0.89378,4.45,1,0,0,0,0,1,1,0,0,0,1,1,0,0,1,0
GBPUSD,2025-03-03,SHORT,5,loss,-1.00,1.26987,1.27284,1.26008,3.30,1,1,0,0,1,1,0,0,0,0,0,1,0,0,0,0
GBPUSD,2025-03-03,SHORT,6,loss,-1.00,1.26904,1.27153,1.26010,3.59,1,1,0,0,1,1,0,0,0,0,0,1,1,0,0,0
GBPUSD,2025-03-04,SHORT,3,loss,-1.00,1.27404,1.27876,1.26010,2.95,1,1,0,0,1,0,0,0,0,0,0,0,0,0,0,0
EURUSD,2025-03-04,SHORT,3,loss,-1.00,1.05439,1.05944,1.04054,2.74,1,0,0,0,1,0,0,0,0,1,0,0,0,0,0,0
EURUSD,2025-03-04,SHORT,3,loss,-1.00,1.06006,1.06298,1.04770,4.23,1,0,0,0,1,0,0,0,0,1,0,0,0,0,0,0
GBPUSD,2025-03-04,SHORT,2,loss,-1.00,1.27872,1.28110,1.26874,4.19,1,0,0,0,1,0,0,0,0,0,0,0,0,0,0,0
EURUSD,2025-03-05,SHORT,3,loss,-1.00,1.07900,1.08247,1.06743,3.33,1,0,0,0,1,0,0,0,0,1,0,0,0,0,0,0
EURUSD,2025-03-06,SHORT,3,loss,-1.00,1.07990,1.08247,1.06787,4.68,1,0,0,0,1,0,0,0,0,1,0,0,0,0,0,0
NZDUSD,2025-03-06,SHORT,5,win,2.85,0.57463,0.57695,0.56802,2.85,1,0,0,0,1,1,0,1,0,0,1,0,0,0,0,0
GBPUSD,2025-03-10,SHORT,2,loss,-1.00,1.29044,1.29234,1.28233,4.27,1,0,0,0,1,0,0,0,0,0,0,0,0,0,0,0
EURUSD,2025-03-11,SHORT,2,win,3.17,1.09270,1.09548,1.08390,3.17,1,0,0,0,1,0,0,0,0,0,0,0,0,0,0,0
USDCAD,2025-03-14,LONG,6,loss,-1.00,1.43782,1.43527,1.44509,2.85,1,0,0,0,1,0,1,0,1,0,1,1,0,0,0,0
AUDUSD,2025-03-17,SHORT,6,loss,-1.00,0.63500,0.63634,0.63053,3.34,1,0,0,0,1,1,0,0,1,1,0,1,0,0,0,0
GBPUSD,2025-03-17,SHORT,5,loss,-1.00,1.29913,1.30089,1.29353,3.18,1,0,1,0,1,0,0,0,0,0,0,1,0,0,1,0
GBPUSD,2025-03-21,LONG,3,win,3.66,1.28931,1.28612,1.30099,3.66,0,0,0,0,1,0,0,0,0,0,1,1,0,0,0,0
USDJPY,2025-03-24,SHORT,4,win,3.29,150.73800,151.30100,148.88700,3.29,0,1,0,0,1,0,1,0,0,0,1,0,0,0,0,0
GBPUSD,2025-03-24,LONG,3,loss,-1.00,1.29113,1.28873,1.30099,4.11,0,0,0,0,1,0,0,0,0,0,1,1,0,0,0,0
USDCHF,2025-03-26,SHORT,5,loss,-1.00,0.88393,0.88483,0.88136,2.86,1,1,0,0,0,1,0,0,0,0,1,1,0,0,0,0
EURUSD,2025-03-26,LONG,4,loss,-1.00,1.07922,1.07767,1.08381,2.96,0,0,1,0,1,0,0,0,0,0,1,1,0,0,0,0
USDCHF,2025-03-26,SHORT,6,loss,-1.00,0.88384,0.88483,0.88136,2.51,1,1,0,0,0,1,0,0,0,0,1,1,1,0,0,0
EURUSD,2025-03-26,LONG,4,loss,-1.00,1.07807,1.07655,1.08381,3.78,0,0,1,0,1,0,0,0,0,0,1,1,0,0,0,0
USDJPY,2025-03-26,SHORT,6,loss,-1.00,150.68000,150.94200,149.85700,3.14,0,1,0,0,1,0,1,0,0,0,1,1,0,0,1,0
USDJPY,2025-03-27,SHORT,5,win,2.90,151.02000,151.30100,150.20600,2.90,0,1,0,0,1,0,1,0,0,0,1,0,0,0,1,0
USDJPY,2025-03-27,SHORT,5,win,3.15,151.03700,151.30100,150.20600,3.15,0,1,0,0,1,0,1,0,0,0,1,0,0,0,1,0
GBPUSD,2025-03-31,LONG,3,win,2.97,1.28906,1.28704,1.29505,2.97,0,0,0,0,1,0,0,0,0,0,1,1,0,0,0,0
EURUSD,2025-04-01,LONG,4,win,3.03,1.07810,1.07644,1.08313,3.03,0,0,0,0,1,0,0,0,1,0,1,1,0,0,0,0
GBPUSD,2025-04-01,LONG,4,win,3.03,1.28903,1.28704,1.29505,3.03,0,0,0,0,1,0,0,0,1,0,1,1,0,0,0,0
USDCAD,2025-04-01,LONG,6,loss,-1.00,1.43073,1.42759,1.44006,2.97,1,0,0,0,1,1,1,0,1,0,0,1,0,0,0,0
NZDUSD,2025-04-02,SHORT,3,loss,-1.00,0.57447,0.57551,0.57110,3.24,1,0,0,0,1,0,0,0,0,0,0,1,0,0,0,0
USDCAD,2025-04-02,LONG,6,loss,-1.00,1.43107,1.42759,1.44006,2.58,1,0,0,0,1,1,1,0,1,0,0,1,0,0,0,0
USDJPY,2025-04-02,SHORT,7,loss,-1.00,149.98800,150.26400,149.14300,3.06,0,0,0,0,1,0,1,0,1,1,1,1,0,0,1,0
USDCAD,2025-04-02,LONG,7,loss,-1.00,1.43183,1.42882,1.44006,2.73,1,0,0,0,1,1,1,0,1,0,0,1,0,1,0,0
AUDUSD,2025-04-03,SHORT,5,win,2.61,0.63591,0.63905,0.62773,2.61,1,0,0,0,1,1,0,1,0,0,1,0,0,0,0,0
NZDUSD,2025-04-03,SHORT,5,win,4.17,0.58124,0.58308,0.57356,4.17,1,0,0,0,1,1,0,1,0,0,0,0,1,0,0,0
USDCAD,2025-04-03,LONG,5,win,3.36,1.40638,1.40099,1.42447,3.36,1,1,0,0,1,0,0,0,1,0,0,0,0,1,0,0
GBPUSD,2025-04-04,LONG,5,loss,-1.00,1.29258,1.28790,1.31040,3.81,0,0,0,0,1,1,0,0,1,0,1,1,0,0,0,0
AUDUSD,2025-04-16,SHORT,4,loss,-1.00,0.63728,0.63905,0.63184,3.07,1,0,0,0,1,1,0,0,0,0,1,0,0,0,0,0
USDCAD,2025-04-18,LONG,3,loss,-1.00,1.38486,1.38281,1.39004,2.53,1,0,0,0,1,0,0,0,0,0,0,1,0,0,0,0
USDCAD,2025-04-18,LONG,4,loss,-1.00,1.38449,1.38273,1.39004,3.15,1,0,0,0,1,0,0,0,0,0,0,1,0,1,0,0
NZDUSD,2025-04-21,SHORT,4,win,2.85,0.60094,0.60372,0.59301,2.85,1,0,0,0,1,0,0,0,0,1,0,0,0,0,1,0
AUDUSD,2025-04-21,SHORT,3,loss,-1.00,0.64174,0.64290,0.63731,3.82,1,1,0,0,1,0,0,0,0,0,0,0,0,0,0,0
USDJPY,2025-04-23,SHORT,5,loss,-1.00,142.64100,143.08700,140.87300,3.96,0,0,0,0,1,1,0,0,0,0,1,1,0,0,1,0
USDJPY,2025-04-23,SHORT,5,loss,-1.00,143.39200,144.08000,141.64700,2.54,0,0,0,0,1,1,0,0,0,0,1,1,0,0,1,0
NZDUSD,2025-04-24,SHORT,4,win,2.59,0.59957,0.60133,0.59501,2.59,1,0,0,0,1,0,0,0,0,1,0,0,0,0,1,0
USDJPY,2025-04-25,SHORT,5,win,3.19,143.74900,144.08000,142.69300,3.19,0,0,0,0,1,1,0,1,0,0,1,1,0,0,0,0
EURUSD,2025-04-30,LONG,4,loss,-1.00,1.13298,1.13077,1.14035,3.33,0,0,0,0,1,0,0,0,1,0,1,1,0,0,0,0
GBPUSD,2025-05-01,LONG,6,win,3.97,1.32725,1.32440,1.33856,3.97,1,0,0,0,1,1,0,1,0,0,1,1,0,0,0,0
AUDUSD,2025-05-02,SHORT,4,loss,-1.00,0.64327,0.64493,0.63827,3.01,1,1,0,0,1,0,0,0,0,0,0,1,0,0,0,0
AUDUSD,2025-05-02,SHORT,3,loss,-1.00,0.64469,0.64710,0.63827,2.66,1,1,0,0,1,0,0,0,0,0,0,0,0,0,0,0
AUDUSD,2025-05-05,SHORT,4,loss,-1.00,0.64834,0.65042,0.63827,4.84,1,0,0,0,1,0,0,1,0,0,0,0,0,0,1,0
AUDUSD,2025-05-06,SHORT,4,loss,-1.00,0.64624,0.64934,0.63827,2.57,1,1,0,0,1,0,0,0,0,0,0,1,0,0,0,0
AUDUSD,2025-05-06,SHORT,3,loss,-1.00,0.64871,0.65042,0.63827,6.11,1,0,0,0,1,0,0,0,0,0,0,0,0,0,1,0
USDJPY,2025-05-08,SHORT,5,loss,-1.00,145.46200,145.92400,143.59900,4.03,0,0,0,0,1,0,1,0,1,0,1,0,0,0,1,0
USDCHF,2025-05-08,SHORT,5,loss,-1.00,0.83115,0.83329,0.82503,2.86,1,0,0,0,1,1,0,0,0,0,1,1,0,0,0,0
USDJPY,2025-05-12,SHORT,6,loss,-1.00,147.87600,148.27700,145.72700,5.36,0,0,1,0,1,0,0,0,1,0,1,0,1,0,1,0
AUDUSD,2025-05-14,SHORT,7,win,2.58,0.64455,0.64603,0.64073,2.58,1,1,1,0,1,1,0,0,1,0,0,1,0,0,0,0
NZDUSD,2025-05-22,LONG,6,loss,-1.00,0.59058,0.58938,0.59636,4.82,0,1,0,1,1,0,0,0,1,0,1,1,0,0,0,0
AUDUSD,2025-05-23,SHORT,4,loss,-1.00,0.64754,0.65007,0.64085,2.64,1,0,0,0,1,0,0,0,1,0,0,1,0,0,0,0
AUDUSD,2025-05-23,SHORT,4,loss,-1.00,0.64949,0.65141,0.64427,2.72,1,0,0,0,1,0,0,0,1,0,0,0,0,0,1,0
AUDUSD,2025-05-26,SHORT,4,win,3.64,0.65093,0.65276,0.64427,3.64,1,0,0,0,1,0,0,0,0,0,0,0,1,0,1,0
AUDUSD,2025-05-26,SHORT,4,win,2.55,0.64940,0.65141,0.64427,2.55,1,0,0,0,1,0,0,0,0,0,0,1,0,0,1,0
AUDUSD,2025-05-26,SHORT,4,win,2.54,0.64843,0.65007,0.64427,2.54,1,0,0,0,1,0,0,0,0,0,0,1,0,0,1,0
USDJPY,2025-05-27,SHORT,4,loss,-1.00,144.09700,144.39800,142.45600,5.45,0,0,0,0,1,0,0,0,0,0,1,1,0,0,1,0
USDCHF,2025-05-27,SHORT,5,loss,-1.00,0.82779,0.83062,0.82033,2.64,1,0,0,0,1,1,0,0,0,0,1,1,0,0,0,0
USDJPY,2025-05-28,SHORT,5,loss,-1.00,145.04700,145.51200,142.45600,5.57,0,0,0,0,1,0,1,0,0,0,1,1,0,0,1,0
USDJPY,2025-06-03,SHORT,5,loss,-1.00,143.94000,144.44200,142.42500,3.02,0,0,0,0,1,0,0,0,1,0,1,1,0,0,1,0
USDJPY,2025-06-03,SHORT,5,win,3.35,144.07100,144.44200,142.82700,3.35,0,0,0,0,1,0,0,0,1,0,1,1,0,0,1,0
USDJPY,2025-06-06,SHORT,6,loss,-1.00,144.15400,144.44200,142.82700,4.61,0,0,0,0,1,0,1,0,1,0,1,1,0,0,1,0
NZDUSD,2025-06-17,LONG,6,loss,-1.00,0.60148,0.59947,0.60736,2.93,0,0,0,1,1,1,0,0,0,0,1,1,0,0,1,0
GBPUSD,2025-06-17,LONG,5,loss,-1.00,1.34258,1.33905,1.35650,3.94,1,0,0,0,1,0,1,0,1,0,1,0,0,0,0,0
AUDUSD,2025-06-17,LONG,4,loss,-1.00,0.64738,0.64559,0.65381,3.59,0,0,0,0,1,1,0,0,0,0,1,1,0,0,0,0
GBPUSD,2025-06-18,LONG,6,loss,-1.00,1.34506,1.34148,1.35619,3.11,1,0,0,0,1,0,1,0,1,0,1,1,0,0,0,0
EURUSD,2025-06-18,LONG,5,loss,-1.00,1.15074,1.14890,1.15618,2.96,1,0,0,0,1,0,0,0,0,0,1,1,0,0,1,0
GBPUSD,2025-06-18,LONG,5,loss,-1.00,1.34687,1.34478,1.35619,4.46,1,0,0,0,1,0,0,0,1,0,1,1,0,0,0,0
USDCAD,2025-06-18,SHORT,3,loss,-1.00,1.36998,1.37282,1.35879,3.94,0,0,0,0,1,0,0,0,0,0,1,1,0,0,0,0
NZDUSD,2025-06-18,LONG,5,loss,-1.00,0.60249,0.60087,0.60734,2.99,0,0,0,1,1,1,0,0,0,0,1,1,0,0,0,0
NZDUSD,2025-06-19,LONG,6,loss,-1.00,0.59679,0.59468,0.60274,2.82,0,0,0,1,1,1,1,1,0,0,1,0,0,0,0,0
NZDUSD,2025-06-20,LONG,4,loss,-1.00,0.59668,0.59468,0.60274,3.03,0,0,0,1,1,0,1,0,0,0,1,0,0,0,0,0
USDJPY,2025-06-30,LONG,6,loss,-1.00,144.03500,143.75000,144.91100,3.07,1,0,1,0,0,1,0,0,0,0,1,1,0,0,1,0
GBPUSD,2025-07-02,LONG,6,loss,-1.00,1.36206,1.35903,1.37454,4.12,1,0,0,0,1,1,0,0,1,0,1,1,0,0,0,0
GBPUSD,2025-07-02,LONG,6,loss,-1.00,1.36346,1.35903,1.37454,2.50,1,0,0,0,1,1,0,0,1,0,1,1,0,0,0,0
AUDUSD,2025-07-04,LONG,3,loss,-1.00,0.65497,0.65366,0.65867,2.82,0,0,0,0,1,0,0,0,0,0,1,1,0,0,0,0
AUDUSD,2025-07-04,LONG,4,loss,-1.00,0.65499,0.65366,0.65867,2.77,0,0,0,0,1,0,0,0,0,0,1,1,1,0,0,0
EURUSD,2025-07-07,LONG,5,loss,-1.00,1.17294,1.17169,1.17805,4.09,1,0,0,0,1,1,0,0,0,0,1,1,0,0,0,0
AUDUSD,2025-07-07,LONG,6,win,3.25,0.64994,0.64839,0.65497,3.25,0,0,0,0,1,1,1,0,0,0,1,1,0,0,1,0
USDCHF,2025-07-07,SHORT,4,loss,-1.00,0.79738,0.79864,0.79412,2.59,1,0,0,0,1,0,0,0,0,0,1,1,0,0,0,0
AUDUSD,2025-07-07,LONG,6,win,3.48,0.64986,0.64839,0.65497,3.48,0,0,0,0,1,1,1,0,0,0,1,1,0,0,1,0
USDCHF,2025-07-08,SHORT,5,loss,-1.00,0.79769,0.79864,0.79473,3.12,1,0,0,0,1,1,0,0,0,0,1,1,0,0,0,0
USDCAD,2025-07-10,SHORT,5,loss,-1.00,1.36868,1.37098,1.36029,3.65,0,0,0,0,1,1,1,0,0,0,1,1,0,0,0,0
EURUSD,2025-07-15,LONG,5,loss,-1.00,1.16695,1.16541,1.17339,4.18,1,0,0,0,1,1,0,0,0,0,1,1,0,0,0,0
GBPUSD,2025-07-15,LONG,3,loss,-1.00,1.33953,1.33701,1.34830,3.48,1,0,0,0,1,0,0,0,0,0,1,0,0,0,0,0
GBPUSD,2025-07-15,LONG,2,loss,-1.00,1.33859,1.33701,1.34531,4.25,1,0,0,0,1,0,0,0,0,0,0,0,0,0,0,0
USDJPY,2025-07-21,LONG,5,loss,-1.00,147.26900,146.90800,148.46200,3.30,1,0,0,0,0,1,0,0,0,1,1,1,0,0,0,0
USDJPY,2025-07-22,LONG,6,loss,-1.00,147.19600,146.90800,148.10000,3.14,1,0,0,0,0,1,0,0,0,1,1,1,0,0,1,0
USDJPY,2025-07-23,LONG,4,win,3.30,146.20700,145.75300,147.70500,3.30,1,0,0,0,0,1,1,0,0,0,1,0,0,0,0,0
GBPUSD,2025-07-25,LONG,7,loss,-1.00,1.34268,1.34019,1.35082,3.27,1,0,0,0,1,1,1,0,1,1,0,1,0,0,0,0
EURUSD,2025-07-28,LONG,6,loss,-1.00,1.16510,1.16145,1.17524,2.78,1,0,0,0,1,0,1,0,1,0,1,1,0,0,0,0
AUDUSD,2025-07-28,LONG,7,loss,-1.00,0.65169,0.65034,0.65706,3.98,0,0,0,0,1,1,1,0,1,0,1,1,0,0,1,0
EURUSD,2025-07-28,LONG,5,loss,-1.00,1.16086,1.15566,1.17524,2.77,1,0,0,0,1,0,1,0,1,0,1,0,0,0,0,0
AUDUSD,2025-07-28,LONG,6,loss,-1.00,0.65208,0.65034,0.65706,2.86,0,0,0,0,1,1,1,0,1,0,1,1,0,0,0,0
USDCHF,2025-07-28,SHORT,6,loss,-1.00,0.80317,0.80641,0.79493,2.54,1,0,0,0,1,0,1,0,1,0,1,1,0,0,0,0
GBPUSD,2025-07-28,LONG,3,loss,-1.00,1.33543,1.33345,1.34424,4.45,1,0,0,0,1,0,0,0,0,1,0,0,0,0,0,0
USDCAD,2025-07-29,SHORT,5,loss,-1.00,1.37688,1.37979,1.36928,2.61,0,0,0,0,1,0,1,0,0,1,1,1,0,0,0,0
USDCAD,2025-07-29,SHORT,5,loss,-1.00,1.37783,1.37979,1.36928,4.36,0,0,0,0,1,0,1,0,0,1,1,1,0,0,0,0
AUDUSD,2025-07-29,LONG,7,loss,-1.00,0.65070,0.64975,0.65706,6.69,0,0,0,0,1,1,1,0,0,0,1,1,0,0,1,1
USDCAD,2025-07-29,SHORT,5,loss,-1.00,1.37761,1.37979,1.36928,3.82,0,0,0,0,1,0,1,0,0,1,1,1,0,0,0,0
AUDUSD,2025-07-29,LONG,6,loss,-1.00,0.65127,0.65034,0.65706,6.23,0,0,0,0,1,1,1,0,0,0,1,1,0,0,1,0
GBPUSD,2025-07-29,LONG,5,loss,-1.00,1.33561,1.33345,1.34268,3.27,1,0,0,0,1,0,0,0,0,1,0,1,0,0,0,1
GBPUSD,2025-07-30,LONG,3,loss,-1.00,1.32723,1.32503,1.34268,7.02,1,0,0,0,1,0,0,0,0,1,0,0,0,0,0,0
EURUSD,2025-07-30,LONG,3,loss,-1.00,1.14686,1.14461,1.15615,4.13,1,0,0,0,1,0,0,0,0,0,1,0,0,0,0,0
EURUSD,2025-07-30,LONG,3,win,2.54,1.14238,1.13729,1.15531,2.54,1,0,0,0,1,0,0,0,0,0,1,0,0,0,0,0
EURUSD,2025-07-31,LONG,2,win,3.60,1.14121,1.13729,1.15531,3.60,1,0,0,0,1,0,0,0,0,0,0,0,0,0,0,0
USDCHF,2025-07-31,SHORT,4,loss,-1.00,0.81223,0.81506,0.80476,2.64,1,0,0,0,1,0,0,0,0,0,1,0,1,0,0,0
GBPUSD,2025-07-31,LONG,3,win,2.52,1.32056,1.31394,1.33726,2.52,1,0,0,0,1,0,0,0,0,1,0,0,0,0,0,0
USDCAD,2025-08-04,LONG,5,loss,-1.00,1.37785,1.37623,1.38709,5.70,1,0,0,0,0,0,1,0,0,1,1,1,0,0,0,0
USDCAD,2025-08-05,LONG,5,loss,-1.00,1.37804,1.37579,1.38709,4.02,1,0,0,0,0,0,1,0,0,1,1,1,0,0,0,0
USDCAD,2025-08-05,LONG,5,loss,-1.00,1.37724,1.37579,1.38709,6.79,1,0,0,0,0,0,1,0,0,1,1,1,0,0,0,0
EURUSD,2025-08-11,LONG,7,loss,-1.00,1.16285,1.16108,1.16897,3.46,1,0,1,0,1,0,1,0,1,0,1,1,0,0,0,0
EURUSD,2025-08-12,LONG,7,win,5.60,1.16051,1.15900,1.16897,5.60,1,0,1,0,1,0,1,0,1,0,1,1,0,0,0,0
AUDUSD,2025-08-12,SHORT,8,loss,-1.00,0.65289,0.65409,0.64856,3.61,1,0,1,0,0,1,1,0,0,1,1,1,1,0,0,0
AUDUSD,2025-08-18,LONG,7,loss,-1.00,0.64926,0.64823,0.65325,3.87,0,1,0,0,1,0,1,0,0,1,1,1,0,0,1,0
AUDUSD,2025-08-18,LONG,8,loss,-1.00,0.64944,0.64823,0.65325,3.15,0,1,0,0,1,0,1,0,0,1,1,1,1,0,1,0
EURUSD,2025-08-19,LONG,7,loss,-1.00,1.16463,1.16309,1.16855,2.55,1,0,1,0,1,1,1,0,0,0,1,1,0,0,0,0
EURUSD,2025-08-21,LONG,6,loss,-1.00,1.16042,1.15900,1.16855,5.73,1,0,1,0,1,0,1,0,0,0,1,1,0,0,0,0
GBPUSD,2025-08-21,LONG,6,loss,-1.00,1.34139,1.33990,1.35211,7.19,1,0,0,0,1,1,1,0,0,0,1,1,0,0,0,0
EURUSD,2025-08-21,LONG,7,loss,-1.00,1.16048,1.15900,1.16580,3.59,1,0,1,0,1,0,1,0,0,0,1,1,1,0,0,0
GBPUSD,2025-08-22,LONG,6,win,2.57,1.34149,1.33990,1.34557,2.57,1,0,0,0,1,1,1,0,0,0,1,1,0,0,0,0
EURUSD,2025-08-22,LONG,6,win,3.76,1.16043,1.15900,1.16580,3.76,1,0,1,0,1,0,1,0,0,0,1,1,0,0,0,0
AUDUSD,2025-08-25,SHORT,6,loss,-1.00,0.64985,0.65239,0.64213,3.04,1,1,0,0,0,0,1,0,0,0,1,1,0,0,1,0
AUDUSD,2025-08-25,SHORT,7,loss,-1.00,0.64979,0.65239,0.64213,2.95,1,1,0,0,0,0,1,0,0,0,1,1,1,0,1,0
EURUSD,2025-08-25,LONG,6,loss,-1.00,1.16096,1.15828,1.17024,3.46,1,0,1,0,1,0,1,0,0,0,1,1,0,0,0,0
AUDUSD,2025-08-26,SHORT,6,loss,-1.00,0.64898,0.65046,0.64213,4.63,1,1,0,0,0,0,1,0,0,0,1,1,0,0,1,0
AUDUSD,2025-08-27,SHORT,7,loss,-1.00,0.64946,0.65046,0.64213,7.33,1,1,0,0,0,1,1,0,0,0,1,1,0,0,1,0
AUDUSD,2025-08-27,SHORT,6,loss,-1.00,0.65086,0.65239,0.64658,2.80,1,0,0,0,0,1,1,0,0,0,1,1,0,0,1,0
USDCAD,2025-08-28,LONG,5,loss,-1.00,1.37640,1.37440,1.38255,3.07,1,0,0,0,0,1,1,0,0,0,1,1,0,0,0,0
USDJPY,2025-08-28,LONG,8,win,3.41,146.92800,146.57200,148.14200,3.41,1,0,0,0,0,1,1,0,1,0,1,1,0,1,1,0
USDCAD,2025-08-28,LONG,5,loss,-1.00,1.37514,1.37253,1.38255,2.84,1,0,0,0,0,1,1,0,0,0,1,1,0,0,0,0
USDJPY,2025-08-28,LONG,7,win,2.73,146.99300,146.57200,148.14200,2.73,1,0,0,0,0,1,1,0,1,0,1,1,0,0,1,0
USDJPY,2025-08-28,LONG,7,win,3.54,146.91800,146.57200,148.14200,3.54,1,0,0,0,0,1,1,0,1,0,1,1,0,0,1,0
USDCAD,2025-08-28,LONG,6,loss,-1.00,1.37537,1.37253,1.38255,2.53,1,0,0,0,0,1,1,0,0,0,1,1,1,0,0,0
USDCAD,2025-08-29,LONG,4,loss,-1.00,1.37511,1.37253,1.38255,2.88,1,0,0,0,0,0,1,0,0,0,1,1,0,0,0,0
USDJPY,2025-08-29,LONG,8,loss,-1.00,147.25100,146.98400,148.14200,3.34,1,1,0,0,0,1,1,1,1,0,1,1,0,0,0,0
USDJPY,2025-08-29,LONG,9,win,5.05,146.90500,146.66000,148.14200,5.05,1,0,0,0,0,1,1,1,1,0,1,1,0,1,1,0
USDJPY,2025-08-29,LONG,9,win,3.92,146.96100,146.66000,148.14200,3.92,1,0,0,0,0,1,1,1,1,0,1,1,0,1,1,0
USDCAD,2025-08-29,LONG,4,loss,-1.00,1.37333,1.37211,1.38255,7.56,1,0,0,0,0,0,1,0,0,0,1,1,0,0,0,0
USDCAD,2025-09-01,LONG,4,win,5.22,1.37414,1.37253,1.38255,5.22,1,0,0,0,0,0,1,0,0,0,1,1,0,0,0,0
USDCAD,2025-09-01,LONG,5,loss,-1.00,1.37564,1.37440,1.38255,5.57,1,0,0,0,0,0,1,0,0,0,1,1,0,0,0,1
USDCAD,2025-09-01,LONG,4,win,2.55,1.37497,1.37200,1.38255,2.55,1,0,0,0,0,0,1,0,0,0,1,1,0,0,0,0
GBPUSD,2025-09-03,LONG,5,win,6.51,1.34112,1.33905,1.35460,6.51,1,0,0,0,1,0,1,0,0,0,1,1,0,0,0,0
GBPUSD,2025-09-03,LONG,5,loss,-1.00,1.34475,1.34165,1.35460,3.18,1,0,0,0,1,0,1,0,0,0,1,1,0,0,0,0
GBPUSD,2025-09-03,LONG,4,loss,-1.00,1.34382,1.34165,1.35460,4.97,1,0,0,0,1,0,1,0,0,0,0,1,0,0,0,0
USDJPY,2025-09-05,LONG,6,win,6.16,146.83900,146.57200,148.48500,6.16,1,0,0,0,0,1,1,0,0,0,1,1,0,0,1,0
USDJPY,2025-09-09,LONG,6,loss,-1.00,146.73000,146.21300,148.31500,3.07,1,0,0,0,0,1,1,1,0,0,1,1,0,0,0,0
USDJPY,2025-09-09,LONG,8,loss,-1.00,147.23700,146.81600,148.31500,2.56,1,1,0,0,0,1,1,1,0,0,1,1,0,0,0,1
USDCAD,2025-09-12,LONG,8,loss,-1.00,1.38427,1.38301,1.38879,3.59,1,1,1,0,0,0,1,1,0,1,1,1,0,0,0,0
USDCAD,2025-09-15,LONG,6,loss,-1.00,1.37987,1.37878,1.38879,8.18,1,1,0,0,0,0,1,0,0,1,1,1,0,0,0,0
USDCAD,2025-09-15,LONG,5,loss,-1.00,1.37696,1.37575,1.38879,9.78,1,0,0,0,0,0,1,0,0,1,1,1,0,0,0,0
USDCAD,2025-09-16,LONG,6,win,3.06,1.37456,1.37200,1.38240,3.06,1,0,0,0,0,1,1,0,0,1,1,1,0,0,0,0
USDCAD,2025-09-16,LONG,7,win,2.55,1.37493,1.37200,1.38240,2.55,1,0,0,0,0,1,1,0,0,1,1,1,1,0,0,0
USDCAD,2025-09-17,LONG,6,win,3.59,1.37720,1.37575,1.38240,3.59,1,0,0,0,0,1,1,0,0,0,1,1,1,0,0,0
AUDUSD,2025-09-18,LONG,4,loss,-1.00,0.66125,0.65895,0.66883,3.30,0,0,0,0,1,1,0,0,0,0,1,1,0,0,0,0
GBPUSD,2025-09-18,LONG,7,loss,-1.00,1.35483,1.35237,1.36327,3.43,1,0,0,0,1,1,1,0,0,0,1,1,1,0,0,0
EURUSD,2025-09-19,LONG,8,loss,-1.00,1.17368,1.17013,1.18314,2.66,1,0,1,0,1,1,1,0,1,0,1,1,0,0,0,0
AUDUSD,2025-09-19,LONG,3,loss,-1.00,0.65921,0.65793,0.66517,4.66,0,0,0,0,1,0,0,0,0,0,1,1,0,0,0,0
USDJPY,2025-09-19,SHORT,7,loss,-1.00,148.16400,148.57600,147.11600,2.54,0,1,0,0,1,1,0,0,0,1,1,1,0,0,1,0
AUDUSD,2025-09-19,LONG,4,loss,-1.00,0.65944,0.65793,0.66517,3.79,0,0,0,0,1,0,0,0,0,0,1,1,1,0,0,0
AUDUSD,2025-09-19,LONG,4,loss,-1.00,0.65945,0.65793,0.66517,3.76,0,0,0,0,1,0,0,0,0,0,1,1,1,0,0,0
USDJPY,2025-09-19,SHORT,8,loss,-1.00,147.93900,148.26700,147.11600,2.51,0,1,0,0,1,1,1,0,0,1,1,1,0,0,1,0
AUDUSD,2025-09-22,LONG,4,loss,-1.00,0.65961,0.65793,0.66517,3.31,0,0,0,0,1,0,0,0,0,0,1,1,0,0,0,1
AUDUSD,2025-09-22,LONG,4,loss,-1.00,0.65994,0.65895,0.66517,5.28,0,0,0,0,1,0,0,0,0,0,1,1,0,0,0,1
AUDUSD,2025-09-24,LONG,5,loss,-1.00,0.65855,0.65746,0.66201,3.17,0,0,0,0,1,1,1,0,0,0,1,1,0,0,0,0
EURUSD,2025-09-24,LONG,6,loss,-1.00,1.17416,1.17262,1.17971,3.60,1,0,0,0,1,1,1,0,0,0,1,1,0,0,0,0
EURUSD,2025-09-25,LONG,5,loss,-1.00,1.17401,1.17280,1.17971,4.71,1,0,0,0,1,0,1,0,0,0,1,1,0,0,0,0
EURUSD,2025-09-25,LONG,5,loss,-1.00,1.16723,1.16589,1.17971,9.31,1,0,0,0,1,0,1,0,0,0,1,1,0,0,0,0
EURUSD,2025-09-25,LONG,4,win,2.60,1.16604,1.16298,1.17401,2.60,1,0,0,0,1,0,1,0,0,0,1,0,0,0,0,0
GBPUSD,2025-09-26,LONG,3,win,5.12,1.33501,1.33331,1.34371,5.12,1,0,0,0,1,1,0,0,0,0,0,0,0,0,0,0
USDCHF,2025-09-26,SHORT,10,win,3.59,0.79969,0.80072,0.79599,3.59,1,0,1,0,1,1,1,0,0,1,1,1,1,0,1,0
NZDUSD,2025-10-03,SHORT,5,loss,-1.00,0.58332,0.58426,0.57905,4.54,1,0,0,0,1,0,0,0,0,0,1,1,0,0,0,1
GBPUSD,2025-10-06,LONG,7,loss,-1.00,1.34245,1.34007,1.34942,2.93,1,0,0,0,1,0,1,0,1,1,0,1,0,1,0,0
EURUSD,2025-10-07,LONG,6,loss,-1.00,1.16625,1.16454,1.17093,2.74,1,0,0,0,1,0,1,0,0,1,1,1,0,0,0,0
AUDUSD,2025-10-07,LONG,5,loss,-1.00,0.65860,0.65764,0.66185,3.39,0,0,0,0,1,0,1,0,1,0,1,1,0,0,0,0
USDCHF,2025-10-07,SHORT,7,loss,-1.00,0.79860,0.80000,0.79495,2.61,1,0,0,0,1,1,1,0,0,0,1,1,0,0,1,0
GBPUSD,2025-10-07,LONG,5,loss,-1.00,1.34209,1.34007,1.34757,2.71,1,0,0,0,1,0,1,0,0,1,0,1,0,0,0,0
EURUSD,2025-10-07,LONG,6,loss,-1.00,1.16500,1.16298,1.17093,2.94,1,0,0,0,1,0,1,0,0,1,1,1,0,0,0,0
USDCHF,2025-10-07,SHORT,7,loss,-1.00,0.79878,0.80000,0.79495,3.14,1,0,0,0,1,1,1,0,0,0,1,1,0,0,1,0
AUDUSD,2025-10-08,LONG,4,loss,-1.00,0.65860,0.65764,0.66185,3.39,0,0,0,0,1,0,1,0,0,0,1,1,0,0,0,0
EURUSD,2025-10-09,LONG,3,win,2.77,1.15587,1.15277,1.16447,2.77,1,0,0,0,1,0,0,0,0,1,0,0,0,0,0,0
USDCHF,2025-10-09,SHORT,2,loss,-1.00,0.80594,0.80717,0.80052,4.41,1,0,0,0,1,0,0,0,0,0,0,0,0,0,0,0
USDCHF,2025-10-10,SHORT,3,win,3.98,0.80633,0.80762,0.80120,3.98,1,0,0,0,1,1,0,0,0,0,0,0,0,0,0,0
AUDUSD,2025-10-10,LONG,4,loss,-1.00,0.64926,0.64620,0.65970,3.41,0,1,0,0,1,0,0,0,0,0,1,0,0,0,1,0
AUDUSD,2025-10-10,LONG,4,loss,-1.00,0.64841,0.64620,0.65554,3.23,0,1,0,0,1,0,0,0,0,0,1,0,0,0,1,0
USDCAD,2025-10-21,LONG,5,loss,-1.00,1.40158,1.40050,1.40457,2.77,1,0,0,0,1,0,0,0,0,0,1,1,0,0,1,0
EURUSD,2025-10-22,LONG,4,loss,-1.00,1.15826,1.15423,1.17114,3.20,1,0,0,0,1,1,0,0,0,0,0,1,0,0,0,0
GBPUSD,2025-10-23,LONG,4,loss,-1.00,1.33207,1.33054,1.33738,3.47,1,0,0,0,1,0,0,0,1,0,0,1,0,0,0,0
AUDUSD,2025-10-23,SHORT,7,loss,-1.00,0.65143,0.65246,0.64791,3.42,1,1,0,0,0,1,1,0,0,0,1,1,0,0,1,0
GBPUSD,2025-10-23,LONG,5,loss,-1.00,1.33237,1.33054,1.33738,2.74,1,0,0,0,1,0,0,0,1,0,0,1,1,0,0,0
NZDUSD,2025-10-23,SHORT,4,loss,-1.00,0.57520,0.57606,0.57245,3.20,1,0,0,0,1,0,0,0,0,0,1,1,0,0,0,0
USDCAD,2025-10-23,LONG,8,loss,-1.00,1.39863,1.39753,1.40276,3.75,1,0,0,0,1,1,1,1,0,0,1,1,0,0,1,0
NZDUSD,2025-10-27,SHORT,5,loss,-1.00,0.57658,0.57775,0.57245,3.53,1,0,0,0,1,1,0,0,0,0,1,1,0,0,0,0
NZDUSD,2025-10-27,SHORT,5,loss,-1.00,0.57685,0.57775,0.57245,4.89,1,0,0,0,1,1,0,0,0,0,1,1,0,0,0,0
GBPUSD,2025-10-28,LONG,5,loss,-1.00,1.32769,1.32484,1.33556,2.76,1,1,0,0,1,1,0,0,0,0,0,1,0,0,0,0
GBPUSD,2025-10-28,LONG,5,loss,-1.00,1.32726,1.32484,1.33556,3.43,1,1,0,0,1,1,0,0,0,0,0,1,0,0,0,0
USDCHF,2025-10-29,SHORT,5,loss,-1.00,0.79727,0.79865,0.79284,3.21,1,0,0,0,1,0,1,0,0,0,1,1,0,0,0,0
AUDUSD,2025-10-29,SHORT,3,loss,-1.00,0.65952,0.66119,0.65499,2.71,1,0,0,0,0,1,0,0,0,0,1,0,0,0,0,0
AUDUSD,2025-10-29,SHORT,3,win,4.79,0.66112,0.66240,0.65499,4.79,1,0,0,0,0,1,0,0,0,0,1,0,0,0,0,0
USDCAD,2025-10-29,LONG,9,loss,-1.00,1.39470,1.39313,1.40005,3.41,1,1,1,0,1,1,1,1,0,0,1,1,0,0,0,0
EURUSD,2025-10-30,LONG,6,loss,-1.00,1.15979,1.15767,1.16637,3.10,1,0,0,0,1,1,0,0,1,1,0,1,0,0,0,0
GBPUSD,2025-10-30,LONG,3,loss,-1.00,1.31781,1.31410,1.32780,2.69,1,1,0,0,1,0,0,0,0,0,0,0,0,0,0,0
EURUSD,2025-10-30,LONG,6,loss,-1.00,1.15635,1.15423,1.16182,2.58,1,0,0,0,1,1,0,0,1,1,0,1,0,0,0,0
EURUSD,2025-10-31,LONG,6,loss,-1.00,1.15667,1.15470,1.16182,2.61,1,0,0,0,1,0,0,0,1,1,0,1,1,0,0,0
AUDUSD,2025-11-03,LONG,5,loss,-1.00,0.65480,0.65327,0.65900,2.75,0,0,0,0,1,1,1,0,0,0,1,1,0,0,0,0
EURUSD,2025-11-05,LONG,7,loss,-1.00,1.14881,1.14729,1.15271,2.57,1,0,1,0,1,0,0,0,0,1,0,1,1,0,1,0
EURUSD,2025-11-05,LONG,6,win,3.20,1.14858,1.14729,1.15271,3.20,1,0,1,0,1,0,0,0,0,1,0,1,0,0,1,0
USDCAD,2025-11-11,LONG,8,loss,-1.00,1.40271,1.40005,1.41086,3.06,1,0,1,0,1,1,1,0,0,1,1,1,0,0,0,0
USDCAD,2025-11-12,LONG,10,loss,-1.00,1.40166,1.40005,1.41086,5.71,1,0,1,0,1,1,1,0,0,1,1,1,0,0,1,1
NZDUSD,2025-11-12,SHORT,6,loss,-1.00,0.56605,0.56685,0.56285,4.00,1,0,0,0,1,1,0,0,0,1,1,1,0,0,0,0
GBPUSD,2025-11-21,SHORT,4,loss,-1.00,1.31022,1.31235,1.30449,2.69,0,0,0,0,1,0,0,0,1,0,1,1,0,0,0,0
USDJPY,2025-11-25,LONG,5,loss,-1.00,156.44300,156.20000,157.38400,3.87,1,0,0,0,1,0,0,0,0,0,1,1,0,0,1,0
USDCHF,2025-11-25,SHORT,3,win,2.64,0.81014,0.81240,0.80417,2.64,1,0,0,0,1,0,0,0,0,0,0,1,0,0,0,0
GBPUSD,2025-11-25,SHORT,5,loss,-1.00,1.31767,1.31929,1.30449,8.14,0,1,0,0,1,0,1,0,0,0,1,1,0,0,0,0
USDCAD,2025-11-28,LONG,7,loss,-1.00,1.39403,1.38874,1.40881,2.79,1,1,0,0,1,1,1,0,1,0,1,0,0,0,0,0
USDCAD,2025-12-01,LONG,7,loss,-1.00,1.39647,1.39377,1.40405,2.81,1,1,0,0,1,1,1,0,0,0,1,1,0,0,0,0
USDCAD,2025-12-02,LONG,6,loss,-1.00,1.39716,1.39544,1.40405,4.01,1,1,0,0,1,0,1,0,0,0,1,1,0,0,0,0
USDCAD,2025-12-03,LONG,5,loss,-1.00,1.39491,1.39377,1.40405,8.02,1,1,0,0,1,0,1,0,0,0,0,1,0,0,0,0
GBPUSD,2025-12-03,SHORT,2,loss,-1.00,1.33310,1.33694,1.32290,2.66,0,0,0,0,1,0,0,0,0,0,1,0,0,0,0,0
GBPUSD,2025-12-03,SHORT,2,loss,-1.00,1.33507,1.33694,1.32428,5.77,0,0,0,0,1,0,0,0,0,0,1,0,0,0,0,0
USDCAD,2025-12-05,LONG,3,loss,-1.00,1.38540,1.38110,1.39700,2.70,1,1,0,0,1,0,0,0,0,0,0,0,0,0,0,0
USDCHF,2025-12-05,SHORT,8,loss,-1.00,0.80414,0.80528,0.79959,3.99,1,0,1,0,1,1,1,0,1,1,0,1,0,0,0,0
USDCAD,2025-12-05,LONG,2,loss,-1.00,1.38364,1.38110,1.39463,4.33,1,0,0,0,1,0,0,0,0,0,0,0,0,0,0,0
USDCHF,2025-12-05,SHORT,8,loss,-1.00,0.80432,0.80528,0.79959,4.93,1,0,1,0,1,1,1,0,1,1,0,1,0,0,0,0
USDCHF,2025-12-08,SHORT,5,loss,-1.00,0.80566,0.80710,0.79959,4.22,1,0,0,0,1,0,1,0,0,1,0,1,0,0,0,0
USDCAD,2025-12-11,LONG,2,loss,-1.00,1.37591,1.37261,1.38509,2.78,1,0,0,0,1,0,0,0,0,0,0,0,0,0,0,0
USDCAD,2025-12-15,LONG,4,loss,-1.00,1.37653,1.37529,1.38210,4.49,1,0,0,0,1,0,0,1,0,0,0,1,0,0,0,0
AUDUSD,2025-12-15,LONG,4,loss,-1.00,0.66420,0.66316,0.66686,2.56,0,0,0,0,1,1,0,0,0,0,1,1,0,0,0,0
USDCAD,2025-12-15,LONG,5,loss,-1.00,1.37718,1.37529,1.38210,2.60,1,0,0,0,1,0,0,1,0,0,0,1,0,0,0,1
AUDUSD,2025-12-16,LONG,3,loss,-1.00,0.66369,0.66261,0.66686,2.94,0,0,0,0,1,0,0,0,0,0,1,1,0,0,0,0
USDCAD,2025-12-16,LONG,3,loss,-1.00,1.37474,1.37261,1.38210,3.46,1,0,0,0,1,0,0,0,0,0,0,1,0,0,0,0
AUDUSD,2025-12-16,LONG,3,loss,-1.00,0.66365,0.66261,0.66686,3.09,0,0,0,0,1,0,0,0,0,0,1,1,0,0,0,0
USDCHF,2025-12-26,SHORT,6,loss,-1.00,0.78881,0.78965,0.78647,2.79,1,0,0,0,1,0,0,0,0,1,1,1,0,0,0,1
USDCHF,2025-12-29,SHORT,6,loss,-1.00,0.78922,0.79030,0.78647,2.55,1,0,0,0,1,0,0,1,0,1,1,1,0,0,0,0
USDCHF,2026-01-06,SHORT,6,loss,-1.00,0.79534,0.79674,0.79107,3.05,1,0,0,0,1,1,1,0,0,0,1,1,0,0,0,0
USDCHF,2026-01-07,SHORT,5,loss,-1.00,0.79743,0.79873,0.79107,4.89,1,0,0,0,1,0,1,0,0,0,1,1,0,0,0,0
USDCAD,2026-01-07,SHORT,5,loss,-1.00,1.38448,1.38715,1.37700,2.80,0,1,0,0,1,0,1,0,0,0,1,1,0,0,0,0
EURUSD,2026-01-08,LONG,5,loss,-1.00,1.16775,1.16588,1.17343,3.04,1,0,0,0,1,0,1,0,0,0,1,1,0,0,0,0
USDCAD,2026-01-08,SHORT,5,loss,-1.00,1.38584,1.38715,1.38119,3.55,0,1,0,0,1,0,1,0,0,0,1,1,0,0,0,0
GBPUSD,2026-01-08,LONG,7,loss,-1.00,1.34310,1.34139,1.35001,4.04,1,0,1,0,1,1,1,0,0,0,1,1,0,0,0,0
USDCAD,2026-01-09,SHORT,5,loss,-1.00,1.38707,1.38880,1.38119,3.40,0,1,0,0,1,0,1,0,0,0,1,1,0,0,0,0
