DateTime,Open,High,Low,Close,Volume
2015-01-01,1.20976,1.21073,1.20783,1.20869,288
2015-01-02,1.20871,1.2089,1.20004,1.20017,288
2015-01-03,1.20017,1.20017,1.20017,1.20017,288
2015-01-04,1.20017,1.20017,1.18677,1.19469,288
2015-01-05,1.19469,1.19762,1.18872,1.19374,288
2015-01-06,1.19374,1.19687,1.18461,1.18722,288
2015-01-07,1.18722,1.18966,1.18022,1.18337,288
2015-01-08,1.18337,1.18475,1.17543,1.1792,288
2015-01-09,1.1792,1.1846,1.17629,1.18406,288
2015-01-10,1.18406,1.18406,1.18406,1.18406,288
2015-01-11,1.18406,1.18699,1.18406,1.18697,288
2015-01-12,1.18697,1.18708,1.17861,1.18318,288
2015-01-13,1.18319,1.18596,1.17531,1.1777,288
2015-01-14,1.17771,1.18464,1.17273,1.1784,288
2015-01-15,1.1784,1.17903,1.15675,1.1636,288
2015-01-16,1.16361,1.16487,1.146,1.15626,288
2015-01-17,1.15626,1.15626,1.15626,1.15626,288
2015-01-18,1.15626,1.15735,1.15515,1.15612,288
2015-01-19,1.15614,1.16388,1.15514,1.15947,288
2015-01-20,1.15946,1.1615,1.15405,1.15454,288
2015-01-21,1.15454,1.16799,1.15412,1.16147,288
2015-01-22,1.16146,1.16505,1.1316,1.13467,288
2015-01-23,1.13468,1.1374,1.11146,1.1202,288
2015-01-24,1.1202,1.1202,1.1202,1.1202,288
2015-01-25,1.1202,1.1202,1.10979,1.11417,288
2015-01-26,1.11417,1.12954,1.11381,1.12496,288
2015-01-27,1.12496,1.14225,1.12237,1.13678,288
2015-01-28,1.13678,1.13821,1.12725,1.1283,288
2015-01-29,1.12829,1.13678,1.12619,1.13337,288
2015-01-30,1.13338,1.13635,1.12783,1.1285,288
2015-01-31,1.1285,1.1285,1.1285,1.1285,288
2015-02-01,1.1285,1.13192,1.1285,1.1307,288
2015-02-02,1.1307,1.13621,1.12922,1.13387,288
2015-02-03,1.13386,1.15338,1.13124,1.14565,288
2015-02-04,1.14564,1.14848,1.13039,1.13165,288
2015-02-05,1.13165,1.14988,1.13159,1.14705,288
2015-02-06,1.14705,1.14735,1.13119,1.13128,288
2015-02-07,1.13128,1.13128,1.13128,1.13128,288
2015-02-08,1.13128,1.13254,1.12953,1.13135,288
2015-02-09,1.13135,1.13595,1.12703,1.13242,288
2015-02-10,1.13242,1.13454,1.12729,1.13185,288
2015-02-11,1.13185,1.13516,1.128,1.13108,288
2015-02-12,1.13109,1.14228,1.13034,1.14037,288
2015-02-13,1.14037,1.14427,1.138,1.13877,288
2015-02-14,1.13877,1.13877,1.13877,1.13877,288
2015-02-15,1.13877,1.14006,1.13877,1.13975,288
2015-02-16,1.13975,1.1429,1.13193,1.13322,288
2015-02-17,1.13322,1.14489,1.13218,1.14039,288
2015-02-18,1.14039,1.14156,1.13339,1.13995,288
2015-02-19,1.13995,1.145,1.13552,1.13657,288
2015-02-20,1.13655,1.14297,1.1279,1.13773,288
2015-02-21,1.13772,1.13772,1.13772,1.13772,288
2015-02-22,1.13772,1.13961,1.13771,1.13802,288
2015-02-23,1.13802,1.13932,1.12951,1.13336,288
2015-02-24,1.13336,1.13581,1.12883,1.13393,288
2015-02-25,1.13392,1.13886,1.13358,1.13638,288
2015-02-26,1.13637,1.13796,1.11836,1.12026,288
2015-02-27,1.12024,1.12451,1.11756,1.1197,288
2015-02-28,1.11933,1.11933,1.11933,1.11933,288
2015-03-01,1.11933,1.11933,1.11601,1.11607,288
2015-03-02,1.11609,1.12405,1.11609,1.11766,288
2015-03-03,1.11765,1.12175,1.11546,1.11827,288
2015-03-04,1.11826,1.11856,1.10616,1.1079,288
2015-03-05,1.10791,1.11142,1.09874,1.10316,288
2015-03-06,1.10316,1.10325,1.0839,1.0844,288
2015-03-07,1.0844,1.0844,1.0844,1.0844,288
2015-03-08,1.0844,1.08463,1.08228,1.08446,288
2015-03-09,1.08445,1.09065,1.08296,1.08348,288
2015-03-10,1.08351,1.08368,1.06679,1.07066,288
2015-03-11,1.07065,1.0717,1.05112,1.05477,288
2015-03-12,1.05478,1.06837,1.0494,1.06264,288
2015-03-13,1.06267,1.06347,1.04624,1.04943,288
2015-03-14,1.04943,1.04943,1.04943,1.04943,288
2015-03-15,1.04943,1.05054,1.04697,1.04837,288
2015-03-16,1.04837,1.06193,1.04834,1.05717,288
2015-03-17,1.05715,1.06507,1.05514,1.0595,288
2015-03-18,1.05948,1.10351,1.05799,1.08485,288
2015-03-19,1.08486,1.09193,1.06128,1.06688,288
2015-03-20,1.0669,1.08816,1.06555,1.0816,288
2015-03-21,1.0816,1.0816,1.0816,1.0816,288
2015-03-22,1.0816,1.08828,1.08155,1.08251,288
2015-03-23,1.08253,1.09713,1.07673,1.09441,288
2015-03-24,1.09441,1.10292,1.08904,1.09045,288
2015-03-25,1.09045,1.10144,1.09042,1.09632,288
2015-03-26,1.09631,1.10522,1.08564,1.08848,288
2015-03-27,1.0885,1.09485,1.08011,1.08874,288
2015-03-28,1.08874,1.08874,1.08874,1.08874,288
2015-03-29,1.08874,1.0895,1.08802,1.08828,288
2015-03-30,1.08828,1.08842,1.08098,1.08292,288
2015-03-31,1.08289,1.08455,1.0713,1.07399,288
2015-04-01,1.07398,1.07999,1.07184,1.07695,288
2015-04-02,1.07694,1.0905,1.07502,1.08697,288
2015-04-03,1.08699,1.1027,1.08638,1.09713,288
2015-04-04,1.09713,1.09713,1.09713,1.09713,288
2015-04-05,1.09713,1.10178,1.09713,1.09946,288
2015-04-06,1.09946,1.10356,1.091,1.09343,288
2015-04-07,1.09343,1.09547,1.08032,1.0822,288
2015-04-08,1.0822,1.08873,1.07629,1.07846,288
2015-04-09,1.07848,1.07886,1.06377,1.06665,288
2015-04-10,1.06665,1.06837,1.05679,1.06022,288
2015-04-11,1.06022,1.06022,1.06022,1.06022,288
2015-04-12,1.06022,1.0617,1.05849,1.06064,288
2015-04-13,1.06064,1.0619,1.05203,1.05719,288
2015-04-14,1.05717,1.07074,1.05315,1.06466,288
2015-04-15,1.06466,1.07017,1.05708,1.06763,288
2015-04-16,1.06763,1.08175,1.06247,1.0758,288
2015-04-17,1.07581,1.08487,1.07335,1.08048,288
2015-04-18,1.08048,1.08048,1.08048,1.08048,288
2015-04-19,1.08048,1.0821,1.07887,1.08082,288
2015-04-20,1.08082,1.08185,1.07124,1.07485,288
2015-04-21,1.07485,1.07811,1.06599,1.07384,288
2015-04-22,1.07383,1.08008,1.07086,1.07245,288
2015-04-23,1.07247,1.08452,1.06659,1.08138,288
2015-04-24,1.08138,1.09,1.07848,1.08706,288
2015-04-25,1.08706,1.08706,1.08706,1.08706,288
2015-04-26,1.08706,1.08744,1.08594,1.08655,288
2015-04-27,1.08657,1.09266,1.08192,1.08764,288
2015-04-28,1.08761,1.0991,1.08598,1.09677,288
2015-04-29,1.09678,1.11879,1.09595,1.11121,288
2015-04-30,1.11121,1.12662,1.10712,1.12116,288
2015-05-01,1.12117,1.129,1.11746,1.11948,288
2015-05-02,1.11948,1.11948,1.11948,1.11948,288
2015-05-03,1.11948,1.12005,1.11822,1.11885,288
2015-05-04,1.11885,1.12245,1.11228,1.11487,288
2015-05-05,1.11487,1.12231,1.10663,1.11797,288
2015-05-06,1.11794,1.137,1.1175,1.13391,288
2015-05-07,1.13391,1.13916,1.12282,1.12444,288
2015-05-08,1.12445,1.1288,1.1179,1.12015,288
2015-05-09,1.12,1.12,1.12,1.12,288
2015-05-10,1.12,1.12065,1.11919,1.11958,288
2015-05-11,1.11958,1.12025,1.1131,1.11456,288
2015-05-12,1.11457,1.12787,1.11343,1.12189,288
2015-05-13,1.12187,1.13827,1.12023,1.13469,288
2015-05-14,1.13469,1.14447,1.13406,1.14022,288
2015-05-15,1.14022,1.14669,1.13239,1.14484,288
2015-05-16,1.14501,1.14501,1.14501,1.14501,288
2015-05-17,1.14501,1.14501,1.14375,1.1444,288
2015-05-18,1.14441,1.14468,1.12987,1.13241,288
2015-05-19,1.13242,1.13259,1.11184,1.11425,288
2015-05-20,1.11425,1.11522,1.10621,1.11012,288
2015-05-21,1.11014,1.11813,1.10797,1.11091,288
2015-05-22,1.11092,1.12083,1.10023,1.10074,288
2015-05-23,1.10074,1.10074,1.10074,1.10074,288
2015-05-24,1.10074,1.10095,1.09644,1.09911,288
2015-05-25,1.09911,1.10067,1.0959,1.09682,288
2015-05-26,1.09683,1.09706,1.08633,1.08864,288
2015-05-27,1.08864,1.0929,1.08192,1.08975,288
2015-05-28,1.08975,1.09742,1.08671,1.09624,288
2015-05-29,1.09624,1.10062,1.09258,1.09831,288
2015-05-30,1.09831,1.09831,1.09831,1.09831,288
2015-05-31,1.09831,1.09885,1.09521,1.09571,288
2015-06-01,1.09571,1.0979,1.08873,1.09215,288
2015-06-02,1.09219,1.11942,1.09159,1.11476,288
2015-06-03,1.11477,1.1285,1.10794,1.12609,288
2015-06-04,1.12609,1.13798,1.11798,1.12073,288
2015-06-05,1.12071,1.12801,1.10495,1.11124,288
2015-06-06,1.11103,1.11103,1.11103,1.11103,288
2015-06-07,1.11103,1.11111,1.10945,1.11023,288
2015-06-08,1.11023,1.13068,1.10842,1.128,288
2015-06-09,1.12802,1.13454,1.1214,1.12926,288
2015-06-10,1.12926,1.13865,1.126,1.13099,288
2015-06-11,1.13099,1.13315,1.1182,1.12458,288
2015-06-12,1.12457,1.12965,1.11512,1.12648,288
2015-06-13,1.12631,1.12631,1.12631,1.12631,288
2015-06-14,1.12631,1.12631,1.12086,1.12242,288
2015-06-15,1.1224,1.12944,1.11891,1.12753,288
2015-06-16,1.12752,1.13298,1.12048,1.12413,288
2015-06-17,1.12414,1.13702,1.12065,1.13631,288
2015-06-18,1.13626,1.14364,1.13383,1.13712,288
2015-06-19,1.13714,1.13872,1.1292,1.13487,288
2015-06-20,1.13487,1.13487,1.13487,1.13487,288
2015-06-21,1.13487,1.1378,1.13487,1.13613,288
2015-06-22,1.13613,1.14102,1.1312,1.13451,288
2015-06-23,1.1345,1.1346,1.11351,1.11745,288
2015-06-24,1.11744,1.12347,1.11597,1.12054,288
2015-06-25,1.12056,1.12276,1.11537,1.12025,288
2015-06-26,1.12029,1.12197,1.11301,1.11625,288
2015-06-27,1.11625,1.11625,1.11625,1.11625,288
2015-06-28,1.11625,1.11625,1.09545,1.09743,288
2015-06-29,1.09742,1.12783,1.09742,1.12181,288
2015-06-30,1.12184,1.12435,1.11124,1.11332,288
2015-07-01,1.11318,1.11713,1.10321,1.10368,288
2015-07-02,1.10368,1.11214,1.10365,1.10858,288
2015-07-03,1.10857,1.11177,1.1065,1.11092,288
2015-07-04,1.11092,1.11092,1.11092,1.11092,288
2015-07-05,1.11092,1.11092,1.0969,1.09945,288
2015-07-06,1.09946,1.10954,1.09936,1.10472,288
2015-07-07,1.10474,1.10517,1.09163,1.10074,288
2015-07-08,1.10073,1.10927,1.09743,1.10709,288
2015-07-09,1.10708,1.11249,1.09915,1.10605,288
2015-07-10,1.10606,1.12157,1.10549,1.11519,288
2015-07-11,1.11519,1.11519,1.11519,1.11519,288
2015-07-12,1.11519,1.11519,1.10918,1.11292,288
2015-07-13,1.11292,1.11968,1.0981,1.09825,288
2015-07-14,1.09828,1.10832,1.09653,1.10063,288
2015-07-15,1.10063,1.10355,1.09299,1.09376,288
2015-07-16,1.09376,1.09482,1.08553,1.08833,288
2015-07-17,1.08833,1.09069,1.08279,1.08279,288
2015-07-18,1.08261,1.08261,1.08261,1.08261,288
2015-07-19,1.08261,1.0844,1.08261,1.083,288
2015-07-20,1.08299,1.08702,1.08086,1.08333,288
2015-07-21,1.08334,1.09685,1.08116,1.09364,288
2015-07-22,1.09363,1.09666,1.08693,1.0924,288
2015-07-23,1.0924,1.10179,1.09216,1.09871,288
2015-07-24,1.0987,1.09957,1.09253,1.09812,288
2015-07-25,1.09795,1.09795,1.09795,1.09795,288
2015-07-26,1.09795,1.09827,1.09689,1.09721,288
2015-07-27,1.09723,1.11292,1.0971,1.10884,288
2015-07-28,1.10884,1.10996,1.10221,1.1065,288
2015-07-29,1.10651,1.1084,1.09669,1.09812,288
2015-07-30,1.09815,1.09847,1.08933,1.09404,288
2015-07-31,1.09404,1.1114,1.09211,1.0983,288
2015-08-01,1.0983,1.0983,1.0983,1.0983,288
2015-08-02,1.0983,1.0983,1.0966,1.09674,288
2015-08-03,1.09675,1.09957,1.09413,1.09506,288
2015-08-04,1.09507,1.09875,1.08789,1.0885,288
2015-08-05,1.08849,1.09342,1.08481,1.09029,288
2015-08-06,1.09029,1.09439,1.08737,1.09223,288
2015-08-07,1.09223,1.09783,1.08553,1.09647,288
2015-08-08,1.09618,1.09618,1.09618,1.09618,288
2015-08-09,1.09618,1.09675,1.09581,1.09583,288
2015-08-10,1.09583,1.10414,1.09254,1.10155,288
2015-08-11,1.10155,1.10882,1.09604,1.10417,288
2015-08-12,1.10416,1.12133,1.10242,1.11546,288
2015-08-13,1.11547,1.1189,1.108,1.11581,288
2015-08-14,1.11581,1.11887,1.10978,1.11079,288
2015-08-15,1.11062,1.11062,1.11062,1.11062,288
2015-08-16,1.11062,1.11177,1.10913,1.1094,288
2015-08-17,1.1094,1.11249,1.10588,1.10755,288
2015-08-18,1.10756,1.10938,1.10175,1.10298,288
2015-08-19,1.10298,1.11342,1.10178,1.11181,288
2015-08-20,1.11181,1.12446,1.11072,1.12349,288
2015-08-21,1.12349,1.13887,1.123,1.13828,288
2015-08-22,1.13828,1.13828,1.13828,1.13828,288
2015-08-23,1.13828,1.1395,1.13697,1.13761,288
2015-08-24,1.13761,1.17139,1.13692,1.15804,288
2015-08-25,1.15806,1.15845,1.13968,1.1553,288
2015-08-26,1.15534,1.15609,1.12914,1.13388,288
2015-08-27,1.13386,1.13644,1.1203,1.1243,288
2015-08-28,1.12429,1.13097,1.11559,1.118,288
2015-08-29,1.118,1.118,1.118,1.118,288
2015-08-30,1.118,1.12152,1.11693,1.12111,288
2015-08-31,1.12111,1.12624,1.11803,1.1224,288
2015-09-01,1.1224,1.1332,1.12232,1.12954,288
2015-09-02,1.12952,1.13005,1.12113,1.12118,288
2015-09-03,1.12122,1.12434,1.10873,1.1124,288
2015-09-04,1.11239,1.11895,1.10898,1.11499,288
2015-09-05,1.11499,1.11499,1.11499,1.11499,288
2015-09-06,1.11499,1.11628,1.11421,1.1154,288
2015-09-07,1.11539,1.11778,1.11213,1.11594,288
2015-09-08,1.11594,1.12296,1.11525,1.12066,288
2015-09-09,1.12067,1.12246,1.11317,1.1218,288
2015-09-10,1.12181,1.13018,1.11717,1.12823,288
2015-09-11,1.12824,1.13495,1.12542,1.13348,288
2015-09-12,1.13348,1.13348,1.13348,1.13348,288
2015-09-13,1.13348,1.13593,1.13265,1.1342,288
2015-09-14,1.1342,1.13732,1.12834,1.1308,288
2015-09-15,1.1308,1.13287,1.12588,1.12701,288
2015-09-16,1.12701,1.13204,1.1214,1.12907,288
2015-09-17,1.12908,1.14413,1.12846,1.14022,288
2015-09-18,1.14022,1.14599,1.12694,1.12974,288
2015-09-19,1.12974,1.12974,1.12974,1.12974,288
2015-09-20,1.12974,1.12975,1.12807,1.12906,288
2015-09-21,1.12906,1.13299,1.11812,1.1188,288
2015-09-22,1.11881,1.12075,1.11132,1.11203,288
2015-09-23,1.11203,1.12129,1.11051,1.11874,288
2015-09-24,1.11874,1.12958,1.116,1.118,288
2015-09-25,1.11799,1.12131,1.11161,1.11922,288
2015-09-26,1.11912,1.11912,1.11912,1.11912,288
2015-09-27,1.11912,1.12007,1.11831,1.11993,288
2015-09-28,1.11993,1.12477,1.11468,1.12292,288
2015-09-29,1.12293,1.12813,1.11939,1.1253,288
2015-09-30,1.12531,1.12614,1.11574,1.11704,288
2015-10-01,1.11704,1.1209,1.11351,1.11918,288
2015-10-02,1.11917,1.13183,1.11505,1.12077,288
2015-10-03,1.12065,1.12065,1.12065,1.12065,288
2015-10-04,1.12065,1.12247,1.12065,1.12192,288
2015-10-05,1.1219,1.12892,1.11734,1.11952,288
2015-10-06,1.11952,1.12796,1.1172,1.12676,288
2015-10-07,1.12676,1.12841,1.12115,1.12378,288
2015-10-08,1.12377,1.13273,1.12377,1.12844,288
2015-10-09,1.12843,1.13871,1.12671,1.13571,288
2015-10-10,1.13566,1.13566,1.13566,1.13566,288
2015-10-11,1.13566,1.13692,1.13544,1.13675,288
2015-10-12,1.13675,1.13968,1.13517,1.13518,288
2015-10-13,1.13519,1.1411,1.13442,1.13833,288
2015-10-14,1.13836,1.14891,1.13832,1.14736,288
2015-10-15,1.14736,1.1495,1.13632,1.13663,288
2015-10-16,1.13662,1.1395,1.13344,1.13466,288
2015-10-17,1.13466,1.13466,1.13466,1.13466,288
2015-10-18,1.13466,1.13606,1.13466,1.13578,288
2015-10-19,1.13578,1.13789,1.13058,1.13285,288
2015-10-20,1.13286,1.13871,1.1324,1.13543,288
2015-10-21,1.13544,1.13775,1.13345,1.13459,288
2015-10-22,1.13459,1.13509,1.10719,1.10818,288
2015-10-23,1.1082,1.11398,1.09966,1.10165,288
2015-10-24,1.10165,1.10165,1.10165,1.10165,288
2015-10-25,1.10165,1.10245,1.09993,1.10186,288
2015-10-26,1.10186,1.10682,1.10039,1.10589,288
2015-10-27,1.10589,1.10784,1.10303,1.10325,288
2015-10-28,1.10327,1.10956,1.08969,1.09236,288
2015-10-29,1.09236,1.09978,1.09036,1.09886,288
2015-10-30,1.09886,1.10722,1.09655,1.10033,288
2015-10-31,1.10033,1.10033,1.10033,1.10033,288
2015-11-01,1.10033,1.10377,1.10033,1.10228,288
2015-11-02,1.10227,1.10525,1.10002,1.10146,288
2015-11-03,1.10145,1.10301,1.09363,1.09617,288
2015-11-04,1.09617,1.09657,1.08442,1.08636,288
2015-11-05,1.08635,1.08972,1.08336,1.08835,288
2015-11-06,1.08834,1.08937,1.07056,1.07377,288
2015-11-07,1.07369,1.07369,1.07369,1.07369,288
2015-11-08,1.07369,1.07369,1.07195,1.07292,288
2015-11-09,1.07291,1.07899,1.07266,1.07599,288
2015-11-10,1.07601,1.0764,1.06744,1.07366,288
2015-11-11,1.07365,1.07737,1.07059,1.07633,288
2015-11-12,1.07633,1.083,1.06912,1.08081,288
2015-11-13,1.08082,1.08094,1.0714,1.07701,288
2015-11-14,1.07701,1.07701,1.07701,1.07701,288
2015-11-15,1.07701,1.07701,1.06868,1.07001,288
2015-11-16,1.07002,1.0758,1.06745,1.06871,288
2015-11-17,1.06873,1.06906,1.06308,1.0643,288
2015-11-18,1.0643,1.06923,1.06168,1.06712,288
2015-11-19,1.06712,1.07629,1.06671,1.07258,288
2015-11-20,1.07258,1.07281,1.06398,1.0645,288
2015-11-21,1.0645,1.0645,1.0645,1.0645,288
2015-11-22,1.0645,1.0646,1.06353,1.06372,288
2015-11-23,1.06375,1.06567,1.05926,1.06364,288
2015-11-24,1.06363,1.06734,1.06196,1.06428,288
2015-11-25,1.06427,1.06892,1.0566,1.06229,288
2015-11-26,1.06228,1.06272,1.05999,1.06063,288
2015-11-27,1.06063,1.0638,1.05684,1.05923,288
2015-11-28,1.05923,1.05923,1.05923,1.05923,288
2015-11-29,1.05923,1.05939,1.05817,1.0583,288
2015-11-30,1.05831,1.0595,1.05579,1.05697,288
2015-12-01,1.05696,1.0637,1.05632,1.06262,288
2015-12-02,1.06263,1.06324,1.05508,1.06104,288
2015-12-03,1.06105,1.09812,1.0522,1.09177,288
2015-12-04,1.09176,1.09562,1.08361,1.08818,288
2015-12-05,1.08818,1.08818,1.08818,1.08818,288
2015-12-06,1.08818,1.08871,1.08684,1.08809,288
2015-12-07,1.0881,1.08811,1.0796,1.08335,288
2015-12-08,1.08336,1.09023,1.08301,1.08923,288
2015-12-09,1.08922,1.10426,1.08791,1.10147,288
2015-12-10,1.10149,1.10214,1.09252,1.09468,288
2015-12-11,1.09468,1.10307,1.09265,1.09928,288
2015-12-12,1.09928,1.09928,1.09928,1.09928,288
2015-12-13,1.09928,1.09928,1.09673,1.09804,288
2015-12-14,1.09804,1.10485,1.09455,1.09912,288
2015-12-15,1.09912,1.10596,1.09046,1.09338,288
2015-12-16,1.09338,1.10116,1.08658,1.08732,288
2015-12-17,1.08735,1.08875,1.08026,1.08426,288
2015-12-18,1.08428,1.08745,1.08049,1.08632,288
2015-12-19,1.08632,1.08632,1.08632,1.08632,288
2015-12-20,1.08632,1.08751,1.08483,1.08695,288
2015-12-21,1.08695,1.09389,1.08479,1.09108,288
2015-12-22,1.0911,1.09842,1.09022,1.09486,288
2015-12-23,1.09485,1.09528,1.087,1.0908,288
2015-12-24,1.09081,1.09677,1.0908,1.09665,288
2015-12-25,1.09667,1.09734,1.09431,1.09646,288
2015-12-26,1.09646,1.09646,1.09646,1.09646,288
2015-12-27,1.09646,1.09703,1.09479,1.09637,288
2015-12-28,1.09642,1.09923,1.09559,1.09745,288
2015-12-29,1.09746,1.09917,1.08991,1.09256,288
2015-12-30,1.09256,1.09436,1.0902,1.0935,288
2015-12-31,1.09349,1.09372,1.08529,1.08564,288
2016-01-01,1.08564,1.08564,1.08564,1.08564,288
2016-01-02,1.08564,1.08564,1.08564,1.08564,288
2016-01-03,1.08564,1.0873,1.08451,1.08516,288
2016-01-04,1.08515,1.09463,1.07812,1.08237,288
2016-01-05,1.08239,1.08388,1.07107,1.07502,288
2016-01-06,1.07503,1.07993,1.07148,1.07766,288
2016-01-07,1.07766,1.09401,1.0771,1.09255,288
2016-01-08,1.09255,1.09299,1.08033,1.09235,288
2016-01-09,1.09235,1.09235,1.09235,1.09235,288
2016-01-10,1.09235,1.09697,1.09172,1.09371,288
2016-01-11,1.09371,1.09454,1.08479,1.08563,288
2016-01-12,1.08562,1.09002,1.08197,1.0843,288
2016-01-13,1.0843,1.08885,1.08049,1.08853,288
2016-01-14,1.08854,1.09432,1.08346,1.0857,288
2016-01-15,1.0857,1.09846,1.08563,1.0915,288
2016-01-16,1.0915,1.0915,1.0915,1.0915,288
2016-01-17,1.0915,1.09276,1.09073,1.09183,288
2016-01-18,1.09183,1.09237,1.08689,1.08925,288
2016-01-19,1.08925,1.09389,1.08595,1.09105,288
2016-01-20,1.09106,1.0976,1.08732,1.08746,288
2016-01-21,1.08745,1.0921,1.0778,1.0858,288
2016-01-22,1.08581,1.08629,1.07892,1.07947,288
2016-01-23,1.07947,1.07947,1.07947,1.07947,288
2016-01-24,1.07947,1.07977,1.07893,1.07971,288
2016-01-25,1.0797,1.08569,1.07899,1.08524,288
2016-01-26,1.08523,1.08743,1.08187,1.08617,288
2016-01-27,1.08616,1.09164,1.08507,1.0902,288
2016-01-28,1.0902,1.09676,1.08697,1.09352,288
2016-01-29,1.09353,1.09485,1.081,1.083,288
2016-01-30,1.083,1.083,1.083,1.083,288
2016-01-31,1.083,1.0834,1.08147,1.08253,288
2016-02-01,1.08253,1.09128,1.08242,1.08958,288
2016-02-02,1.08957,1.09399,1.08924,1.09184,288
2016-02-03,1.09187,1.11455,1.09038,1.10929,288
2016-02-04,1.10928,1.12389,1.10696,1.11994,288
2016-02-05,1.11994,1.1247,1.11088,1.11561,288
2016-02-06,1.11561,1.11561,1.11561,1.11561,288
2016-02-07,1.11561,1.11561,1.11417,1.11434,288
2016-02-08,1.11434,1.12159,1.10865,1.1189,288
2016-02-09,1.1189,1.13379,1.11624,1.1288,288
2016-02-10,1.1288,1.13115,1.11606,1.12838,288
2016-02-11,1.12839,1.13762,1.12741,1.13159,288
2016-02-12,1.13161,1.13338,1.12141,1.12532,288
2016-02-13,1.12532,1.12532,1.12532,1.12532,288
2016-02-14,1.12532,1.12532,1.12156,1.12232,288
2016-02-15,1.12232,1.12389,1.1128,1.11762,288
2016-02-16,1.11762,1.11931,1.11242,1.11429,288
2016-02-17,1.1143,1.1179,1.1106,1.11204,288
2016-02-18,1.11205,1.11497,1.1071,1.11075,288
2016-02-19,1.11075,1.11392,1.10669,1.11284,288
2016-02-20,1.11284,1.11284,1.11284,1.11284,288
2016-02-21,1.11284,1.11284,1.11101,1.11218,288
2016-02-22,1.11221,1.11238,1.10032,1.10251,288
2016-02-23,1.10251,1.10527,1.09901,1.10234,288
2016-02-24,1.10232,1.10461,1.09573,1.1014,288
2016-02-25,1.1014,1.10498,1.09867,1.10231,288
2016-02-26,1.10231,1.10683,1.09116,1.093,288
2016-02-27,1.093,1.093,1.093,1.093,288
2016-02-28,1.093,1.093,1.09117,1.09244,288
2016-02-29,1.09243,1.09625,1.08593,1.08853,288
2016-03-01,1.08853,1.08935,1.08342,1.08761,288
2016-03-02,1.0876,1.08809,1.08255,1.08692,288
2016-03-03,1.08693,1.09727,1.08536,1.09455,288
2016-03-04,1.09456,1.10434,1.09034,1.10055,288
2016-03-05,1.10055,1.10055,1.10055,1.10055,288
2016-03-06,1.10055,1.10055,1.0988,1.09913,288
2016-03-07,1.09913,1.10258,1.094,1.10123,288
2016-03-08,1.10123,1.10578,1.09936,1.10002,288
2016-03-09,1.10001,1.10349,1.09461,1.09858,288
2016-03-10,1.09859,1.12179,1.08222,1.11763,288
2016-03-11,1.11763,1.12096,1.10803,1.11468,288
2016-03-12,1.11468,1.11468,1.11468,1.11468,288
2016-03-13,1.11468,1.11763,1.11339,1.11651,288
2016-03-14,1.11651,1.11666,1.10779,1.10999,288
2016-03-15,1.11,1.11248,1.10719,1.1107,288
2016-03-16,1.11071,1.12421,1.10579,1.12161,288
2016-03-17,1.12161,1.13425,1.12055,1.13152,288
2016-03-18,1.13151,1.13368,1.12562,1.12696,288
2016-03-19,1.12696,1.12696,1.12696,1.12696,288
2016-03-20,1.12696,1.12809,1.12575,1.12744,288
2016-03-21,1.12744,1.12848,1.1233,1.12349,288
2016-03-22,1.1235,1.12599,1.11885,1.12211,288
2016-03-23,1.12211,1.12211,1.11594,1.11779,288
2016-03-24,1.11778,1.11877,1.11442,1.11644,288
2016-03-25,1.11644,1.11757,1.11529,1.11624,288
2016-03-26,1.11624,1.11624,1.11624,1.11624,288
2016-03-27,1.11624,1.11665,1.11559,1.11571,288
2016-03-28,1.11572,1.12198,1.1153,1.12007,288
2016-03-29,1.12007,1.13033,1.1169,1.12892,288
2016-03-30,1.12893,1.13654,1.12863,1.13327,288
2016-03-31,1.13326,1.14118,1.13101,1.13785,288
2016-04-01,1.13785,1.14379,1.13347,1.13899,288
2016-04-02,1.13899,1.13899,1.13899,1.13899,288
2016-04-03,1.13899,1.14,1.13878,1.13946,288
2016-04-04,1.13952,1.14125,1.13574,1.13865,288
2016-04-05,1.13857,1.1405,1.13359,1.13805,288
2016-04-06,1.13805,1.14316,1.13266,1.14001,288
2016-04-07,1.14002,1.14539,1.13376,1.13668,288
2016-04-08,1.13667,1.14193,1.13491,1.1395,288
2016-04-09,1.1395,1.1395,1.1395,1.1395,288
2016-04-10,1.1395,1.14144,1.1395,1.14047,288
2016-04-11,1.14047,1.14473,1.13723,1.14102,288
2016-04-12,1.14101,1.14649,1.13453,1.13831,288
2016-04-13,1.1383,1.13912,1.12682,1.12779,288
2016-04-14,1.12779,1.12948,1.12339,1.12651,288
2016-04-15,1.1265,1.13169,1.12457,1.12823,288
2016-04-16,1.12823,1.12823,1.12823,1.12823,288
2016-04-17,1.12823,1.13018,1.12823,1.12975,288
2016-04-18,1.12978,1.13321,1.12737,1.13077,288
2016-04-19,1.13078,1.13845,1.13034,1.13583,288
2016-04-20,1.13583,1.13876,1.12905,1.13022,288
2016-04-21,1.13024,1.13981,1.12699,1.12902,288
2016-04-22,1.12902,1.13087,1.12181,1.12227,288
2016-04-23,1.12227,1.12227,1.12227,1.12227,288
2016-04-24,1.12227,1.12338,1.1215,1.12312,288
2016-04-25,1.12312,1.12781,1.12235,1.12664,288
2016-04-26,1.12663,1.13397,1.12562,1.12959,288
2016-04-27,1.12959,1.1361,1.12715,1.13264,288
2016-04-28,1.13264,1.13679,1.12959,1.13571,288
2016-04-29,1.13569,1.14592,1.13562,1.14503,288
2016-04-30,1.14503,1.14503,1.14503,1.14503,288
2016-05-01,1.14503,1.14659,1.14503,1.14608,288
2016-05-02,1.14608,1.1536,1.14482,1.15234,288
2016-05-03,1.15232,1.16162,1.14929,1.15008,288
2016-05-04,1.1501,1.15294,1.14661,1.1491,288
2016-05-05,1.14908,1.14938,1.13859,1.14004,288
2016-05-06,1.14004,1.14802,1.13866,1.14021,288
2016-05-07,1.14023,1.14023,1.14023,1.14023,288
2016-05-08,1.14023,1.14023,1.13838,1.13853,288
2016-05-09,1.13857,1.14199,1.13753,1.13832,288
2016-05-10,1.13831,1.14098,1.13587,1.1373,288
2016-05-11,1.13732,1.14466,1.13724,1.1424,288
2016-05-12,1.1424,1.14291,1.13706,1.13742,288
2016-05-13,1.13741,1.13785,1.1283,1.13097,288
2016-05-14,1.13097,1.13097,1.13097,1.13097,288
2016-05-15,1.13097,1.13195,1.13021,1.13172,288
2016-05-16,1.13173,1.13422,1.13029,1.13151,288
2016-05-17,1.13151,1.13487,1.1302,1.1314,288
2016-05-18,1.13141,1.13161,1.12141,1.12195,288
2016-05-19,1.12196,1.12299,1.11801,1.12019,288
2016-05-20,1.1202,1.12375,1.11963,1.12222,288
2016-05-21,1.12222,1.12222,1.12222,1.12222,288
2016-05-22,1.12222,1.12229,1.12081,1.12204,288
2016-05-23,1.12204,1.12428,1.11875,1.12129,288
2016-05-24,1.12131,1.12271,1.11324,1.11352,288
2016-05-25,1.11352,1.11669,1.11289,1.11549,288
2016-05-26,1.11549,1.12168,1.11542,1.11915,288
2016-05-27,1.11915,1.12007,1.11109,1.11116,288
2016-05-28,1.11116,1.11116,1.11116,1.11116,288
2016-05-29,1.11116,1.11154,1.11068,1.11082,288
2016-05-30,1.1108,1.11495,1.10978,1.11475,288
2016-05-31,1.11476,1.11734,1.11222,1.1134,288
2016-06-01,1.11339,1.11939,1.11141,1.11875,288
2016-06-02,1.11874,1.12199,1.11453,1.11515,288
2016-06-03,1.11516,1.13736,1.11367,1.13658,288
2016-06-04,1.13658,1.13658,1.13658,1.13658,288
2016-06-05,1.13658,1.13715,1.13448,1.13512,288
2016-06-06,1.13511,1.13926,1.13263,1.13627,288
2016-06-07,1.13628,1.13804,1.13386,1.13557,288
2016-06-08,1.13557,1.14106,1.13545,1.14024,288
2016-06-09,1.14026,1.14155,1.13056,1.13097,288
2016-06-10,1.13098,1.13214,1.12452,1.12498,288
2016-06-11,1.12498,1.12498,1.12498,1.12498,288
2016-06-12,1.12498,1.1253,1.12339,1.12381,288
2016-06-13,1.12379,1.13028,1.12323,1.12877,288
2016-06-14,1.12877,1.12985,1.11889,1.12103,288
2016-06-15,1.12103,1.12975,1.11897,1.12611,288
2016-06-16,1.1261,1.12949,1.1131,1.12696,288
2016-06-17,1.12714,1.12962,1.12231,1.12732,288
2016-06-18,1.12732,1.12732,1.12732,1.12732,288
2016-06-19,1.12732,1.13579,1.12732,1.13469,288
2016-06-20,1.13468,1.13824,1.1302,1.13216,288
2016-06-21,1.13216,1.13495,1.12401,1.12494,288
2016-06-22,1.12495,1.13475,1.12366,1.13256,288
2016-06-23,1.13257,1.14278,1.12693,1.13328,288
2016-06-24,1.13332,1.13372,1.09116,1.10913,288
2016-06-25,1.10913,1.10913,1.10913,1.10913,288
2016-06-26,1.10913,1.10913,1.10072,1.10392,288
2016-06-27,1.10395,1.10837,1.09709,1.10137,288
2016-06-28,1.10136,1.11116,1.10128,1.10753,288
2016-06-29,1.10753,1.11303,1.10494,1.1122,288
2016-06-30,1.11221,1.11545,1.10241,1.1103,288
2016-07-01,1.11029,1.11693,1.1072,1.11365,288
2016-07-02,1.11365,1.11365,1.11365,1.11365,288
2016-07-03,1.11365,1.1137,1.1125,1.11273,288
2016-07-04,1.11273,1.11595,1.10979,1.11444,288
2016-07-05,1.11443,1.11863,1.10581,1.10635,288
2016-07-06,1.10634,1.11116,1.10291,1.10968,288
2016-07-07,1.10968,1.11072,1.10526,1.10636,288
2016-07-08,1.10634,1.11201,1.10018,1.10497,288
2016-07-09,1.10497,1.10497,1.10497,1.10497,288
2016-07-10,1.10497,1.10532,1.10419,1.10439,288
2016-07-11,1.10439,1.10746,1.10159,1.10567,288
2016-07-12,1.10567,1.11259,1.10521,1.106,288
2016-07-13,1.106,1.11199,1.1042,1.10949,288
2016-07-14,1.10948,1.11648,1.10884,1.11062,288
2016-07-15,1.11062,1.11488,1.10248,1.10295,288
2016-07-16,1.10295,1.10295,1.10295,1.10295,288
2016-07-17,1.10295,1.10605,1.10295,1.10558,288
2016-07-18,1.10561,1.10842,1.10376,1.10682,288
2016-07-19,1.10681,1.10804,1.1,1.10135,288
2016-07-20,1.10135,1.10301,1.09815,1.10163,288
2016-07-21,1.10163,1.10599,1.09796,1.1032,288
2016-07-22,1.1032,1.1041,1.09555,1.09754,288
2016-07-23,1.09754,1.09754,1.09754,1.09754,288
2016-07-24,1.09754,1.09755,1.0963,1.0969,288
2016-07-25,1.0969,1.09987,1.09519,1.09891,288
2016-07-26,1.09891,1.10298,1.09783,1.09871,288
2016-07-27,1.09871,1.10737,1.09612,1.10671,288
2016-07-28,1.10671,1.11195,1.10591,1.10825,288
2016-07-29,1.10825,1.11974,1.10727,1.11726,288
2016-07-30,1.11726,1.11726,1.11726,1.11726,288
2016-07-31,1.11726,1.11836,1.11656,1.11671,288
2016-08-01,1.11672,1.11814,1.11552,1.11669,288
2016-08-02,1.11669,1.12336,1.11622,1.12178,288
2016-08-03,1.12178,1.1219,1.11406,1.11501,288
2016-08-04,1.11501,1.11563,1.1114,1.11347,288
2016-08-05,1.11347,1.11612,1.10458,1.10854,288
2016-08-06,1.10854,1.10854,1.10854,1.10854,288
2016-08-07,1.10854,1.10923,1.10777,1.10869,288
2016-08-08,1.10868,1.11049,1.10721,1.1085,288
2016-08-09,1.1085,1.11225,1.10705,1.11176,288
2016-08-10,1.11176,1.11914,1.1117,1.1185,288
2016-08-11,1.1185,1.11901,1.1135,1.11382,288
2016-08-12,1.11382,1.12213,1.11313,1.11621,288
2016-08-13,1.11621,1.11621,1.11621,1.11621,288
2016-08-14,1.11621,1.11687,1.1157,1.11641,288
2016-08-15,1.11642,1.12034,1.11538,1.11818,288
2016-08-16,1.11819,1.13223,1.11774,1.12759,288
2016-08-17,1.12759,1.13159,1.12407,1.12989,288
2016-08-18,1.12989,1.13663,1.12951,1.13475,288
2016-08-19,1.13471,1.13488,1.13042,1.13216,288
2016-08-20,1.13216,1.13216,1.13216,1.13216,288
2016-08-21,1.13216,1.13226,1.12943,1.12977,288
2016-08-22,1.12978,1.13306,1.1271,1.13172,288
2016-08-23,1.13171,1.13553,1.12996,1.13016,288
2016-08-24,1.13016,1.13115,1.12452,1.12609,288
2016-08-25,1.12609,1.12974,1.12592,1.12865,288
2016-08-26,1.12865,1.13408,1.11804,1.11951,288
2016-08-27,1.11953,1.11953,1.11953,1.11953,288
2016-08-28,1.11953,1.12006,1.11752,1.11974,288
2016-08-29,1.11975,1.12077,1.1158,1.11904,288
2016-08-30,1.11904,1.11907,1.11321,1.11498,288
2016-08-31,1.11498,1.11654,1.11232,1.11562,288
2016-09-01,1.11564,1.12051,1.11276,1.11985,288
2016-09-02,1.11985,1.12521,1.11503,1.11539,288
2016-09-03,1.11539,1.11539,1.11539,1.11539,288
2016-09-04,1.11539,1.11591,1.11528,1.1158,288
2016-09-05,1.1158,1.11824,1.11395,1.11504,288
2016-09-06,1.11504,1.12631,1.11409,1.12457,288
2016-09-07,1.12458,1.12714,1.1229,1.12381,288
2016-09-08,1.12381,1.13269,1.12345,1.12684,288
2016-09-09,1.12682,1.1285,1.11985,1.12318,288
2016-09-10,1.12318,1.12318,1.12318,1.12318,288
2016-09-11,1.12318,1.12407,1.12293,1.12406,288
2016-09-12,1.12406,1.12684,1.12103,1.12404,288
2016-09-13,1.12404,1.12602,1.12039,1.12191,288
2016-09-14,1.12191,1.1274,1.12137,1.1245,288
2016-09-15,1.1245,1.12843,1.1219,1.12468,288
2016-09-16,1.12469,1.1248,1.11495,1.11509,288
2016-09-17,1.11509,1.11509,1.11509,1.11509,288
2016-09-18,1.11509,1.11608,1.11497,1.11577,288
2016-09-19,1.11576,1.11978,1.11507,1.11771,288
2016-09-20,1.11771,1.12134,1.11495,1.1153,288
2016-09-21,1.1153,1.11966,1.1123,1.1189,288
2016-09-22,1.1189,1.12573,1.11849,1.12081,288
2016-09-23,1.12081,1.12405,1.11938,1.12237,288
2016-09-24,1.12237,1.12237,1.12237,1.12237,288
2016-09-25,1.12237,1.1241,1.12228,1.12373,288
2016-09-26,1.12373,1.12792,1.12211,1.125,288
2016-09-27,1.12501,1.12589,1.1191,1.1217,288
2016-09-28,1.1217,1.12369,1.1182,1.12233,288
2016-09-29,1.12233,1.12497,1.11968,1.12186,288
2016-09-30,1.12187,1.12507,1.11533,1.12392,288
2016-10-01,1.12392,1.12392,1.12392,1.12392,288
2016-10-02,1.12392,1.12442,1.12272,1.12328,288
2016-10-03,1.12328,1.12416,1.12052,1.12091,288
2016-10-04,1.12093,1.12391,1.11379,1.12091,288
2016-10-05,1.12091,1.12333,1.11897,1.12059,288
2016-10-06,1.12059,1.12103,1.11252,1.11418,288
2016-10-07,1.11418,1.12051,1.11043,1.11986,288
2016-10-08,1.11967,1.11967,1.11967,1.11967,288
2016-10-09,1.11967,1.12032,1.11799,1.11945,288
2016-10-10,1.11945,1.12003,1.11314,1.11405,288
2016-10-11,1.11405,1.11405,1.10488,1.10573,288
2016-10-12,1.10574,1.10611,1.10044,1.10103,288
2016-10-13,1.10103,1.10581,1.09855,1.10479,288
2016-10-14,1.1048,1.10565,1.09705,1.09715,288
2016-10-15,1.09697,1.09697,1.09697,1.09697,288
2016-10-16,1.09697,1.09729,1.09653,1.09656,288
2016-10-17,1.09656,1.10141,1.09638,1.10109,288
2016-10-18,1.10107,1.10263,1.097,1.09746,288
2016-10-19,1.09746,1.10048,1.0955,1.09744,288
2016-10-20,1.09744,1.10392,1.09159,1.09293,288
2016-10-21,1.09293,1.09295,1.08592,1.08818,288
2016-10-22,1.08818,1.08818,1.08818,1.08818,288
2016-10-23,1.08818,1.08843,1.08742,1.088,288
2016-10-24,1.088,1.08996,1.08596,1.08729,288
2016-10-25,1.0873,1.0905,1.08511,1.08861,288
2016-10-26,1.0886,1.09464,1.08744,1.09095,288
2016-10-27,1.09095,1.09422,1.08826,1.0897,288
2016-10-28,1.08971,1.09917,1.0895,1.09824,288
2016-10-29,1.09824,1.09824,1.09824,1.09824,288
2016-10-30,1.09824,1.09912,1.09756,1.0982,288
2016-10-31,1.09821,1.09826,1.09359,1.09707,288
2016-11-01,1.09708,1.1069,1.09599,1.10553,288
2016-11-02,1.10555,1.1123,1.10496,1.10939,288
2016-11-03,1.1094,1.11259,1.10596,1.10995,288
2016-11-04,1.10994,1.11412,1.10798,1.11378,288
2016-11-05,1.11379,1.11379,1.11379,1.11379,288
2016-11-06,1.11379,1.11379,1.10566,1.10945,288
2016-11-07,1.10946,1.11103,1.10274,1.1049,288
2016-11-08,1.10489,1.10669,1.10047,1.10177,288
2016-11-09,1.10178,1.12995,1.0907,1.09196,288
2016-11-10,1.09193,1.09537,1.08649,1.08873,288
2016-11-11,1.08873,1.09234,1.08303,1.08516,288
2016-11-12,1.08516,1.08516,1.08516,1.08516,288
2016-11-13,1.08516,1.08516,1.08191,1.08226,288
2016-11-14,1.08226,1.08258,1.07091,1.07455,288
2016-11-15,1.07454,1.08166,1.07141,1.07244,288
2016-11-16,1.07244,1.07595,1.06661,1.07062,288
2016-11-17,1.07062,1.07455,1.06199,1.0622,288
2016-11-18,1.06219,1.06428,1.05692,1.05866,288
2016-11-19,1.05866,1.05866,1.05866,1.05866,288
2016-11-20,1.05866,1.05944,1.05788,1.0583,288
2016-11-21,1.0583,1.06491,1.05829,1.06374,288
2016-11-22,1.06374,1.06579,1.05836,1.06332,288
2016-11-23,1.06332,1.06436,1.05263,1.05419,288
2016-11-24,1.05419,1.05852,1.0518,1.05601,288
2016-11-25,1.05601,1.06273,1.05384,1.05901,288
2016-11-26,1.05901,1.05901,1.05901,1.05901,288
2016-11-27,1.05901,1.06111,1.05901,1.06091,288
2016-11-28,1.06089,1.06856,1.05636,1.06189,288
2016-11-29,1.06188,1.06542,1.05649,1.06472,288
2016-11-30,1.06472,1.06666,1.05527,1.05903,288
2016-12-01,1.05903,1.06688,1.05846,1.06621,288
2016-12-02,1.06621,1.06898,1.06253,1.06632,288
2016-12-03,1.06632,1.06632,1.06632,1.06632,288
2016-12-04,1.06632,1.06632,1.05055,1.05675,288
2016-12-05,1.05675,1.07963,1.05374,1.07564,288
2016-12-06,1.07564,1.07853,1.06986,1.07186,288
2016-12-07,1.07185,1.07684,1.07098,1.07592,288
2016-12-08,1.07591,1.08734,1.05973,1.06211,288
2016-12-09,1.0621,1.06297,1.0531,1.05591,288
2016-12-10,1.05599,1.05599,1.05599,1.05599,288
2016-12-11,1.05599,1.05599,1.05312,1.0546,288
2016-12-12,1.0546,1.06517,1.05254,1.06421,288
2016-12-13,1.06419,1.06671,1.06037,1.06274,288
2016-12-14,1.06276,1.067,1.04965,1.05121,288
2016-12-15,1.0512,1.05228,1.03665,1.04167,288
2016-12-16,1.04167,1.04742,1.04008,1.04483,288
2016-12-17,1.04483,1.04483,1.04483,1.04483,288
2016-12-18,1.04483,1.0457,1.0437,1.04466,288
2016-12-19,1.04466,1.04795,1.03924,1.04027,288
2016-12-20,1.04027,1.04178,1.03523,1.03906,288
2016-12-21,1.03907,1.04511,1.03824,1.04263,288
2016-12-22,1.04263,1.04993,1.04253,1.04378,288
2016-12-23,1.04378,1.0469,1.04265,1.04532,288
2016-12-24,1.04532,1.04532,1.04532,1.04532,288
2016-12-25,1.04532,1.04577,1.0438,1.04523,288
2016-12-26,1.04521,1.04674,1.04402,1.04538,288
2016-12-27,1.04538,1.04633,1.04324,1.04614,288
2016-12-28,1.04613,1.04798,1.03721,1.04143,288
2016-12-29,1.04144,1.06526,1.04139,1.05658,288
2016-12-30,1.05657,1.05914,1.05059,1.0515,288
2016-12-31,1.0515,1.0515,1.0515,1.0515,288
2017-01-01,1.0515,1.05288,1.05148,1.0523,288
2017-01-02,1.0523,1.0526,1.04501,1.04575,288
2017-01-03,1.04575,1.04901,1.03403,1.04174,288
2017-01-04,1.04174,1.05013,1.039,1.04971,288
2017-01-05,1.04968,1.06153,1.04826,1.06039,288
2017-01-06,1.06039,1.06221,1.0525,1.0529,288
2017-01-07,1.0529,1.0529,1.0529,1.0529,288
2017-01-08,1.0529,1.05358,1.0526,1.05294,288
2017-01-09,1.05294,1.0589,1.05109,1.05858,288
2017-01-10,1.05858,1.06272,1.05509,1.05522,288
2017-01-11,1.05522,1.06229,1.04538,1.05941,288
2017-01-12,1.05942,1.06847,1.05714,1.06162,288
2017-01-13,1.06158,1.06734,1.05961,1.0642,288
2017-01-14,1.0642,1.0642,1.0642,1.0642,288
2017-01-15,1.0642,1.0642,1.0603,1.06272,288
2017-01-16,1.06274,1.06344,1.05793,1.06022,288
2017-01-17,1.06022,1.07191,1.06007,1.06966,288
2017-01-18,1.06966,1.07123,1.06244,1.0628,288
2017-01-19,1.06282,1.06766,1.05892,1.06591,288
2017-01-20,1.06593,1.07094,1.06251,1.0699,288
2017-01-21,1.0699,1.0699,1.0699,1.0699,288
2017-01-22,1.0699,1.07168,1.06941,1.07126,288
2017-01-23,1.07124,1.07729,1.07063,1.07591,288
2017-01-24,1.07589,1.07749,1.07204,1.07281,288
2017-01-25,1.07282,1.07698,1.07112,1.07525,288
2017-01-26,1.07527,1.07655,1.06576,1.06834,288
2017-01-27,1.06834,1.0725,1.06584,1.06958,288
2017-01-28,1.06958,1.06958,1.06958,1.06958,288
2017-01-29,1.06958,1.07214,1.06958,1.07169,288
2017-01-30,1.07169,1.07402,1.06203,1.07075,288
2017-01-31,1.07075,1.08122,1.06846,1.08008,288
2017-02-01,1.08008,1.08073,1.0731,1.07653,288
2017-02-02,1.07654,1.08288,1.0756,1.07617,288
2017-02-03,1.07618,1.07975,1.07115,1.07818,288
2017-02-04,1.07818,1.07818,1.07818,1.07818,288
2017-02-05,1.07818,1.07915,1.0778,1.07824,288
2017-02-06,1.07824,1.07887,1.07059,1.0743,288
2017-02-07,1.0743,1.07444,1.06561,1.06788,288
2017-02-08,1.06788,1.07139,1.06407,1.06913,288
2017-02-09,1.0691,1.07095,1.06509,1.06572,288
2017-02-10,1.06571,1.06677,1.06077,1.06397,288
2017-02-11,1.06397,1.06397,1.06397,1.06397,288
2017-02-12,1.06397,1.06397,1.06174,1.06187,288
2017-02-13,1.06186,1.06585,1.0592,1.05987,288
2017-02-14,1.05986,1.06333,1.05608,1.05782,288
2017-02-15,1.05783,1.06092,1.05214,1.0603,288
2017-02-16,1.0603,1.06794,1.05998,1.06712,288
2017-02-17,1.06709,1.06767,1.06054,1.06114,288
2017-02-18,1.06114,1.06114,1.06114,1.06114,288
2017-02-19,1.06114,1.06329,1.06075,1.06251,288
2017-02-20,1.0625,1.06299,1.06031,1.06088,288
2017-02-21,1.06088,1.06127,1.05258,1.0541,288
2017-02-22,1.05411,1.0574,1.04938,1.05505,288
2017-02-23,1.05505,1.05952,1.05376,1.05839,288
2017-02-24,1.0584,1.06179,1.05565,1.05595,288
2017-02-25,1.05595,1.05595,1.05595,1.05595,288
2017-02-26,1.05595,1.05645,1.05517,1.0552,288
2017-02-27,1.0552,1.06306,1.05515,1.05838,288
2017-02-28,1.05838,1.06301,1.05666,1.05692,288
2017-03-01,1.05691,1.05894,1.05142,1.05359,288
2017-03-02,1.05358,1.05456,1.04948,1.0507,288
2017-03-03,1.0507,1.06239,1.05022,1.06203,288
2017-03-04,1.06203,1.06203,1.06203,1.06203,288
2017-03-05,1.06203,1.06215,1.06002,1.06207,288
2017-03-06,1.06207,1.06399,1.05747,1.05789,288
2017-03-07,1.05789,1.06025,1.05581,1.05692,288
2017-03-08,1.05692,1.05741,1.05347,1.05447,288
2017-03-09,1.05447,1.06151,1.05249,1.05794,288
2017-03-10,1.05794,1.0699,1.0578,1.06728,288
2017-03-11,1.06728,1.06728,1.06728,1.06728,288
2017-03-12,1.06728,1.06925,1.06728,1.06894,288
2017-03-13,1.06894,1.07142,1.06448,1.06507,288
2017-03-14,1.06508,1.06624,1.06003,1.06119,288
2017-03-15,1.0612,1.07399,1.06073,1.07375,288
2017-03-16,1.07376,1.07742,1.07057,1.07718,288
2017-03-17,1.07717,1.07823,1.07274,1.07382,288
2017-03-18,1.07382,1.07382,1.07382,1.07382,288
2017-03-19,1.07382,1.07451,1.07317,1.0742,288
2017-03-20,1.07421,1.07772,1.0719,1.07368,288
2017-03-21,1.07368,1.08191,1.07353,1.08125,288
2017-03-22,1.08124,1.08245,1.07758,1.07891,288
2017-03-23,1.07891,1.08048,1.0768,1.0783,288
2017-03-24,1.07831,1.08179,1.07602,1.07969,288
2017-03-25,1.07969,1.07969,1.07969,1.07969,288
2017-03-26,1.07969,1.08492,1.07969,1.08451,288
2017-03-27,1.08453,1.09058,1.08377,1.08608,288
2017-03-28,1.08609,1.08725,1.07988,1.08162,288
2017-03-29,1.08162,1.08264,1.07398,1.07583,288
2017-03-30,1.07582,1.07679,1.06718,1.06877,288
2017-03-31,1.06875,1.07018,1.06508,1.06528,288
2017-04-01,1.06528,1.06528,1.06528,1.06528,288
2017-04-02,1.06528,1.06737,1.06528,1.06692,288
2017-04-03,1.06692,1.06809,1.06423,1.06695,288
2017-04-04,1.06695,1.06851,1.06355,1.06779,288
2017-04-05,1.06779,1.06889,1.06349,1.06717,288
2017-04-06,1.06715,1.0684,1.06289,1.06437,288
2017-04-07,1.06437,1.06659,1.05806,1.05889,288
2017-04-08,1.05889,1.05889,1.05889,1.05889,288
2017-04-09,1.05889,1.05889,1.05734,1.05805,288
2017-04-10,1.05806,1.06064,1.05698,1.05971,288
2017-04-11,1.05972,1.06299,1.05785,1.06102,288
2017-04-12,1.06101,1.06751,1.0589,1.06698,288
2017-04-13,1.06698,1.06775,1.06094,1.06148,288
2017-04-14,1.06148,1.06294,1.0606,1.06105,288
2017-04-15,1.06105,1.06105,1.06105,1.06105,288
2017-04-16,1.06105,1.06155,1.06028,1.06097,288
2017-04-17,1.06096,1.06703,1.06085,1.06432,288
2017-04-18,1.06432,1.07359,1.06372,1.07274,288
2017-04-19,1.07274,1.07367,1.06998,1.07145,288
2017-04-20,1.07145,1.07775,1.07069,1.07141,288
2017-04-21,1.0714,1.07379,1.06822,1.07237,288
2017-04-22,1.07237,1.07237,1.07237,1.07237,288
2017-04-23,1.07237,1.09164,1.07237,1.08733,288
2017-04-24,1.08733,1.08774,1.08207,1.08649,288
2017-04-25,1.08648,1.09499,1.08512,1.09275,288
2017-04-26,1.09277,1.09507,1.08557,1.09083,288
2017-04-27,1.09083,1.09327,1.08517,1.0865,288
2017-04-28,1.08651,1.09474,1.08571,1.08961,288
2017-04-29,1.08961,1.08961,1.08961,1.08961,288
2017-04-30,1.08961,1.0911,1.08905,1.09057,288
2017-05-01,1.09057,1.09239,1.0884,1.09084,288
2017-05-02,1.09086,1.09359,1.08881,1.09346,288
2017-05-03,1.09346,1.09367,1.08813,1.0888,288
2017-05-04,1.0888,1.0987,1.08749,1.09804,288
2017-05-05,1.09806,1.09995,1.09494,1.0995,288
2017-05-06,1.0995,1.0995,1.0995,1.0995,288
2017-05-07,1.0995,1.10216,1.09633,1.09647,288
2017-05-08,1.09647,1.09968,1.09164,1.09265,288
2017-05-09,1.09265,1.09333,1.08633,1.08861,288
2017-05-10,1.08861,1.0898,1.08532,1.08671,288
2017-05-11,1.08671,1.08929,1.0839,1.08642,288
2017-05-12,1.08642,1.09342,1.08556,1.0931,288
2017-05-13,1.0931,1.0931,1.0931,1.0931,288
2017-05-14,1.0931,1.0935,1.09226,1.09277,288
2017-05-15,1.09278,1.09893,1.09225,1.09799,288
2017-05-16,1.09798,1.10971,1.0979,1.10933,288
2017-05-17,1.10932,1.11704,1.10816,1.11541,288
2017-05-18,1.11543,1.11719,1.10757,1.11101,288
2017-05-19,1.111,1.12117,1.10995,1.12065,288
2017-05-20,1.12065,1.12065,1.12065,1.12065,288
2017-05-21,1.12065,1.121,1.11916,1.12032,288
2017-05-22,1.12032,1.12634,1.11614,1.12373,288
2017-05-23,1.12371,1.12682,1.1175,1.11788,288
2017-05-24,1.11791,1.12332,1.11685,1.12304,288
2017-05-25,1.12306,1.12503,1.11937,1.121,288
2017-05-26,1.12099,1.12346,1.11605,1.11799,288
2017-05-27,1.11799,1.11799,1.11799,1.11799,288
2017-05-28,1.11799,1.11849,1.11672,1.1176,288
2017-05-29,1.11758,1.11898,1.11277,1.1129,288
2017-05-30,1.11291,1.12054,1.11094,1.11728,288
2017-05-31,1.11728,1.12521,1.11645,1.1239,288
2017-06-01,1.12389,1.12566,1.12021,1.12128,288
2017-06-02,1.12127,1.1285,1.12049,1.12825,288
2017-06-03,1.12825,1.12825,1.12825,1.12825,288
2017-06-04,1.12825,1.12837,1.12701,1.12772,288
2017-06-05,1.12775,1.12785,1.12342,1.12573,288
2017-06-06,1.12572,1.12842,1.12404,1.12702,288
2017-06-07,1.12701,1.12823,1.12039,1.12554,288
2017-06-08,1.12554,1.1269,1.118,1.11883,288
2017-06-09,1.11884,1.12157,1.11663,1.11941,288
2017-06-10,1.11941,1.11941,1.11941,1.11941,288
2017-06-11,1.11941,1.12096,1.11941,1.12016,288
2017-06-12,1.12015,1.12321,1.11918,1.11973,288
2017-06-13,1.11972,1.12249,1.11852,1.12091,288
2017-06-14,1.12091,1.12958,1.1193,1.12129,288
2017-06-15,1.1213,1.12285,1.11321,1.11486,288
2017-06-16,1.11487,1.12016,1.11384,1.11968,288
2017-06-17,1.11968,1.11968,1.11968,1.11968,288
2017-06-18,1.11968,1.12079,1.11956,1.12039,288
2017-06-19,1.12037,1.12128,1.11409,1.11445,288
2017-06-20,1.11443,1.11648,1.11188,1.11363,288
2017-06-21,1.11365,1.1169,1.11272,1.11667,288
2017-06-22,1.11666,1.11779,1.11392,1.11497,288
2017-06-23,1.11496,1.12089,1.11452,1.11918,288
2017-06-24,1.11918,1.11918,1.11918,1.11918,288
2017-06-25,1.11918,1.11999,1.11902,1.11997,288
2017-06-26,1.11997,1.12198,1.11717,1.11828,288
2017-06-27,1.11827,1.13494,1.118,1.13369,288
2017-06-28,1.13369,1.13906,1.12917,1.13782,288
2017-06-29,1.1378,1.14455,1.13768,1.14394,288
2017-06-30,1.14393,1.14443,1.13921,1.14251,288
2017-07-01,1.14251,1.14251,1.14251,1.14251,288
2017-07-02,1.14251,1.14266,1.14163,1.14232,288
2017-07-03,1.14234,1.14248,1.1355,1.13723,288
2017-07-04,1.13723,1.13769,1.13359,1.13595,288
2017-07-05,1.13596,1.13685,1.13123,1.13464,288
2017-07-06,1.13465,1.14254,1.13299,1.14212,288
2017-07-07,1.14212,1.14398,1.13796,1.13996,288
2017-07-08,1.13996,1.13996,1.13996,1.13996,288
2017-07-09,1.13996,1.14038,1.13924,1.14034,288
2017-07-10,1.14032,1.1418,1.13817,1.13963,288
2017-07-11,1.13963,1.14797,1.13828,1.14738,288
2017-07-12,1.14741,1.14893,1.13916,1.14186,288
2017-07-13,1.14186,1.14558,1.13705,1.14045,288
2017-07-14,1.14043,1.14719,1.13914,1.14685,288
2017-07-15,1.14685,1.14685,1.14685,1.14685,288
2017-07-16,1.14685,1.1475,1.1465,1.1474,288
2017-07-17,1.14739,1.1487,1.14348,1.14732,288
2017-07-18,1.14733,1.15831,1.14714,1.15478,288
2017-07-19,1.15477,1.15533,1.15099,1.15287,288
2017-07-20,1.15286,1.1658,1.14792,1.16283,288
2017-07-21,1.16283,1.16828,1.1619,1.16622,288
2017-07-22,1.16622,1.16622,1.16622,1.16622,288
2017-07-23,1.16622,1.16816,1.16615,1.16814,288
2017-07-24,1.16811,1.16842,1.16259,1.16384,288
2017-07-25,1.16384,1.17121,1.16308,1.16444,288
2017-07-26,1.16444,1.17473,1.16125,1.17316,288
2017-07-27,1.17315,1.17767,1.16501,1.16898,288
2017-07-28,1.16898,1.17639,1.16711,1.17478,288
2017-07-29,1.17478,1.17478,1.17478,1.17478,288
2017-07-30,1.17478,1.17618,1.17443,1.17468,288
2017-07-31,1.17469,1.18454,1.17231,1.18208,288
2017-08-01,1.18207,1.18389,1.17852,1.18109,288
2017-08-02,1.18113,1.191,1.17937,1.18514,288
2017-08-03,1.18514,1.1893,1.18305,1.18822,288
2017-08-04,1.18822,1.18891,1.17281,1.1773,288
2017-08-05,1.1773,1.1773,1.1773,1.1773,288
2017-08-06,1.1773,1.17929,1.17706,1.17769,288
2017-08-07,1.17769,1.1814,1.17766,1.17995,288
2017-08-08,1.17995,1.18238,1.17151,1.1754,288
2017-08-09,1.1754,1.17699,1.16891,1.17631,288
2017-08-10,1.17631,1.17851,1.17041,1.177,288
2017-08-11,1.177,1.18472,1.17485,1.18199,288
2017-08-12,1.18199,1.18199,1.18199,1.18199,288
2017-08-13,1.18199,1.18275,1.1818,1.18252,288
2017-08-14,1.18251,1.18382,1.17682,1.17755,288
2017-08-15,1.17757,1.17928,1.16872,1.17403,288
2017-08-16,1.17403,1.17793,1.16816,1.17737,288
2017-08-17,1.17737,1.17899,1.16622,1.17156,288
2017-08-18,1.17156,1.17743,1.17102,1.17591,288
2017-08-19,1.17591,1.17591,1.17591,1.17591,288
2017-08-20,1.17591,1.17609,1.175,1.17562,288
2017-08-21,1.17561,1.1828,1.17311,1.18112,288
2017-08-22,1.18112,1.18241,1.17451,1.17615,288
2017-08-23,1.17617,1.18232,1.17403,1.18155,288
2017-08-24,1.18154,1.18169,1.17841,1.17977,288
2017-08-25,1.17976,1.19414,1.17733,1.19219,288
2017-08-26,1.19219,1.19219,1.19219,1.19219,288
2017-08-27,1.19219,1.19595,1.19219,1.19511,288
2017-08-28,1.19511,1.19857,1.19168,1.19638,288
2017-08-29,1.1964,1.20701,1.19465,1.19697,288
2017-08-30,1.19697,1.19843,1.18804,1.18906,288
2017-08-31,1.18906,1.19229,1.18231,1.19092,288
2017-09-01,1.1909,1.19798,1.18499,1.18597,288
2017-09-02,1.18597,1.18597,1.18597,1.18597,288
2017-09-03,1.18597,1.18859,1.18597,1.18818,288
2017-09-04,1.18818,1.19218,1.18776,1.18928,288
2017-09-05,1.18928,1.19406,1.18682,1.19236,288
2017-09-06,1.19235,1.19499,1.19028,1.19264,288
2017-09-07,1.19263,1.20592,1.1914,1.20278,288
2017-09-08,1.20277,1.20923,1.20146,1.20347,288
2017-09-09,1.20347,1.20347,1.20347,1.20347,288
2017-09-10,1.20347,1.20347,1.20112,1.20169,288
2017-09-11,1.20169,1.20295,1.19476,1.19577,288
2017-09-12,1.19577,1.1978,1.19262,1.19711,288
2017-09-13,1.1971,1.19947,1.1873,1.18879,288
2017-09-14,1.18879,1.19228,1.1838,1.1921,288
2017-09-15,1.19211,1.19873,1.19011,1.19447,288
2017-09-16,1.19447,1.19447,1.19447,1.19447,288
2017-09-17,1.19447,1.19503,1.19174,1.19378,288
2017-09-18,1.19378,1.19692,1.1915,1.196,288
2017-09-19,1.19598,1.20064,1.19536,1.19925,288
2017-09-20,1.19924,1.20342,1.18613,1.18743,288
2017-09-21,1.18742,1.19535,1.18656,1.19447,288
2017-09-22,1.19446,1.20044,1.19369,1.19466,288
2017-09-23,1.19466,1.19466,1.19466,1.19466,288
2017-09-24,1.19466,1.19466,1.18947,1.19267,288
2017-09-25,1.19266,1.19365,1.18319,1.18555,288
2017-09-26,1.18556,1.18615,1.17574,1.17838,288
2017-09-27,1.17838,1.1795,1.17171,1.17497,288
2017-09-28,1.17498,1.1804,1.17212,1.17812,288
2017-09-29,1.17813,1.18325,1.17726,1.18137,288
2017-09-30,1.18137,1.18137,1.18137,1.18137,288
2017-10-01,1.18137,1.18151,1.17886,1.18079,288
2017-10-02,1.18079,1.18079,1.17301,1.17315,288
2017-10-03,1.17319,1.17732,1.16961,1.17477,288
2017-10-04,1.17476,1.17877,1.17464,1.17566,288
2017-10-05,1.17565,1.17787,1.1699,1.17138,288
2017-10-06,1.1714,1.17387,1.16692,1.17299,288
2017-10-07,1.17299,1.17299,1.17299,1.17299,288
2017-10-08,1.17299,1.17435,1.17267,1.17424,288
2017-10-09,1.17422,1.17561,1.17195,1.1741,288
2017-10-10,1.1741,1.18254,1.17405,1.18134,288
2017-10-11,1.18134,1.1869,1.17952,1.18641,288
2017-10-12,1.1864,1.18797,1.18252,1.18309,288
2017-10-13,1.18309,1.18748,1.18053,1.18191,288
2017-10-14,1.18191,1.18191,1.18191,1.18191,288
2017-10-15,1.18191,1.18191,1.18056,1.18145,288
2017-10-16,1.18147,1.18196,1.17805,1.17945,288
2017-10-17,1.17945,1.17949,1.17361,1.17711,288
2017-10-18,1.1771,1.18053,1.17302,1.17942,288
2017-10-19,1.17943,1.18579,1.17679,1.18484,288
2017-10-20,1.18485,1.18579,1.17624,1.17817,288
2017-10-21,1.17817,1.17817,1.17817,1.17817,288
2017-10-22,1.17817,1.17817,1.17513,1.17546,288
2017-10-23,1.17552,1.17774,1.1725,1.17548,288
2017-10-24,1.17548,1.17927,1.17428,1.176,288
2017-10-25,1.17599,1.18203,1.1753,1.18195,288
2017-10-26,1.18195,1.18367,1.16314,1.16377,288
2017-10-27,1.16377,1.16437,1.15741,1.16083,288
2017-10-28,1.16083,1.16083,1.16083,1.16083,288
2017-10-29,1.16083,1.16153,1.15937,1.16056,288
2017-10-30,1.16057,1.16579,1.15976,1.16512,288
2017-10-31,1.16513,1.16613,1.16248,1.16518,288
2017-11-01,1.16518,1.1657,1.16064,1.16282,288
2017-11-02,1.16282,1.16873,1.16261,1.16586,288
2017-11-03,1.16588,1.16904,1.15991,1.1606,288
2017-11-04,1.1606,1.1606,1.1606,1.1606,288
2017-11-05,1.1606,1.16179,1.16038,1.16147,288
2017-11-06,1.16147,1.1624,1.15802,1.16113,288
2017-11-07,1.16113,1.16154,1.15539,1.16008,288
2017-11-08,1.16008,1.16111,1.15792,1.1595,288
2017-11-09,1.1595,1.16548,1.15856,1.16462,288
2017-11-10,1.16464,1.16778,1.16227,1.16638,288
2017-11-11,1.16638,1.16638,1.16638,1.16638,288
2017-11-12,1.16638,1.16646,1.16558,1.16609,288
2017-11-13,1.16609,1.16751,1.16373,1.16646,288
2017-11-14,1.16646,1.1805,1.16625,1.17906,288
2017-11-15,1.17907,1.18604,1.17683,1.17826,288
2017-11-16,1.17826,1.18008,1.17569,1.17781,288
2017-11-17,1.17783,1.18217,1.17738,1.17879,288
2017-11-18,1.17879,1.17879,1.17879,1.17879,288
2017-11-19,1.17879,1.1797,1.17223,1.17344,288
2017-11-20,1.17344,1.18085,1.17249,1.17371,288
2017-11-21,1.17372,1.17577,1.17128,1.17416,288
2017-11-22,1.17416,1.18269,1.17346,1.18146,288
2017-11-23,1.18147,1.18559,1.18132,1.18503,288
2017-11-24,1.18504,1.19443,1.18367,1.19286,288
2017-11-25,1.19286,1.19286,1.19286,1.19286,288
2017-11-26,1.19286,1.1936,1.19239,1.19274,288
2017-11-27,1.19273,1.19611,1.18903,1.19041,288
2017-11-28,1.1904,1.19198,1.18271,1.18491,288
2017-11-29,1.18491,1.18827,1.18167,1.1852,288
2017-11-30,1.18519,1.19315,1.1809,1.18979,288
2017-12-01,1.1898,1.19403,1.18508,1.18942,288
2017-12-02,1.18942,1.18942,1.18942,1.18942,288
2017-12-03,1.18942,1.18942,1.18562,1.18565,288
2017-12-04,1.18565,1.18785,1.18291,1.18676,288
2017-12-05,1.18677,1.18766,1.18007,1.18304,288
2017-12-06,1.18305,1.1848,1.17806,1.18039,288
2017-12-07,1.1804,1.18146,1.17713,1.17725,288
2017-12-08,1.17726,1.17744,1.17301,1.1772,288
2017-12-09,1.1772,1.1772,1.1772,1.1772,288
2017-12-10,1.1772,1.1772,1.17636,1.17675,288
2017-12-11,1.17675,1.18117,1.17639,1.17762,288
2017-12-12,1.17762,1.17926,1.17174,1.17422,288
2017-12-13,1.17423,1.18404,1.17294,1.18361,288
2017-12-14,1.18361,1.18625,1.17645,1.17745,288
2017-12-15,1.17745,1.18123,1.17488,1.17492,288
2017-12-16,1.17492,1.17492,1.17492,1.17492,288
2017-12-17,1.17492,1.17509,1.17377,1.17432,288
2017-12-18,1.17432,1.18342,1.1742,1.17837,288
2017-12-19,1.17837,1.18487,1.17764,1.18369,288
2017-12-20,1.18368,1.19017,1.18289,1.18776,288
2017-12-21,1.18776,1.18895,1.18493,1.18521,288
2017-12-22,1.18521,1.1864,1.18169,1.18607,288
2017-12-23,1.18607,1.18607,1.18607,1.18607,288
2017-12-24,1.18607,1.18607,1.1844,1.18505,288
2017-12-25,1.18505,1.18766,1.18429,1.1871,288
2017-12-26,1.18712,1.18787,1.18465,1.18571,288
2017-12-27,1.1857,1.19102,1.1855,1.19002,288
2017-12-28,1.19001,1.19589,1.1897,1.19394,288
2017-12-29,1.19395,1.20254,1.19369,1.19985,288
2017-12-30,1.19985,1.19985,1.19985,1.19985,288
2017-12-31,1.19985,1.19985,1.19985,1.19985,288
2018-01-01,1.19985,1.20166,1.19985,1.20106,288
2018-01-02,1.20105,1.20811,1.20078,1.20614,288
2018-01-03,1.20614,1.20638,1.20011,1.20107,288
2018-01-04,1.20108,1.20889,1.20044,1.20664,288
2018-01-05,1.20663,1.20829,1.20205,1.20304,288
2018-01-06,1.20304,1.20304,1.20304,1.20304,288
2018-01-07,1.20304,1.20389,1.20259,1.2037,288
2018-01-08,1.20371,1.20521,1.1956,1.19698,288
2018-01-09,1.19698,1.19755,1.19156,1.19284,288
2018-01-10,1.19282,1.20179,1.19231,1.19558,288
2018-01-11,1.19557,1.20589,1.19291,1.20427,288
2018-01-12,1.20427,1.22184,1.20401,1.21993,288
2018-01-13,1.21993,1.21993,1.21993,1.21993,288
2018-01-14,1.21993,1.22117,1.21908,1.21919,288
2018-01-15,1.2192,1.22964,1.21876,1.22665,288
2018-01-16,1.22666,1.22828,1.21952,1.22707,288
2018-01-17,1.22707,1.23231,1.2165,1.21802,288
2018-01-18,1.21804,1.22648,1.21734,1.2234,288
2018-01-19,1.2234,1.22953,1.22145,1.22145,288
2018-01-20,1.22145,1.22145,1.22145,1.22145,288
2018-01-21,1.22145,1.22726,1.22145,1.2256,288
2018-01-22,1.22559,1.2267,1.22138,1.22562,288
2018-01-23,1.22564,1.23152,1.2223,1.23086,288
2018-01-24,1.23087,1.24149,1.2292,1.23923,288
2018-01-25,1.23921,1.25373,1.23639,1.23914,288
2018-01-26,1.23914,1.24936,1.23861,1.24283,288
2018-01-27,1.24283,1.24283,1.24283,1.24283,288
2018-01-28,1.24283,1.24312,1.24128,1.24312,288
2018-01-29,1.24311,1.24322,1.23367,1.23809,288
2018-01-30,1.2381,1.24538,1.2335,1.24084,288
2018-01-31,1.24084,1.24748,1.23868,1.24168,288
2018-02-01,1.24168,1.25229,1.23854,1.25105,288
2018-02-02,1.25107,1.25182,1.24092,1.24559,288
2018-02-03,1.24559,1.24559,1.24559,1.24559,288
2018-02-04,1.24559,1.24559,1.24243,1.24462,288
2018-02-05,1.24462,1.24748,1.23626,1.23666,288
2018-02-06,1.23667,1.24343,1.23138,1.23803,288
2018-02-07,1.23803,1.24055,1.22459,1.227,288
2018-02-08,1.22699,1.22948,1.2212,1.22606,288
2018-02-09,1.22607,1.22873,1.22054,1.2251,288
2018-02-10,1.2251,1.2251,1.2251,1.2251,288
2018-02-11,1.2251,1.22524,1.22418,1.22522,288
2018-02-12,1.22523,1.23071,1.2235,1.23004,288
2018-02-13,1.23009,1.2371,1.22844,1.23536,288
2018-02-14,1.23537,1.24695,1.22758,1.24681,288
2018-02-15,1.24682,1.25103,1.24478,1.25027,288
2018-02-16,1.25027,1.25553,1.23931,1.24041,288
2018-02-17,1.24041,1.24041,1.24041,1.24041,288
2018-02-18,1.24041,1.24204,1.24014,1.24117,288
2018-02-19,1.24117,1.24349,1.2369,1.24002,288
2018-02-20,1.24001,1.24106,1.23199,1.23353,288
2018-02-21,1.23352,1.23598,1.22734,1.22804,288
2018-02-22,1.22805,1.2352,1.22597,1.23256,288
2018-02-23,1.23256,1.23316,1.22798,1.22937,288
2018-02-24,1.22937,1.22937,1.22937,1.22937,288
2018-02-25,1.22937,1.22947,1.22809,1.22883,288
2018-02-26,1.22883,1.2355,1.22776,1.23149,288
2018-02-27,1.23149,1.23462,1.22216,1.22259,288
2018-02-28,1.22258,1.22412,1.21878,1.21915,288
2018-03-01,1.21915,1.22747,1.21546,1.2271,288
2018-03-02,1.22709,1.23358,1.22514,1.23186,288
2018-03-03,1.23186,1.23186,1.23186,1.23186,288
2018-03-04,1.23186,1.23641,1.22995,1.23176,288
2018-03-05,1.23176,1.23487,1.22688,1.23365,288
2018-03-06,1.23365,1.24287,1.23281,1.24155,288
2018-03-07,1.24154,1.2445,1.23847,1.24122,288
2018-03-08,1.24122,1.2446,1.22979,1.23067,288
2018-03-09,1.2307,1.23342,1.2273,1.23041,288
2018-03-10,1.23041,1.23041,1.23041,1.23041,288
2018-03-11,1.23041,1.23133,1.23041,1.23084,288
2018-03-12,1.23083,1.23455,1.22903,1.23384,288
2018-03-13,1.23383,1.24074,1.23145,1.23928,288
2018-03-14,1.23928,1.24125,1.23471,1.23747,288
2018-03-15,1.23746,1.23836,1.23001,1.23062,288
2018-03-16,1.23061,1.2336,1.22602,1.22889,288
2018-03-17,1.22889,1.22889,1.22889,1.22889,288
2018-03-18,1.22889,1.22919,1.22799,1.22807,288
2018-03-19,1.22807,1.23586,1.22579,1.23365,288
2018-03-20,1.23365,1.23545,1.22399,1.22482,288
2018-03-21,1.22483,1.23499,1.22467,1.23463,288
2018-03-22,1.23464,1.23884,1.22855,1.23239,288
2018-03-23,1.23239,1.23733,1.23166,1.23522,288
2018-03-24,1.23522,1.23522,1.23522,1.23522,288
2018-03-25,1.23522,1.23673,1.2347,1.23541,288
2018-03-26,1.23541,1.24615,1.23517,1.24572,288
2018-03-27,1.2457,1.24765,1.23723,1.24087,288
2018-03-28,1.24086,1.24215,1.23001,1.23125,288
2018-03-29,1.23124,1.23352,1.22838,1.23018,288
2018-03-30,1.23018,1.23305,1.22898,1.232,288
2018-03-31,1.232,1.232,1.232,1.232,288
2018-04-01,1.232,1.2323,1.23124,1.23125,288
2018-04-02,1.23127,1.23449,1.2282,1.22931,288
2018-04-03,1.22931,1.23352,1.22537,1.22781,288
2018-04-04,1.22781,1.23145,1.2257,1.22872,288
2018-04-05,1.22873,1.22901,1.22182,1.22485,288
2018-04-06,1.22489,1.22907,1.22151,1.22792,288
2018-04-07,1.22792,1.22792,1.22792,1.22792,288
2018-04-08,1.22792,1.22833,1.22656,1.22709,288
2018-04-09,1.22709,1.23308,1.22602,1.23206,288
2018-04-10,1.23206,1.23776,1.23027,1.23627,288
2018-04-11,1.23627,1.23964,1.2347,1.23719,288
2018-04-12,1.23719,1.23797,1.22993,1.23295,288
2018-04-13,1.23293,1.23458,1.2307,1.23282,288
2018-04-14,1.23282,1.23282,1.23282,1.23282,288
2018-04-15,1.23282,1.23366,1.23231,1.23316,288
2018-04-16,1.23316,1.23945,1.23242,1.23837,288
2018-04-17,1.23837,1.24136,1.23362,1.23724,288
2018-04-18,1.23724,1.23971,1.23418,1.23785,288
2018-04-19,1.23786,1.24001,1.2329,1.2343,288
2018-04-20,1.2343,1.23529,1.22499,1.22846,288
2018-04-21,1.22846,1.22846,1.22846,1.22846,288
2018-04-22,1.22846,1.2288,1.22699,1.22737,288
2018-04-23,1.22738,1.22894,1.21977,1.22092,288
2018-04-24,1.22094,1.22448,1.21817,1.22372,288
2018-04-25,1.22372,1.22372,1.21599,1.21706,288
2018-04-26,1.21707,1.22099,1.20962,1.21081,288
2018-04-27,1.21081,1.21327,1.20556,1.21291,288
2018-04-28,1.21291,1.21291,1.21291,1.21291,288
2018-04-29,1.21291,1.21291,1.21188,1.21226,288
2018-04-30,1.21226,1.21386,1.20643,1.20815,288
2018-05-01,1.20815,1.20828,1.19814,1.1991,288
2018-05-02,1.19912,1.20316,1.19378,1.19504,288
2018-05-03,1.19504,1.20087,1.19479,1.19886,288
2018-05-04,1.19886,1.19954,1.19107,1.1955,288
2018-05-05,1.1955,1.1955,1.1955,1.1955,288
2018-05-06,1.1955,1.1964,1.19545,1.19545,288
2018-05-07,1.19544,1.19779,1.18975,1.19331,288
2018-05-08,1.19331,1.19387,1.1838,1.18671,288
2018-05-09,1.18673,1.18969,1.18227,1.18467,288
2018-05-10,1.18465,1.19463,1.1844,1.19137,288
2018-05-11,1.19137,1.19678,1.18911,1.19395,288
2018-05-12,1.19395,1.19395,1.19395,1.19395,288
2018-05-13,1.19395,1.19555,1.19379,1.19524,288
2018-05-14,1.19524,1.19959,1.19231,1.19309,288
2018-05-15,1.1931,1.19384,1.18168,1.18203,288
2018-05-16,1.18205,1.18541,1.17635,1.18146,288
2018-05-17,1.18146,1.18373,1.17765,1.179,288
2018-05-18,1.179,1.18221,1.17498,1.17689,288
2018-05-19,1.17689,1.17689,1.17689,1.17689,288
2018-05-20,1.17689,1.17756,1.17603,1.17651,288
2018-05-21,1.17651,1.17973,1.17165,1.17899,288
2018-05-22,1.17899,1.18296,1.17567,1.17878,288
2018-05-23,1.1788,1.17889,1.16758,1.17091,288
2018-05-24,1.17092,1.17501,1.16906,1.17219,288
2018-05-25,1.1722,1.17335,1.16455,1.16478,288
2018-05-26,1.16478,1.16478,1.16478,1.16478,288
2018-05-27,1.16478,1.1692,1.16478,1.16884,288
2018-05-28,1.16886,1.17283,1.16073,1.16261,288
2018-05-29,1.16264,1.16394,1.15099,1.15375,288
2018-05-30,1.15375,1.16759,1.15186,1.16646,288
2018-05-31,1.16646,1.17243,1.1641,1.16922,288
2018-06-01,1.16922,1.17178,1.1617,1.16584,288
2018-06-02,1.16584,1.16584,1.16584,1.16584,288
2018-06-03,1.16584,1.16689,1.16561,1.16672,288
2018-06-04,1.1667,1.17444,1.1667,1.17,288
2018-06-05,1.17,1.17324,1.16525,1.17261,288
2018-06-06,1.17263,1.17956,1.17139,1.17813,288
2018-06-07,1.17812,1.18398,1.1781,1.17931,288
2018-06-08,1.17931,1.18103,1.17271,1.17666,288
2018-06-09,1.17666,1.17666,1.17666,1.17666,288
2018-06-10,1.17666,1.17857,1.17666,1.17845,288
2018-06-11,1.17845,1.18205,1.17715,1.17725,288
2018-06-12,1.17726,1.18088,1.17334,1.17475,288
2018-06-13,1.17475,1.18047,1.17254,1.18032,288
2018-06-14,1.1803,1.18516,1.15607,1.15633,288
2018-06-15,1.15629,1.16269,1.15432,1.16059,288
2018-06-16,1.16059,1.16059,1.16059,1.16059,288
2018-06-17,1.16059,1.16059,1.1586,1.1593,288
2018-06-18,1.1593,1.1641,1.15653,1.16298,288
2018-06-19,1.16297,1.16445,1.15307,1.15881,288
2018-06-20,1.15882,1.15999,1.15365,1.15773,288
2018-06-21,1.15774,1.16334,1.15082,1.16043,288
2018-06-22,1.16043,1.16749,1.16005,1.16561,288
2018-06-23,1.16561,1.16561,1.16561,1.16561,288
2018-06-24,1.16561,1.16728,1.16561,1.166,288
2018-06-25,1.16603,1.1713,1.16286,1.17009,288
2018-06-26,1.17009,1.17203,1.16348,1.16493,288
2018-06-27,1.16493,1.1672,1.15407,1.15629,288
2018-06-28,1.15628,1.16005,1.15271,1.15634,288
2018-06-29,1.15634,1.16902,1.15632,1.16847,288
2018-06-30,1.16847,1.16847,1.16847,1.16847,288
2018-07-01,1.16847,1.169,1.16616,1.16786,288
2018-07-02,1.16778,1.16789,1.15911,1.16415,288
2018-07-03,1.16413,1.16731,1.16204,1.16589,288
2018-07-04,1.16587,1.16817,1.16305,1.16601,288
2018-07-05,1.16602,1.17201,1.165,1.16918,288
2018-07-06,1.16919,1.17676,1.168,1.17444,288
2018-07-07,1.17444,1.17444,1.17444,1.17444,288
2018-07-08,1.17444,1.17541,1.17387,1.17517,288
2018-07-09,1.17514,1.17906,1.17326,1.1756,288
2018-07-10,1.1756,1.17624,1.16901,1.17279,288
2018-07-11,1.17279,1.1758,1.16653,1.16749,288
2018-07-12,1.16749,1.16955,1.16497,1.16638,288
2018-07-13,1.16637,1.16868,1.16129,1.16843,288
2018-07-14,1.16843,1.16843,1.16843,1.16843,288
2018-07-15,1.16843,1.16912,1.1677,1.16783,288
2018-07-16,1.16783,1.17253,1.16756,1.1709,288
2018-07-17,1.1709,1.17446,1.16484,1.1653,288
2018-07-18,1.16536,1.16648,1.16019,1.16449,288
2018-07-19,1.16449,1.16785,1.15748,1.16544,288
2018-07-20,1.16547,1.17387,1.16262,1.17196,288
2018-07-21,1.17196,1.17196,1.17196,1.17196,288
2018-07-22,1.17196,1.17453,1.17196,1.17403,288
2018-07-23,1.17404,1.17497,1.16836,1.16934,288
2018-07-24,1.16934,1.17168,1.16545,1.16845,288
2018-07-25,1.16846,1.17387,1.1664,1.17379,288
2018-07-26,1.17379,1.17436,1.16379,1.16437,288
2018-07-27,1.16436,1.16642,1.16203,1.16559,288
2018-07-28,1.16559,1.16559,1.16559,1.16559,288
2018-07-29,1.16559,1.16604,1.16525,1.16591,288
2018-07-30,1.16591,1.17186,1.16479,1.17071,288
2018-07-31,1.17071,1.17458,1.16838,1.1689,288
2018-08-01,1.1689,1.16994,1.16572,1.16631,288
2018-08-02,1.16632,1.16675,1.15816,1.1585,288
2018-08-03,1.15851,1.16105,1.15603,1.1567,288
2018-08-04,1.1567,1.1567,1.1567,1.1567,288
2018-08-05,1.1567,1.15705,1.15601,1.15615,288
2018-08-06,1.15615,1.15702,1.153,1.15579,288
2018-08-07,1.1558,1.16082,1.15515,1.16029,288
2018-08-08,1.16029,1.16281,1.15732,1.16092,288
2018-08-09,1.16092,1.16192,1.15162,1.1524,288
2018-08-10,1.15239,1.15363,1.13881,1.1409,288
2018-08-11,1.1409,1.1409,1.1409,1.1409,288
2018-08-12,1.1409,1.14115,1.13708,1.13946,288
2018-08-13,1.13948,1.14328,1.13649,1.14004,288
2018-08-14,1.14004,1.14294,1.13302,1.13466,288
2018-08-15,1.13466,1.13548,1.13009,1.13416,288
2018-08-16,1.13416,1.14091,1.13357,1.13718,288
2018-08-17,1.13719,1.14448,1.13663,1.14379,288
2018-08-18,1.14379,1.14379,1.14379,1.14379,288
2018-08-19,1.14379,1.14399,1.14353,1.14378,288
2018-08-20,1.14379,1.14931,1.13942,1.14918,288
2018-08-21,1.14918,1.16011,1.14854,1.15759,288
2018-08-22,1.15761,1.16229,1.15531,1.15857,288
2018-08-23,1.15857,1.15906,1.15298,1.15419,288
2018-08-24,1.15419,1.16397,1.15381,1.16205,288
2018-08-25,1.16205,1.16205,1.16205,1.16205,288
2018-08-26,1.16205,1.16534,1.1614,1.16451,288
2018-08-27,1.1645,1.16935,1.15943,1.1684,288
2018-08-28,1.16842,1.17334,1.16625,1.16932,288
2018-08-29,1.16932,1.17106,1.1652,1.17093,288
2018-08-30,1.17094,1.17181,1.16417,1.16654,288
2018-08-31,1.16654,1.16901,1.15845,1.15997,288
2018-09-01,1.15997,1.15997,1.15997,1.15997,288
2018-09-02,1.15997,1.16037,1.15926,1.1598,288
2018-09-03,1.15979,1.16278,1.15889,1.16138,288
2018-09-04,1.16139,1.16141,1.15301,1.15871,288
2018-09-05,1.15872,1.164,1.15425,1.16344,288
2018-09-06,1.16346,1.16592,1.16055,1.16198,288
2018-09-07,1.162,1.16495,1.15506,1.1552,288
2018-09-08,1.1552,1.1552,1.1552,1.1552,288
2018-09-09,1.1552,1.15608,1.15474,1.15607,288
2018-09-10,1.15605,1.16161,1.1526,1.15935,288
2018-09-11,1.15935,1.16441,1.15654,1.15955,288
2018-09-12,1.15954,1.16496,1.15699,1.16253,288
2018-09-13,1.16253,1.17009,1.16091,1.16911,288
2018-09-14,1.16912,1.17215,1.16206,1.16227,288
2018-09-15,1.16227,1.16227,1.16227,1.16227,288
2018-09-16,1.16227,1.16322,1.16219,1.16234,288
2018-09-17,1.16234,1.16981,1.1618,1.16685,288
2018-09-18,1.16686,1.17243,1.16521,1.16775,288
2018-09-19,1.16777,1.17149,1.165,1.1674,288
2018-09-20,1.16738,1.17845,1.16719,1.17755,288
2018-09-21,1.17756,1.18027,1.17327,1.17473,288
2018-09-22,1.17473,1.17473,1.17473,1.17473,288
2018-09-23,1.17473,1.17522,1.17378,1.17485,288
2018-09-24,1.17483,1.18153,1.17241,1.17523,288
2018-09-25,1.17525,1.17925,1.1731,1.17628,288
2018-09-26,1.17629,1.17976,1.17259,1.17469,288
2018-09-27,1.17469,1.17571,1.16331,1.1636,288
2018-09-28,1.1636,1.16511,1.15698,1.16019,288
2018-09-29,1.16019,1.16019,1.16019,1.16019,288
2018-09-30,1.16019,1.16173,1.16019,1.16052,288
2018-10-01,1.16052,1.16246,1.15635,1.15769,288
2018-10-02,1.1577,1.15802,1.15052,1.15503,288
2018-10-03,1.15503,1.15936,1.14645,1.14764,288
2018-10-04,1.14765,1.15426,1.14633,1.15173,288
2018-10-05,1.15173,1.15495,1.14838,1.15174,288
2018-10-06,1.15174,1.15174,1.15174,1.15174,288
2018-10-07,1.15174,1.15275,1.15174,1.15238,288
2018-10-08,1.15238,1.15296,1.14599,1.14941,288
2018-10-09,1.14941,1.15087,1.14321,1.15046,288
2018-10-10,1.15046,1.15452,1.14798,1.1533,288
2018-10-11,1.1533,1.15994,1.15311,1.159,288
2018-10-12,1.15899,1.16104,1.15343,1.15571,288
2018-10-13,1.15571,1.15571,1.15571,1.15571,288
2018-10-14,1.15571,1.15571,1.15369,1.15504,288
2018-10-15,1.15505,1.16061,1.1543,1.15828,288
2018-10-16,1.15828,1.16212,1.1566,1.15762,288
2018-10-17,1.15763,1.15803,1.14953,1.15011,288
2018-10-18,1.15012,1.15272,1.14492,1.14539,288
2018-10-19,1.14539,1.15345,1.14331,1.15142,288
2018-10-20,1.15142,1.15142,1.15142,1.15142,288
2018-10-21,1.15142,1.15179,1.15084,1.15105,288
2018-10-22,1.15106,1.15501,1.14557,1.14646,288
2018-10-23,1.14646,1.14934,1.14392,1.14706,288
2018-10-24,1.14706,1.14766,1.13789,1.13988,288
2018-10-25,1.13987,1.14326,1.13561,1.13753,288
2018-10-26,1.13753,1.14209,1.13355,1.14021,288
2018-10-27,1.14021,1.14021,1.14021,1.14021,288
2018-10-28,1.14021,1.14038,1.13921,1.1398,288
2018-10-29,1.1398,1.14163,1.13606,1.13755,288
2018-10-30,1.13756,1.13877,1.13404,1.13453,288
2018-10-31,1.13452,1.13601,1.1302,1.13145,288
2018-11-01,1.13146,1.14241,1.13126,1.14027,288
2018-11-02,1.14028,1.14557,1.13722,1.1386,288
2018-11-03,1.1386,1.1386,1.1386,1.1386,288
2018-11-04,1.1386,1.13993,1.1386,1.13976,288
2018-11-05,1.13975,1.14239,1.1353,1.14083,288
2018-11-06,1.14083,1.14417,1.13913,1.1441,288
2018-11-07,1.1441,1.14995,1.13947,1.14325,288
2018-11-08,1.14325,1.14465,1.13515,1.13679,288
2018-11-09,1.13678,1.13689,1.13161,1.13342,288
2018-11-10,1.13342,1.13342,1.13342,1.13342,288
2018-11-11,1.13342,1.13342,1.13137,1.13237,288
2018-11-12,1.13239,1.13305,1.12156,1.12235,288
2018-11-13,1.12235,1.13212,1.12218,1.13109,288
2018-11-14,1.13111,1.13475,1.12632,1.13121,288
2018-11-15,1.13121,1.13622,1.12705,1.13243,288
2018-11-16,1.13244,1.14202,1.13216,1.14185,288
2018-11-17,1.14185,1.14185,1.14185,1.14185,288
2018-11-18,1.14185,1.14211,1.14061,1.14136,288
2018-11-19,1.14135,1.14644,1.13938,1.1454,288
2018-11-20,1.1454,1.14723,1.13587,1.13721,288
2018-11-21,1.1372,1.14245,1.13656,1.13884,288
2018-11-22,1.13885,1.1434,1.13853,1.14026,288
2018-11-23,1.14027,1.14209,1.13275,1.13355,288
2018-11-24,1.13355,1.13355,1.13355,1.13355,288
2018-11-25,1.13355,1.13407,1.13305,1.13374,288
2018-11-26,1.13374,1.13837,1.1325,1.13331,288
2018-11-27,1.13331,1.13436,1.12775,1.12969,288
2018-11-28,1.1297,1.13875,1.12671,1.13674,288
2018-11-29,1.13674,1.14016,1.13486,1.13924,288
2018-11-30,1.13924,1.14003,1.13054,1.13164,288
2018-12-01,1.13164,1.13164,1.13164,1.13164,288
2018-12-02,1.13164,1.13502,1.13164,1.13421,288
2018-12-03,1.13422,1.13796,1.13192,1.13541,288
2018-12-04,1.13541,1.14187,1.13185,1.13424,288
2018-12-05,1.13425,1.13612,1.13107,1.13487,288
2018-12-06,1.13487,1.14123,1.13209,1.13758,288
2018-12-07,1.13758,1.14235,1.13603,1.13758,288
2018-12-08,1.13758,1.13758,1.13758,1.13758,288
2018-12-09,1.13758,1.14067,1.13758,1.13995,288
2018-12-10,1.13996,1.14426,1.13504,1.13558,288
2018-12-11,1.13559,1.14002,1.13062,1.13216,288
2018-12-12,1.13215,1.13872,1.13148,1.13725,288
2018-12-13,1.13725,1.13932,1.1331,1.1363,288
2018-12-14,1.1363,1.13649,1.12699,1.13045,288
2018-12-15,1.13045,1.13045,1.13045,1.13045,288
2018-12-16,1.13045,1.13083,1.12967,1.13041,288
2018-12-17,1.13043,1.13577,1.13027,1.13493,288
2018-12-18,1.13495,1.14022,1.13366,1.13758,288
2018-12-19,1.13756,1.14392,1.13643,1.13865,288
2018-12-20,1.13865,1.14859,1.13771,1.14565,288
2018-12-21,1.14566,1.14739,1.13559,1.13684,288
2018-12-22,1.13684,1.13684,1.13684,1.13684,288
2018-12-23,1.13684,1.13738,1.13604,1.13723,288
2018-12-24,1.13723,1.14384,1.13705,1.13995,288
2018-12-25,1.13998,1.14198,1.13892,1.14131,288
2018-12-26,1.14132,1.14163,1.13428,1.13601,288
2018-12-27,1.13602,1.1454,1.1358,1.14304,288
2018-12-28,1.14306,1.14727,1.14299,1.14414,288
2018-12-29,1.14414,1.14414,1.14414,1.14414,288
2018-12-30,1.14414,1.14414,1.14331,1.14389,288
2018-12-31,1.14389,1.14674,1.14213,1.14627,288
2019-01-01,1.14627,1.14676,1.14566,1.14612,288
2019-01-02,1.14612,1.14967,1.13092,1.13121,288
2019-01-03,1.13122,1.1411,1.13099,1.13899,288
2019-01-04,1.13901,1.14189,1.13456,1.13943,288
2019-01-05,1.13943,1.13943,1.13943,1.13943,288
2019-01-06,1.13943,1.14129,1.13943,1.14102,288
2019-01-07,1.14102,1.14826,1.14046,1.14789,288
2019-01-08,1.1479,1.14844,1.14222,1.14572,288
2019-01-09,1.14573,1.15578,1.14389,1.15541,288
2019-01-10,1.15541,1.15697,1.14844,1.15081,288
2019-01-11,1.15082,1.15403,1.1458,1.14656,288
2019-01-12,1.14656,1.14656,1.14656,1.14656,288
2019-01-13,1.14656,1.14685,1.14583,1.14597,288
2019-01-14,1.14598,1.1482,1.14506,1.14726,288
2019-01-15,1.14727,1.14896,1.13819,1.14141,288
2019-01-16,1.1414,1.14248,1.13777,1.13994,288
2019-01-17,1.13994,1.14059,1.137,1.1392,288
2019-01-18,1.1392,1.14103,1.13532,1.13614,288
2019-01-19,1.13614,1.13614,1.13614,1.13614,288
2019-01-20,1.13614,1.1368,1.13602,1.1365,288
2019-01-21,1.13651,1.1391,1.13567,1.13688,288
2019-01-22,1.13687,1.13739,1.13361,1.13633,288
2019-01-23,1.13634,1.13942,1.13505,1.13861,288
2019-01-24,1.13861,1.13913,1.12892,1.13126,288
2019-01-25,1.13127,1.14176,1.13049,1.14032,288
2019-01-26,1.14032,1.14032,1.14032,1.14032,288
2019-01-27,1.14032,1.14134,1.14004,1.14127,288
2019-01-28,1.14127,1.14436,1.139,1.14294,288
2019-01-29,1.14295,1.14501,1.14111,1.14348,288
2019-01-30,1.14348,1.15016,1.14062,1.14853,288
2019-01-31,1.14852,1.15141,1.14356,1.14482,288
2019-02-01,1.14482,1.14884,1.14343,1.14547,288
2019-02-02,1.14547,1.14547,1.14547,1.14547,288
2019-02-03,1.14547,1.14581,1.14503,1.14543,288
2019-02-04,1.14543,1.14603,1.14244,1.14349,288
2019-02-05,1.14348,1.14404,1.14011,1.14087,288
2019-02-06,1.14087,1.14091,1.13608,1.13656,288
2019-02-07,1.13655,1.13675,1.13244,1.13382,288
2019-02-08,1.13382,1.13508,1.13207,1.13207,288
2019-02-09,1.13207,1.13207,1.13207,1.13207,288
2019-02-10,1.13207,1.13248,1.13148,1.13237,288
2019-02-11,1.13239,1.13298,1.12672,1.12785,288
2019-02-12,1.12785,1.13396,1.12577,1.13336,288
2019-02-13,1.13336,1.13414,1.1249,1.12646,288
2019-02-14,1.12646,1.13098,1.12498,1.12947,288
2019-02-15,1.12946,1.13061,1.1234,1.12925,288
2019-02-16,1.12925,1.12925,1.12925,1.12925,288
2019-02-17,1.12925,1.12959,1.12889,1.12948,288
2019-02-18,1.12948,1.13338,1.12937,1.13114,288
2019-02-19,1.13115,1.13574,1.12755,1.13399,288
2019-02-20,1.13399,1.13711,1.13249,1.13461,288
2019-02-21,1.13461,1.13663,1.13202,1.13398,288
2019-02-22,1.13399,1.13556,1.13161,1.13319,288
2019-02-23,1.13319,1.13319,1.13319,1.13319,288
2019-02-24,1.13319,1.13421,1.13281,1.1342,288
2019-02-25,1.13421,1.13675,1.13367,1.13647,288
2019-02-26,1.13647,1.14027,1.1345,1.1393,288
2019-02-27,1.13931,1.14036,1.13622,1.13795,288
2019-02-28,1.13796,1.14197,1.13595,1.1373,288
2019-03-01,1.13731,1.14085,1.13533,1.13633,288
2019-03-02,1.13633,1.13633,1.13633,1.13633,288
2019-03-03,1.13633,1.13826,1.13633,1.13749,288
2019-03-04,1.13749,1.1375,1.1309,1.13362,288
2019-03-05,1.13363,1.13384,1.12895,1.1306,288
2019-03-06,1.13059,1.13245,1.12855,1.13129,288
2019-03-07,1.1313,1.13202,1.11764,1.1198,288
2019-03-08,1.1198,1.12461,1.11852,1.12311,288
2019-03-09,1.12311,1.12311,1.12311,1.12311,288
2019-03-10,1.12311,1.12374,1.12304,1.12315,288
2019-03-11,1.12315,1.12738,1.12217,1.12591,288
2019-03-12,1.1259,1.13049,1.12492,1.12865,288
2019-03-13,1.12864,1.13385,1.12773,1.13303,288
2019-03-14,1.13304,1.13361,1.1294,1.13064,288
2019-03-15,1.13066,1.13443,1.13,1.1324,288
2019-03-16,1.1324,1.1324,1.1324,1.1324,288
2019-03-17,1.1324,1.13277,1.13189,1.13192,288
2019-03-18,1.13193,1.13589,1.13192,1.1336,288
2019-03-19,1.1336,1.13615,1.13336,1.13542,288
2019-03-20,1.13543,1.1448,1.13354,1.14284,288
2019-03-21,1.14282,1.14373,1.13425,1.13737,288
2019-03-22,1.13737,1.13905,1.12732,1.13004,288
2019-03-23,1.13004,1.13004,1.13004,1.13004,288
2019-03-24,1.13004,1.13011,1.12883,1.12955,288
2019-03-25,1.12956,1.13314,1.12889,1.13151,288
2019-03-26,1.13152,1.13259,1.12632,1.12738,288
2019-03-27,1.12737,1.12855,1.12421,1.12521,288
2019-03-28,1.12518,1.12612,1.12135,1.12298,288
2019-03-29,1.12297,1.12466,1.12098,1.12179,288
2019-03-30,1.12179,1.12179,1.12179,1.12179,288
2019-03-31,1.12179,1.12312,1.12179,1.12231,288
2019-04-01,1.12231,1.12498,1.11984,1.12049,288
2019-04-02,1.12049,1.1216,1.11836,1.12032,288
2019-04-03,1.12032,1.12547,1.12019,1.12446,288
2019-04-04,1.12447,1.12475,1.12059,1.12222,288
2019-04-05,1.12222,1.12472,1.12099,1.12142,288
2019-04-06,1.12142,1.12142,1.12142,1.12142,288
2019-04-07,1.12142,1.12213,1.12118,1.12181,288
2019-04-08,1.12181,1.12744,1.12148,1.12555,288
2019-04-09,1.12557,1.12842,1.12554,1.12655,288
2019-04-10,1.12654,1.12876,1.12294,1.12758,288
2019-04-11,1.12759,1.12873,1.12498,1.12601,288
2019-04-12,1.12602,1.13239,1.12572,1.12976,288
2019-04-13,1.12976,1.12976,1.12976,1.12976,288
2019-04-14,1.12976,1.13072,1.12976,1.13028,288
2019-04-15,1.13029,1.13209,1.12975,1.13043,288
2019-04-16,1.13044,1.13139,1.12788,1.12845,288
2019-04-17,1.12845,1.13237,1.12813,1.12965,288
2019-04-18,1.12964,1.13039,1.12261,1.12349,288
2019-04-19,1.12349,1.12476,1.12323,1.12408,288
2019-04-20,1.12408,1.12408,1.12408,1.12408,288
2019-04-21,1.12408,1.12452,1.12373,1.1244,288
2019-04-22,1.1244,1.1262,1.12357,1.12584,288
2019-04-23,1.12585,1.12612,1.11921,1.12237,288
2019-04-24,1.12239,1.12241,1.11406,1.11533,288
2019-04-25,1.11534,1.11623,1.11178,1.11353,288
2019-04-26,1.11353,1.11739,1.11111,1.11429,288
2019-04-27,1.11429,1.11429,1.11429,1.11429,288
2019-04-28,1.11429,1.11516,1.11429,1.11494,288
2019-04-29,1.11494,1.11869,1.1145,1.11848,288
2019-04-30,1.11847,1.1229,1.11757,1.12157,288
2019-05-01,1.12157,1.12647,1.1187,1.12024,288
2019-05-02,1.12023,1.1219,1.11707,1.11729,288
2019-05-03,1.11728,1.12047,1.1135,1.12007,288
2019-05-04,1.12007,1.12007,1.12007,1.12007,288
2019-05-05,1.12007,1.12007,1.11672,1.11846,288
2019-05-06,1.11846,1.12092,1.1179,1.1201,288
2019-05-07,1.12011,1.12178,1.11666,1.11895,288
2019-05-08,1.11893,1.12136,1.11827,1.11977,288
2019-05-09,1.11977,1.12509,1.11734,1.12184,288
2019-05-10,1.12185,1.12536,1.12177,1.12329,288
2019-05-11,1.12329,1.12329,1.12329,1.12329,288
2019-05-12,1.12329,1.12408,1.12299,1.12357,288
2019-05-13,1.12358,1.12635,1.12191,1.1232,288
2019-05-14,1.1232,1.12439,1.12011,1.12032,288
2019-05-15,1.12031,1.12245,1.11779,1.12068,288
2019-05-16,1.12069,1.12238,1.11662,1.11731,288
2019-05-17,1.1173,1.11841,1.11551,1.11563,288
2019-05-18,1.11563,1.11563,1.11563,1.11563,288
2019-05-19,1.11563,1.11666,1.11563,1.11646,288
2019-05-20,1.11646,1.11748,1.11506,1.11673,288
2019-05-21,1.11673,1.1188,1.11419,1.11643,288
2019-05-22,1.11643,1.11802,1.11485,1.11552,288
2019-05-23,1.11553,1.11875,1.1107,1.11841,288
2019-05-24,1.11841,1.12121,1.11771,1.12043,288
2019-05-25,1.12043,1.12043,1.12043,1.12043,288
2019-05-26,1.12043,1.12116,1.12043,1.12068,288
2019-05-27,1.12067,1.12151,1.11869,1.11934,288
2019-05-28,1.11933,1.11983,1.11592,1.11681,288
2019-05-29,1.11682,1.11724,1.11243,1.11366,288
2019-05-30,1.11365,1.11433,1.1116,1.11295,288
2019-05-31,1.11295,1.11797,1.11251,1.11678,288
2019-06-01,1.11678,1.11678,1.11678,1.11678,288
2019-06-02,1.11678,1.11741,1.11607,1.11736,288
2019-06-03,1.11736,1.12619,1.11601,1.12457,288
2019-06-04,1.12458,1.12774,1.12267,1.12536,288
2019-06-05,1.12535,1.13065,1.122,1.12286,288
2019-06-06,1.12286,1.1309,1.12008,1.12755,288
2019-06-07,1.12756,1.13477,1.12512,1.13334,288
2019-06-08,1.13334,1.13334,1.13334,1.13334,288
2019-06-09,1.13334,1.13334,1.13143,1.1319,288
2019-06-10,1.1319,1.13243,1.12902,1.13179,288
2019-06-11,1.13179,1.13374,1.13013,1.13295,288
2019-06-12,1.13295,1.13434,1.12824,1.12924,288
2019-06-13,1.12924,1.13037,1.12683,1.12795,288
2019-06-14,1.12794,1.12891,1.12024,1.1205,288
2019-06-15,1.1205,1.1205,1.1205,1.1205,288
2019-06-16,1.1205,1.12172,1.1205,1.12155,288
2019-06-17,1.12155,1.1247,1.12037,1.12242,288
2019-06-18,1.12244,1.12428,1.11813,1.11978,288
2019-06-19,1.11978,1.12542,1.11871,1.12357,288
2019-06-20,1.12357,1.13173,1.12351,1.12943,288
2019-06-21,1.12943,1.13777,1.1283,1.13679,288
2019-06-22,1.13679,1.13679,1.13679,1.13679,288
2019-06-23,1.13679,1.13852,1.13662,1.1385,288
2019-06-24,1.1385,1.14039,1.13725,1.13991,288
2019-06-25,1.13993,1.14119,1.13442,1.13681,288
2019-06-26,1.1368,1.13913,1.13474,1.13735,288
2019-06-27,1.13734,1.13814,1.13477,1.13711,288
2019-06-28,1.13711,1.13933,1.13506,1.13681,288
2019-06-29,1.13681,1.13681,1.13681,1.13681,288
2019-06-30,1.13681,1.1371,1.13581,1.13601,288
2019-07-01,1.13601,1.1364,1.12801,1.12868,288
2019-07-02,1.12868,1.13215,1.12751,1.12904,288
2019-07-03,1.12904,1.13123,1.12686,1.12873,288
2019-07-04,1.12873,1.12951,1.12731,1.12853,288
2019-07-05,1.12853,1.1286,1.12073,1.12235,288
2019-07-06,1.12235,1.12235,1.12235,1.12235,288
2019-07-07,1.12235,1.12291,1.12215,1.12267,288
2019-07-08,1.12267,1.12344,1.12069,1.12151,288
2019-07-09,1.1215,1.12187,1.11933,1.12043,288
2019-07-10,1.12043,1.12643,1.12018,1.12583,288
2019-07-11,1.12585,1.12857,1.12451,1.12498,288
2019-07-12,1.12498,1.12748,1.12381,1.12698,288
2019-07-13,1.12698,1.12698,1.12698,1.12698,288
2019-07-14,1.12698,1.12744,1.12626,1.1271,288
2019-07-15,1.12711,1.12838,1.12532,1.12597,288
2019-07-16,1.12598,1.12634,1.12018,1.12116,288
2019-07-17,1.12117,1.12335,1.11997,1.12273,288
2019-07-18,1.12273,1.1282,1.12051,1.1261,288
2019-07-19,1.12608,1.12683,1.12033,1.12192,288
2019-07-20,1.12192,1.12192,1.12192,1.12192,288
2019-07-21,1.12192,1.12197,1.1214,1.12175,288
2019-07-22,1.12175,1.12253,1.12037,1.12042,288
2019-07-23,1.12042,1.1208,1.11457,1.11508,288
2019-07-24,1.11508,1.11558,1.11269,1.11419,288
2019-07-25,1.1142,1.11877,1.11013,1.11448,288
2019-07-26,1.11447,1.11509,1.1112,1.11247,288
2019-07-27,1.11247,1.11247,1.11247,1.11247,288
2019-07-28,1.11247,1.11325,1.11223,1.11295,288
2019-07-29,1.11295,1.11509,1.11128,1.11423,288
2019-07-30,1.11424,1.1161,1.11321,1.11568,288
2019-07-31,1.11568,1.1162,1.106,1.10715,288
2019-08-01,1.10715,1.10958,1.10268,1.10788,288
2019-08-02,1.10789,1.11164,1.10696,1.11057,288
2019-08-03,1.11057,1.11057,1.11057,1.11057,288
2019-08-04,1.11057,1.11138,1.11033,1.11075,288
2019-08-05,1.11079,1.12453,1.11064,1.12418,288
2019-08-06,1.12418,1.12497,1.11675,1.12054,288
2019-08-07,1.12053,1.12417,1.11791,1.12039,288
2019-08-08,1.12038,1.12323,1.11769,1.11861,288
2019-08-09,1.11861,1.12229,1.11833,1.11969,288
2019-08-10,1.11969,1.11969,1.11969,1.11969,288
2019-08-11,1.11969,1.1208,1.11967,1.12073,288
2019-08-12,1.12074,1.12306,1.11619,1.12162,288
2019-08-13,1.12162,1.12285,1.11698,1.11764,288
2019-08-14,1.11764,1.11908,1.11305,1.11428,288
2019-08-15,1.11428,1.11583,1.10913,1.11103,288
2019-08-16,1.11105,1.11113,1.10662,1.10899,288
2019-08-17,1.10899,1.10899,1.10899,1.10899,288
2019-08-18,1.10899,1.1101,1.10895,1.10919,288
2019-08-19,1.10918,1.11137,1.1076,1.10814,288
2019-08-20,1.10816,1.11066,1.10655,1.10972,288
2019-08-21,1.1097,1.1107,1.10804,1.10901,288
2019-08-22,1.10903,1.1113,1.10635,1.10836,288
2019-08-23,1.10835,1.11532,1.10516,1.1136,288
2019-08-24,1.1136,1.1136,1.1136,1.1136,288
2019-08-25,1.1136,1.11639,1.1136,1.11433,288
2019-08-26,1.11433,1.11529,1.10942,1.11013,288
2019-08-27,1.11012,1.11159,1.10855,1.10893,288
2019-08-28,1.10894,1.10978,1.10733,1.10855,288
2019-08-29,1.10856,1.1093,1.10419,1.10589,288
2019-08-30,1.10589,1.10599,1.09632,1.0988,288
2019-08-31,1.0988,1.0988,1.0988,1.0988,288
2019-09-01,1.0988,1.09962,1.09831,1.09904,288
2019-09-02,1.09903,1.09931,1.0958,1.09641,288
2019-09-03,1.09641,1.09786,1.0926,1.09725,288
2019-09-04,1.09725,1.10383,1.09715,1.10347,288
2019-09-05,1.10346,1.10847,1.10166,1.1034,288
2019-09-06,1.1034,1.10572,1.10201,1.1025,288
2019-09-07,1.1025,1.1025,1.1025,1.1025,288
2019-09-08,1.1025,1.10275,1.10195,1.10201,288
2019-09-09,1.10202,1.1068,1.10153,1.10469,288
2019-09-10,1.10469,1.10595,1.10305,1.10501,288
2019-09-11,1.10501,1.10555,1.09851,1.10135,288
2019-09-12,1.10134,1.10871,1.09268,1.10561,288
2019-09-13,1.1056,1.11094,1.1056,1.10707,288
2019-09-14,1.10707,1.10707,1.10707,1.10707,288
2019-09-15,1.10707,1.10863,1.10695,1.10831,288
2019-09-16,1.10831,1.10843,1.09932,1.10031,288
2019-09-17,1.1003,1.10755,1.09901,1.10736,288
2019-09-18,1.10737,1.10746,1.10136,1.10291,288
2019-09-19,1.10291,1.10735,1.10229,1.10446,288
2019-09-20,1.10444,1.10676,1.09961,1.10169,288
2019-09-21,1.10169,1.10169,1.10169,1.10169,288
2019-09-22,1.10169,1.10197,1.10106,1.10185,288
2019-09-23,1.10185,1.10253,1.09661,1.09939,288
2019-09-24,1.09938,1.1024,1.09837,1.10135,288
2019-09-25,1.10134,1.10168,1.09374,1.09511,288
2019-09-26,1.09511,1.09672,1.09087,1.09222,288
2019-09-27,1.09223,1.09586,1.09046,1.09367,288
2019-09-28,1.09367,1.09367,1.09367,1.09367,288
2019-09-29,1.09367,1.09461,1.09367,1.09422,288
2019-09-30,1.09421,1.09478,1.08847,1.08993,288
2019-10-01,1.08992,1.09428,1.0879,1.09339,288
2019-10-02,1.0934,1.09636,1.0904,1.09605,288
2019-10-03,1.09604,1.09992,1.09408,1.09744,288
2019-10-04,1.09745,1.0999,1.0957,1.0976,288
2019-10-05,1.0976,1.0976,1.0976,1.0976,288
2019-10-06,1.0976,1.09838,1.09728,1.09832,288
2019-10-07,1.09832,1.10004,1.09619,1.09715,288
2019-10-08,1.09716,1.09958,1.09409,1.09597,288
2019-10-09,1.09597,1.099,1.09548,1.09842,288
2019-10-10,1.09841,1.10337,1.09797,1.10106,288
2019-10-11,1.10105,1.10626,1.10007,1.10329,288
2019-10-12,1.10329,1.10329,1.10329,1.10329,288
2019-10-13,1.10329,1.10385,1.1025,1.10282,288
2019-10-14,1.10281,1.10426,1.10128,1.10259,288
2019-10-15,1.10258,1.10459,1.09912,1.10344,288
2019-10-16,1.10344,1.10855,1.10223,1.10737,288
2019-10-17,1.10738,1.11398,1.1065,1.11244,288
2019-10-18,1.11245,1.11719,1.11145,1.11703,288
2019-10-19,1.11703,1.11703,1.11703,1.11703,288
2019-10-20,1.11703,1.11703,1.11494,1.11558,288
2019-10-21,1.11559,1.11793,1.11386,1.11515,288
2019-10-22,1.11517,1.11568,1.11176,1.11289,288
2019-10-23,1.11288,1.11405,1.11061,1.11322,288
2019-10-24,1.11322,1.11627,1.1093,1.11034,288
2019-10-25,1.11035,1.11229,1.10729,1.1079,288
2019-10-26,1.1079,1.1079,1.1079,1.1079,288
2019-10-27,1.1079,1.1084,1.10774,1.10839,288
2019-10-28,1.10839,1.11065,1.1076,1.10982,288
2019-10-29,1.10982,1.11183,1.10735,1.1112,288
2019-10-30,1.11119,1.11554,1.10801,1.11521,288
2019-10-31,1.11521,1.11755,1.11314,1.11561,288
2019-11-01,1.11559,1.11718,1.11281,1.11641,288
2019-11-02,1.11641,1.11641,1.11641,1.11641,288
2019-11-03,1.11641,1.11696,1.11639,1.11661,288
2019-11-04,1.1166,1.11753,1.11218,1.11279,288
2019-11-05,1.11279,1.11401,1.10635,1.10738,288
2019-11-06,1.10739,1.10928,1.10651,1.107,288
2019-11-07,1.10699,1.10914,1.1036,1.10523,288
2019-11-08,1.10524,1.10554,1.10167,1.10176,288
2019-11-09,1.10176,1.10176,1.10176,1.10176,288
2019-11-10,1.10176,1.10231,1.10176,1.10218,288
2019-11-11,1.10217,1.1043,1.10163,1.10347,288
2019-11-12,1.10347,1.10385,1.10025,1.1012,288
2019-11-13,1.1012,1.10203,1.09953,1.10096,288
2019-11-14,1.10096,1.10274,1.0989,1.10197,288
2019-11-15,1.10198,1.10569,1.10145,1.10494,288
2019-11-16,1.10494,1.10494,1.10494,1.10494,288
2019-11-17,1.10494,1.10545,1.10487,1.10539,288
2019-11-18,1.1054,1.10899,1.10533,1.10722,288
2019-11-19,1.10721,1.10839,1.10626,1.10779,288
2019-11-20,1.10781,1.10813,1.1053,1.10779,288
2019-11-21,1.10779,1.10969,1.10522,1.10656,288
2019-11-22,1.10657,1.10872,1.10143,1.10179,288
2019-11-23,1.10179,1.10179,1.10179,1.10179,288
2019-11-24,1.10179,1.10225,1.10162,1.10225,288
2019-11-25,1.10225,1.10321,1.10035,1.10104,288
2019-11-26,1.10105,1.10256,1.10071,1.1022,288
2019-11-27,1.1022,1.10222,1.09922,1.10048,288
2019-11-28,1.10049,1.10179,1.10003,1.10113,288
2019-11-29,1.10113,1.10282,1.09811,1.1015,288
2019-11-30,1.1015,1.1015,1.1015,1.1015,288
2019-12-01,1.1015,1.10269,1.1015,1.10182,288
2019-12-02,1.10182,1.10907,1.10029,1.10761,288
2019-12-03,1.1076,1.10934,1.1066,1.10818,288
2019-12-04,1.10819,1.11161,1.10666,1.10827,288
2019-12-05,1.10824,1.1108,1.10793,1.11038,288
2019-12-06,1.11039,1.11097,1.10398,1.10543,288
2019-12-07,1.10543,1.10543,1.10543,1.10543,288
2019-12-08,1.10543,1.10604,1.10543,1.10582,288
2019-12-09,1.10581,1.10779,1.10533,1.10643,288
2019-12-10,1.10642,1.10977,1.10628,1.10923,288
2019-12-11,1.10923,1.11448,1.10701,1.11325,288
2019-12-12,1.11326,1.11995,1.11029,1.11833,288
2019-12-13,1.11833,1.1186,1.1112,1.11174,288
2019-12-14,1.11174,1.11174,1.11174,1.11174,288
2019-12-15,1.11174,1.11309,1.11174,1.11242,288
2019-12-16,1.11241,1.11581,1.11229,1.11355,288
2019-12-17,1.11355,1.11746,1.11293,1.11514,288
2019-12-18,1.11512,1.11512,1.11105,1.11154,288
2019-12-19,1.11154,1.11442,1.11072,1.11231,288
2019-12-20,1.11231,1.11236,1.10662,1.10769,288
2019-12-21,1.10769,1.10769,1.10769,1.10769,288
2019-12-22,1.10769,1.10813,1.10766,1.10802,288
2019-12-23,1.10801,1.10958,1.10699,1.10917,288
2019-12-24,1.10918,1.10938,1.1069,1.10873,288
2019-12-25,1.10873,1.10953,1.1073,1.10944,288
2019-12-26,1.10944,1.11088,1.10821,1.11012,288
2019-12-27,1.11013,1.11883,1.10987,1.11713,288
2019-12-28,1.11713,1.11713,1.11713,1.11713,288
2019-12-29,1.11713,1.11839,1.11713,1.11813,288
2019-12-30,1.11812,1.12207,1.11806,1.12013,288
2019-12-31,1.12013,1.12391,1.11987,1.12076,288
2020-01-01,1.12076,1.12218,1.12076,1.12188,288
2020-01-02,1.12188,1.12245,1.11635,1.11708,288
2020-01-03,1.11707,1.11798,1.11249,1.11548,288
2020-01-04,1.11548,1.11548,1.11548,1.11548,288
2020-01-05,1.11548,1.11677,1.11548,1.11604,288
2020-01-06,1.11603,1.12055,1.11571,1.11954,288
2020-01-07,1.11953,1.1197,1.11335,1.1154,288
2020-01-08,1.11539,1.11682,1.11016,1.11129,288
2020-01-09,1.1113,1.11204,1.10924,1.11093,288
2020-01-10,1.11092,1.11291,1.1085,1.11165,288
2020-01-11,1.11165,1.11165,1.11165,1.11165,288
2020-01-12,1.11165,1.11209,1.11128,1.11161,288
2020-01-13,1.11161,1.11469,1.11125,1.11344,288
2020-01-14,1.11344,1.11444,1.11045,1.11275,288
2020-01-15,1.11276,1.11634,1.11185,1.11524,288
2020-01-16,1.11524,1.11727,1.11279,1.11368,288
2020-01-17,1.11368,1.11425,1.10862,1.1089,288
2020-01-18,1.1089,1.1089,1.1089,1.1089,288
2020-01-19,1.1089,1.10948,1.10889,1.10946,288
2020-01-20,1.10946,1.11023,1.10766,1.10962,288
2020-01-21,1.10963,1.11179,1.10809,1.10851,288
2020-01-22,1.10851,1.10984,1.107,1.10957,288
2020-01-23,1.10956,1.11087,1.10362,1.10554,288
2020-01-24,1.10554,1.10617,1.10195,1.10224,288
2020-01-25,1.10224,1.10224,1.10224,1.10224,288
2020-01-26,1.10224,1.10343,1.10224,1.10245,288
2020-01-27,1.10245,1.10375,1.10096,1.10193,288
2020-01-28,1.10193,1.10252,1.09978,1.1022,288
2020-01-29,1.1022,1.10276,1.09923,1.10138,288
2020-01-30,1.10138,1.10393,1.10069,1.10285,288
2020-01-31,1.10285,1.10954,1.10168,1.10944,288
2020-02-01,1.10944,1.10944,1.10944,1.10944,288
2020-02-02,1.10944,1.10944,1.10813,1.1089,288
2020-02-03,1.1089,1.1089,1.10356,1.10623,288
2020-02-04,1.10623,1.10641,1.10328,1.10446,288
2020-02-05,1.10449,1.10479,1.09937,1.10003,288
2020-02-06,1.10003,1.10138,1.09644,1.09806,288
2020-02-07,1.09809,1.09849,1.09419,1.09438,288
2020-02-08,1.09438,1.09438,1.09438,1.09438,288
2020-02-09,1.09438,1.09507,1.09419,1.09491,288
2020-02-10,1.09491,1.09574,1.09076,1.09101,288
2020-02-11,1.09103,1.09248,1.08913,1.09189,288
2020-02-12,1.09187,1.09255,1.08654,1.08756,288
2020-02-13,1.08755,1.08887,1.0834,1.08413,288
2020-02-14,1.08415,1.08611,1.08271,1.08299,288
2020-02-15,1.08299,1.08299,1.08299,1.08299,288
2020-02-16,1.08299,1.08416,1.08299,1.08411,288
2020-02-17,1.08411,1.08509,1.08291,1.08366,288
2020-02-18,1.08365,1.08372,1.07854,1.07949,288
2020-02-19,1.07949,1.08115,1.07822,1.08096,288
2020-02-20,1.08095,1.08211,1.07778,1.07875,288
2020-02-21,1.07875,1.08635,1.07871,1.08456,288
2020-02-22,1.08456,1.08456,1.08456,1.08456,288
2020-02-23,1.08456,1.08456,1.08132,1.08384,288
2020-02-24,1.08385,1.0872,1.0805,1.08485,288
2020-02-25,1.08485,1.08902,1.083,1.08797,288
2020-02-26,1.08796,1.09086,1.08549,1.08864,288
2020-02-27,1.08865,1.10064,1.08848,1.09963,288
2020-02-28,1.09964,1.1053,1.09509,1.10251,288
2020-02-29,1.10251,1.10251,1.10251,1.10251,288
2020-03-01,1.10251,1.10739,1.10251,1.10515,288
2020-03-02,1.10516,1.11845,1.10362,1.11443,288
2020-03-03,1.11443,1.12134,1.10953,1.11765,288
2020-03-04,1.11765,1.11875,1.10955,1.1138,288
2020-03-05,1.11382,1.12447,1.11195,1.12224,288
2020-03-06,1.12224,1.13546,1.12112,1.12804,288
2020-03-07,1.12804,1.12804,1.12804,1.12804,288
2020-03-08,1.12804,1.13963,1.12804,1.13876,288
2020-03-09,1.13876,1.14954,1.13559,1.13989,288
2020-03-10,1.13989,1.14251,1.12749,1.13136,288
2020-03-11,1.13136,1.13667,1.12501,1.12611,288
2020-03-12,1.12612,1.13336,1.1055,1.11823,288
2020-03-13,1.11822,1.12213,1.1055,1.10992,288
2020-03-14,1.10992,1.10992,1.10992,1.10992,288
2020-03-15,1.10992,1.11996,1.10705,1.1156,288
2020-03-16,1.1156,1.12366,1.10849,1.11633,288
2020-03-17,1.11632,1.11891,1.0955,1.1016,288
2020-03-18,1.10161,1.10451,1.08016,1.09442,288
2020-03-19,1.09442,1.0949,1.06542,1.06544,288
2020-03-20,1.06543,1.08309,1.06375,1.06929,288
2020-03-21,1.06929,1.06929,1.06929,1.06929,288
2020-03-22,1.06929,1.07044,1.06357,1.06886,288
2020-03-23,1.06886,1.08279,1.06577,1.07635,288
2020-03-24,1.07633,1.08879,1.07457,1.07977,288
2020-03-25,1.07978,1.08938,1.07599,1.08884,288
2020-03-26,1.08882,1.10589,1.08742,1.10475,288
2020-03-27,1.10475,1.11473,1.09533,1.11379,288
2020-03-28,1.11379,1.11379,1.11379,1.11379,288
2020-03-29,1.11379,1.1144,1.11049,1.11361,288
2020-03-30,1.11361,1.11383,1.101,1.1029,288
2020-03-31,1.10289,1.10427,1.09265,1.10259,288
2020-04-01,1.1026,1.10361,1.09026,1.09513,288
2020-04-02,1.09514,1.09644,1.08206,1.0846,288
2020-04-03,1.08459,1.08553,1.07727,1.07955,288
2020-04-04,1.07955,1.07955,1.07955,1.07955,288
2020-04-05,1.07955,1.08214,1.07955,1.08053,288
2020-04-06,1.08053,1.08354,1.07683,1.07988,288
2020-04-07,1.07988,1.09263,1.07904,1.08935,288
2020-04-08,1.08934,1.08969,1.08299,1.08599,288
2020-04-09,1.08598,1.09516,1.08409,1.09226,288
2020-04-10,1.09226,1.09524,1.09192,1.09326,288
2020-04-11,1.09326,1.09326,1.09326,1.09326,288
2020-04-12,1.09326,1.09482,1.09304,1.09315,288
2020-04-13,1.09314,1.09678,1.08926,1.09198,288
2020-04-14,1.09197,1.09907,1.09149,1.09834,288
2020-04-15,1.09832,1.09872,1.08564,1.09037,288
2020-04-16,1.09036,1.09072,1.08166,1.08584,288
2020-04-17,1.08588,1.08926,1.08119,1.08711,288
2020-04-18,1.08711,1.08711,1.08711,1.08711,288
2020-04-19,1.08711,1.08777,1.08634,1.08635,288
2020-04-20,1.08635,1.08967,1.08411,1.08637,288
2020-04-21,1.08636,1.08802,1.08165,1.08563,288
2020-04-22,1.08563,1.08852,1.08032,1.08062,288
2020-04-23,1.08062,1.08466,1.0756,1.07743,288
2020-04-24,1.07743,1.08294,1.07271,1.08196,288
2020-04-25,1.08196,1.08196,1.08196,1.08196,288
2020-04-26,1.08196,1.08228,1.08146,1.08209,288
2020-04-27,1.08208,1.08602,1.08112,1.08245,288
2020-04-28,1.08244,1.08884,1.08097,1.08324,288
2020-04-29,1.08324,1.08856,1.08308,1.08772,288
2020-04-30,1.0877,1.09726,1.0833,1.09448,288
2020-05-01,1.09447,1.10187,1.09344,1.09777,288
2020-05-02,1.09777,1.09777,1.09777,1.09777,288
2020-05-03,1.09777,1.09777,1.09529,1.09608,288
2020-05-04,1.09608,1.09609,1.08956,1.0903,288
2020-05-05,1.09031,1.09258,1.08258,1.08384,288
2020-05-06,1.08385,1.08438,1.07819,1.0798,288
2020-05-07,1.0798,1.08408,1.07665,1.08361,288
2020-05-08,1.0836,1.08756,1.08151,1.08371,288
2020-05-09,1.08371,1.08371,1.08371,1.08371,288
2020-05-10,1.08371,1.08395,1.08239,1.08377,288
2020-05-11,1.08377,1.08504,1.08005,1.08093,288
2020-05-12,1.08093,1.08851,1.07843,1.08454,288
2020-05-13,1.08455,1.08965,1.08116,1.0821,288
2020-05-14,1.0821,1.08239,1.07748,1.0806,288
2020-05-15,1.08061,1.08509,1.07888,1.08183,288
2020-05-16,1.08183,1.08183,1.08183,1.08183,288
2020-05-17,1.08183,1.08231,1.08067,1.08186,288
2020-05-18,1.08186,1.0927,1.07999,1.09139,288
2020-05-19,1.09138,1.09759,1.09021,1.0926,288
2020-05-20,1.09262,1.09989,1.09262,1.09796,288
2020-05-21,1.09794,1.10083,1.09371,1.0949,288
2020-05-22,1.09491,1.09535,1.08852,1.0898,288
2020-05-23,1.0898,1.0898,1.0898,1.0898,288
2020-05-24,1.0898,1.09083,1.08951,1.09079,288
2020-05-25,1.0908,1.09144,1.08706,1.09016,288
2020-05-26,1.09015,1.09957,1.08969,1.09784,288
2020-05-27,1.09785,1.10307,1.0934,1.10166,288
2020-05-28,1.10165,1.10934,1.09916,1.10779,288
2020-05-29,1.10778,1.11451,1.10698,1.11036,288
2020-05-30,1.11036,1.11036,1.11036,1.11036,288
2020-05-31,1.11036,1.11195,1.11023,1.11156,288
2020-06-01,1.11155,1.1154,1.11004,1.11251,288
2020-06-02,1.11252,1.11959,1.11151,1.11851,288
2020-06-03,1.1185,1.12577,1.11795,1.12349,288
2020-06-04,1.1235,1.13623,1.11947,1.13354,288
2020-06-05,1.13357,1.13836,1.12784,1.12911,288
2020-06-06,1.12911,1.12911,1.12911,1.12911,288
2020-06-07,1.12911,1.13198,1.12911,1.1316,288
2020-06-08,1.1316,1.13185,1.12682,1.1304,288
2020-06-09,1.1304,1.13638,1.12409,1.1332,288
2020-06-10,1.1332,1.14224,1.13219,1.13667,288
2020-06-11,1.13668,1.14036,1.1287,1.12879,288
2020-06-12,1.12881,1.13405,1.12125,1.1255,288
2020-06-13,1.1255,1.1255,1.1255,1.1255,288
2020-06-14,1.1255,1.12582,1.12262,1.12515,288
2020-06-15,1.12516,1.1338,1.12267,1.13375,288
2020-06-16,1.13376,1.13532,1.12278,1.12648,288
2020-06-17,1.12649,1.12939,1.12068,1.12419,288
2020-06-18,1.12419,1.12613,1.11854,1.12076,288
2020-06-19,1.12075,1.12542,1.1168,1.11759,288
2020-06-20,1.11759,1.11759,1.11759,1.11759,288
2020-06-21,1.11759,1.11874,1.11684,1.11766,288
2020-06-22,1.11766,1.12809,1.11737,1.12776,288
2020-06-23,1.12775,1.13486,1.1233,1.13124,288
2020-06-24,1.13124,1.13257,1.12481,1.12499,288
2020-06-25,1.125,1.12597,1.11903,1.12179,288
2020-06-26,1.12179,1.12393,1.11951,1.1217,288
2020-06-27,1.1217,1.1217,1.1217,1.1217,288
2020-06-28,1.1217,1.1228,1.12149,1.12219,288
2020-06-29,1.12219,1.12879,1.12193,1.12467,288
2020-06-30,1.12466,1.12619,1.1191,1.12335,288
2020-07-01,1.12336,1.12751,1.11848,1.12511,288
2020-07-02,1.12511,1.13026,1.12233,1.12372,288
2020-07-03,1.12373,1.12518,1.12192,1.12464,288
2020-07-04,1.12464,1.12464,1.12464,1.12464,288
2020-07-05,1.12464,1.12494,1.12411,1.12466,288
2020-07-06,1.12467,1.13454,1.12467,1.13123,288
2020-07-07,1.13123,1.13325,1.12588,1.12744,288
2020-07-08,1.12745,1.13518,1.12623,1.13372,288
2020-07-09,1.13372,1.13706,1.12801,1.12879,288
2020-07-10,1.12881,1.13247,1.12547,1.1299,288
2020-07-11,1.1299,1.1299,1.1299,1.1299,288
2020-07-12,1.1299,1.13173,1.1299,1.13085,288
2020-07-13,1.13086,1.13748,1.13008,1.13447,288
2020-07-14,1.13447,1.14123,1.13251,1.14099,288
2020-07-15,1.141,1.1452,1.1391,1.14168,288
2020-07-16,1.14168,1.14417,1.13704,1.13878,288
2020-07-17,1.13877,1.14436,1.13774,1.14269,288
2020-07-18,1.14269,1.14269,1.14269,1.14269,288
2020-07-19,1.14269,1.14456,1.14084,1.14421,288
2020-07-20,1.14421,1.14677,1.14023,1.14557,288
2020-07-21,1.14559,1.15423,1.14228,1.1535,288
2020-07-22,1.1535,1.16013,1.15068,1.15646,288
2020-07-23,1.15647,1.16268,1.15403,1.15952,288
2020-07-24,1.15953,1.1658,1.15812,1.16546,288
2020-07-25,1.16546,1.16546,1.16546,1.16546,288
2020-07-26,1.16546,1.16555,1.16413,1.16495,288
2020-07-27,1.16496,1.17813,1.16494,1.17682,288
2020-07-28,1.17681,1.17736,1.16987,1.17185,288
2020-07-29,1.17185,1.18061,1.17139,1.17806,288
2020-07-30,1.17809,1.18762,1.17308,1.18719,288
2020-07-31,1.18718,1.19087,1.17617,1.17753,288
2020-08-01,1.17753,1.17753,1.17753,1.17753,288
2020-08-02,1.17753,1.17966,1.17717,1.1781,288
2020-08-03,1.17809,1.17887,1.16959,1.17603,288
2020-08-04,1.17603,1.18148,1.17211,1.18136,288
2020-08-05,1.18135,1.19048,1.17992,1.1872,288
2020-08-06,1.18721,1.1916,1.18179,1.18752,288
2020-08-07,1.18753,1.18818,1.17551,1.17862,288
2020-08-08,1.17862,1.17862,1.17862,1.17862,288
2020-08-09,1.17862,1.17896,1.17732,1.1781,288
2020-08-10,1.1781,1.18006,1.17357,1.1736,288
2020-08-11,1.1736,1.1808,1.17219,1.17347,288
2020-08-12,1.17348,1.1817,1.1711,1.17939,288
2020-08-13,1.17939,1.18641,1.17934,1.18155,288
2020-08-14,1.18153,1.18503,1.17817,1.18414,288
2020-08-15,1.18414,1.18414,1.18414,1.18414,288
2020-08-16,1.18414,1.18528,1.18324,1.18518,288
2020-08-17,1.18518,1.18809,1.18286,1.18745,288
2020-08-18,1.18745,1.19656,1.18742,1.19464,288
2020-08-19,1.19463,1.19526,1.18302,1.18437,288
2020-08-20,1.1844,1.18711,1.18019,1.18695,288
2020-08-21,1.18694,1.18828,1.17541,1.17949,288
2020-08-22,1.17949,1.17949,1.17949,1.17949,288
2020-08-23,1.17949,1.18065,1.17911,1.17981,288
2020-08-24,1.17981,1.18495,1.17841,1.17934,288
2020-08-25,1.17934,1.18435,1.17841,1.18339,288
2020-08-26,1.1834,1.18406,1.17721,1.184,288
2020-08-27,1.18403,1.19018,1.17623,1.18205,288
2020-08-28,1.18205,1.19197,1.18109,1.19018,288
2020-08-29,1.19018,1.19018,1.19018,1.19018,288
2020-08-30,1.19018,1.19202,1.18996,1.19171,288
2020-08-31,1.1917,1.1966,1.1884,1.19367,288
2020-09-01,1.19368,1.20113,1.19013,1.19226,288
2020-09-02,1.19224,1.19239,1.18221,1.18457,288
2020-09-03,1.18458,1.18646,1.17889,1.18412,288
2020-09-04,1.18413,1.18654,1.17809,1.18371,288
2020-09-05,1.18371,1.18371,1.18371,1.18371,288
2020-09-06,1.18371,1.18469,1.18319,1.18342,288
2020-09-07,1.18342,1.18486,1.18116,1.18188,288
2020-09-08,1.18187,1.18273,1.1757,1.17667,288
2020-09-09,1.17667,1.18339,1.17527,1.18037,288
2020-09-10,1.18035,1.19175,1.18004,1.18234,288
2020-09-11,1.18237,1.18741,1.18237,1.18453,288
2020-09-12,1.18453,1.18453,1.18453,1.18453,288
2020-09-13,1.18453,1.18473,1.18347,1.18404,288
2020-09-14,1.18404,1.1888,1.18319,1.18671,288
2020-09-15,1.1867,1.19005,1.18395,1.18419,288
2020-09-16,1.1842,1.18825,1.17876,1.18045,288
2020-09-17,1.18043,1.18561,1.17373,1.18468,288
2020-09-18,1.18468,1.18705,1.1826,1.18385,288
2020-09-19,1.18385,1.18385,1.18385,1.18385,288
2020-09-20,1.18385,1.18498,1.18369,1.18456,288
2020-09-21,1.18455,1.18717,1.17317,1.17626,288
2020-09-22,1.17627,1.17715,1.16916,1.17059,288
2020-09-23,1.1706,1.17188,1.16513,1.16568,288
2020-09-24,1.16567,1.16869,1.16265,1.16735,288
2020-09-25,1.16735,1.1685,1.16121,1.16277,288
2020-09-26,1.16277,1.16277,1.16277,1.16277,288
2020-09-27,1.16277,1.16377,1.16206,1.16341,288
2020-09-28,1.16341,1.16799,1.1615,1.16768,288
2020-09-29,1.16768,1.17457,1.16652,1.17414,288
2020-09-30,1.17414,1.17548,1.16847,1.17232,288
2020-10-01,1.17234,1.17696,1.17171,1.17439,288
2020-10-02,1.17439,1.17445,1.16956,1.17157,288
2020-10-03,1.17157,1.17157,1.17157,1.17157,288
2020-10-04,1.17157,1.17201,1.17053,1.17195,288
2020-10-05,1.17195,1.17975,1.17176,1.17891,288
2020-10-06,1.17889,1.18077,1.17302,1.17371,288
2020-10-07,1.1737,1.17818,1.17249,1.17657,288
2020-10-08,1.17657,1.17816,1.17326,1.17668,288
2020-10-09,1.17667,1.1831,1.17576,1.18248,288
2020-10-10,1.18248,1.18248,1.18248,1.18248,288
2020-10-11,1.18248,1.18248,1.18102,1.18157,288
2020-10-12,1.18156,1.18266,1.17867,1.18129,288
2020-10-13,1.18127,1.18139,1.17304,1.1742,288
2020-10-14,1.17419,1.1771,1.17199,1.17447,288
2020-10-15,1.17444,1.17578,1.16884,1.17064,288
2020-10-16,1.17065,1.17462,1.16939,1.17132,288
2020-10-17,1.17132,1.17132,1.17132,1.17132,288
2020-10-18,1.17132,1.17209,1.17112,1.17156,288
2020-10-19,1.17154,1.17936,1.17031,1.17683,288
2020-10-20,1.17683,1.18407,1.17598,1.1829,288
2020-10-21,1.18289,1.18807,1.1828,1.18516,288
2020-10-22,1.18516,1.18668,1.18114,1.18146,288
2020-10-23,1.18143,1.18648,1.17866,1.18572,288
2020-10-24,1.18572,1.18572,1.18572,1.18572,288
2020-10-25,1.18572,1.18605,1.18392,1.18479,288
2020-10-26,1.18479,1.18504,1.18032,1.18091,288
2020-10-27,1.18092,1.18387,1.17695,1.17815,288
2020-10-28,1.17818,1.17879,1.17178,1.17482,288
2020-10-29,1.17482,1.17587,1.16501,1.16783,288
2020-10-30,1.16782,1.17042,1.164,1.16431,288
2020-10-31,1.16431,1.16431,1.16431,1.16431,288
2020-11-01,1.16431,1.16503,1.16386,1.16416,288
2020-11-02,1.16415,1.16557,1.16221,1.16404,288
2020-11-03,1.16405,1.17639,1.16372,1.17616,288
2020-11-04,1.17617,1.17704,1.16026,1.17321,288
2020-11-05,1.17321,1.18596,1.17107,1.18167,288
2020-11-06,1.18169,1.18908,1.17952,1.187,288
2020-11-07,1.187,1.187,1.187,1.187,288
2020-11-08,1.187,1.1895,1.187,1.18924,288
2020-11-09,1.18924,1.19199,1.17952,1.1824,288
2020-11-10,1.1824,1.18432,1.17799,1.18184,288
2020-11-11,1.18183,1.18327,1.17454,1.17792,288
2020-11-12,1.17792,1.18231,1.17585,1.18038,288
2020-11-13,1.18039,1.18374,1.17989,1.1831,288
2020-11-14,1.1831,1.1831,1.1831,1.1831,288
2020-11-15,1.1831,1.18488,1.18288,1.18448,288
2020-11-16,1.18447,1.18689,1.18141,1.18592,288
2020-11-17,1.18593,1.18937,1.18425,1.18636,288
2020-11-18,1.18637,1.18908,1.18448,1.18451,288
2020-11-19,1.18452,1.18825,1.18161,1.18653,288
2020-11-20,1.18655,1.18908,1.18498,1.18544,288
2020-11-21,1.18544,1.18544,1.18544,1.18544,288
2020-11-22,1.18544,1.18659,1.18528,1.18654,288
2020-11-23,1.18655,1.1906,1.17997,1.18422,288
2020-11-24,1.18422,1.18978,1.18384,1.18974,288
2020-11-25,1.18976,1.19297,1.18818,1.19162,288
2020-11-26,1.19164,1.19409,1.18852,1.19109,288
2020-11-27,1.1911,1.19641,1.19094,1.1962,288
2020-11-28,1.1962,1.1962,1.1962,1.1962,288
2020-11-29,1.1962,1.19738,1.1961,1.19721,288
2020-11-30,1.19722,1.20032,1.19236,1.19374,288
2020-12-01,1.19372,1.20765,1.19353,1.20706,288
2020-12-02,1.20707,1.21183,1.20399,1.21138,288
2020-12-03,1.21137,1.21746,1.2101,1.21449,288
2020-12-04,1.21449,1.21773,1.21101,1.21202,288
2020-12-05,1.21202,1.21202,1.21202,1.21202,288
2020-12-06,1.21202,1.21324,1.21195,1.212,288
2020-12-07,1.21199,1.21662,1.20784,1.21092,288
2020-12-08,1.21091,1.21339,1.20953,1.21094,288
2020-12-09,1.21095,1.21475,1.20587,1.20784,288
2020-12-10,1.20784,1.21588,1.20784,1.21433,288
2020-12-11,1.21434,1.21629,1.21053,1.21086,288
2020-12-12,1.21086,1.21086,1.21086,1.21086,288
2020-12-13,1.21086,1.21435,1.21086,1.21331,288
2020-12-14,1.21331,1.21767,1.21155,1.21486,288
2020-12-15,1.21485,1.21689,1.2121,1.21543,288
2020-12-16,1.21543,1.22121,1.2125,1.21961,288
2020-12-17,1.21961,1.22726,1.21898,1.22614,288
2020-12-18,1.22613,1.22687,1.22255,1.22559,288
2020-12-19,1.22559,1.22559,1.22559,1.22559,288
2020-12-20,1.22559,1.22559,1.22113,1.22118,288
2020-12-21,1.22118,1.22529,1.21296,1.22346,288
2020-12-22,1.22347,1.2257,1.2152,1.21872,288
2020-12-23,1.21871,1.2221,1.21538,1.21939,288
2020-12-24,1.2194,1.22156,1.21773,1.2182,288
2020-12-25,1.21816,1.22031,1.21709,1.21922,288
2020-12-26,1.21922,1.21922,1.21922,1.21922,288
2020-12-27,1.21922,1.22072,1.21811,1.22038,288
2020-12-28,1.22039,1.22502,1.21811,1.22196,288
2020-12-29,1.22196,1.2275,1.22193,1.22519,288
2020-12-30,1.2252,1.23101,1.22511,1.22984,288
2020-12-31,1.22986,1.23092,1.22091,1.22141,288
2021-01-01,1.22141,1.22141,1.22141,1.22141,288
2021-01-02,1.22141,1.22141,1.22141,1.22141,288
2021-01-03,1.22141,1.22527,1.22141,1.225,288
2021-01-04,1.22499,1.23096,1.22385,1.22525,288
2021-01-05,1.22525,1.23056,1.2247,1.22984,288
2021-01-06,1.22985,1.23494,1.22655,1.23382,288
2021-01-07,1.23384,1.23443,1.2245,1.22691,288
2021-01-08,1.2269,1.22845,1.21929,1.22174,288
2021-01-09,1.22174,1.22174,1.22174,1.22174,288
2021-01-10,1.22174,1.22284,1.21821,1.2187,288
2021-01-11,1.21869,1.21998,1.21321,1.21605,288
2021-01-12,1.21605,1.22097,1.21371,1.22085,288
2021-01-13,1.22087,1.22227,1.21399,1.21619,288
2021-01-14,1.21618,1.21784,1.2111,1.21506,288
2021-01-15,1.21505,1.21624,1.20747,1.20748,288
2021-01-16,1.20748,1.20748,1.20748,1.20748,288
2021-01-17,1.20748,1.20865,1.2066,1.20662,288
2021-01-18,1.20661,1.20867,1.20535,1.20776,288
2021-01-19,1.20775,1.21448,1.20772,1.21391,288
2021-01-20,1.21392,1.21581,1.20767,1.21144,288
2021-01-21,1.21145,1.2173,1.21093,1.21654,288
2021-01-22,1.21654,1.21894,1.21515,1.21667,288
2021-01-23,1.21667,1.21667,1.21667,1.21667,288
2021-01-24,1.21667,1.21716,1.21622,1.21668,288
2021-01-25,1.2167,1.21832,1.21158,1.21426,288
2021-01-26,1.21427,1.21758,1.21076,1.21632,288
2021-01-27,1.21632,1.21696,1.20585,1.21027,288
2021-01-28,1.21028,1.21424,1.20807,1.21209,288
2021-01-29,1.21209,1.2156,1.20944,1.21298,288
2021-01-30,1.21298,1.21298,1.21298,1.21298,288
2021-01-31,1.21298,1.21326,1.21204,1.21227,288
2021-02-01,1.21225,1.21363,1.2056,1.20676,288
2021-02-02,1.20676,1.20877,1.20115,1.20365,288
2021-02-03,1.20365,1.205,1.2004,1.20412,288
2021-02-04,1.20413,1.20427,1.19574,1.19662,288
2021-02-05,1.19659,1.20498,1.19522,1.20481,288
2021-02-06,1.20481,1.20481,1.20481,1.20481,288
2021-02-07,1.20481,1.2055,1.20356,1.20483,288
2021-02-08,1.20484,1.2066,1.20196,1.20522,288
2021-02-09,1.20522,1.21218,1.20491,1.21161,288
2021-02-10,1.21162,1.2144,1.21088,1.2119,288
2021-02-11,1.21189,1.21494,1.21134,1.21304,288
2021-02-12,1.21306,1.21332,1.20815,1.21177,288
2021-02-13,1.21177,1.21177,1.21177,1.21177,288
2021-02-14,1.21177,1.21251,1.21177,1.21204,288
2021-02-15,1.21206,1.21451,1.21167,1.2132,288
2021-02-16,1.21319,1.21693,1.20859,1.2088,288
2021-02-17,1.20879,1.20982,1.20232,1.20455,288
2021-02-18,1.20454,1.20958,1.20355,1.20917,288
2021-02-19,1.20917,1.21444,1.20823,1.21167,288
2021-02-20,1.21167,1.21167,1.21167,1.21167,288
2021-02-21,1.21167,1.21292,1.21141,1.21247,288
2021-02-22,1.21246,1.21693,1.20911,1.21638,288
2021-02-23,1.21637,1.21801,1.21353,1.21506,288
2021-02-24,1.21506,1.21745,1.21092,1.21693,288
2021-02-25,1.21696,1.22433,1.21559,1.21577,288
2021-02-26,1.21579,1.21826,1.20621,1.20704,288
2021-02-27,1.20704,1.20704,1.20704,1.20704,288
2021-02-28,1.20704,1.20919,1.20699,1.20903,288
2021-03-01,1.20905,1.21011,1.20276,1.20484,288
2021-03-02,1.20485,1.20943,1.19916,1.20848,288
2021-03-03,1.2085,1.21132,1.20427,1.20464,288
2021-03-04,1.20463,1.2063,1.19605,1.19672,288
2021-03-05,1.19671,1.19687,1.18932,1.19128,288
2021-03-06,1.19128,1.19128,1.19128,1.19128,288
2021-03-07,1.19128,1.19319,1.19128,1.19263,288
2021-03-08,1.19262,1.19321,1.18442,1.18508,288
2021-03-09,1.18509,1.19156,1.18355,1.18967,288
2021-03-10,1.18967,1.19296,1.18688,1.19242,288
2021-03-11,1.19242,1.19899,1.19156,1.19808,288
2021-03-12,1.19809,1.19884,1.19099,1.19476,288
2021-03-13,1.19476,1.19476,1.19476,1.19476,288
2021-03-14,1.19476,1.19542,1.19433,1.195,288
2021-03-15,1.19501,1.19674,1.1911,1.19263,288
2021-03-16,1.19263,1.19518,1.18819,1.1902,288
2021-03-17,1.19018,1.19873,1.18861,1.19825,288
2021-03-18,1.19827,1.19888,1.19061,1.19174,288
2021-03-19,1.19175,1.19371,1.18738,1.19031,288
2021-03-20,1.19031,1.19031,1.19031,1.19031,288
2021-03-21,1.19031,1.19031,1.18708,1.18835,288
2021-03-22,1.18837,1.19468,1.18744,1.19322,288
2021-03-23,1.19323,1.19407,1.1836,1.18396,288
2021-03-24,1.18399,1.18508,1.18089,1.18127,288
2021-03-25,1.18128,1.18277,1.17617,1.17756,288
2021-03-26,1.17756,1.18049,1.17716,1.17918,288
2021-03-27,1.17918,1.17918,1.17918,1.17918,288
2021-03-28,1.17918,1.17935,1.17855,1.17874,288
2021-03-29,1.17874,1.17939,1.17606,1.17685,288
2021-03-30,1.17684,1.17737,1.17112,1.17231,288
2021-03-31,1.1723,1.17598,1.1704,1.1727,288
2021-04-01,1.17271,1.17825,1.17125,1.17772,288
2021-04-02,1.17772,1.17866,1.1749,1.17603,288
2021-04-03,1.17603,1.17603,1.17603,1.17603,288
2021-04-04,1.17603,1.17678,1.17532,1.17676,288
2021-04-05,1.17674,1.18194,1.17379,1.18169,288
2021-04-06,1.18168,1.18776,1.17951,1.18737,288
2021-04-07,1.18737,1.19147,1.18608,1.18723,288
2021-04-08,1.18724,1.19274,1.18609,1.19153,288
2021-04-09,1.19151,1.19201,1.18669,1.18977,288
2021-04-10,1.18977,1.18977,1.18977,1.18977,288
2021-04-11,1.18977,1.19038,1.18901,1.18958,288
2021-04-12,1.18957,1.1919,1.1871,1.19115,288
2021-04-13,1.19117,1.19557,1.18776,1.19538,288
2021-04-14,1.19541,1.19872,1.19509,1.19832,288
2021-04-15,1.1983,1.19932,1.1956,1.19692,288
2021-04-16,1.19692,1.19946,1.19503,1.19805,288
2021-04-17,1.19805,1.19805,1.19805,1.19805,288
2021-04-18,1.19805,1.19805,1.19679,1.19689,288
2021-04-19,1.19688,1.2048,1.19424,1.20424,288
2021-04-20,1.20424,1.20797,1.20224,1.20324,288
2021-04-21,1.20323,1.20436,1.19985,1.20372,288
2021-04-22,1.20372,1.20694,1.19936,1.20143,288
2021-04-23,1.20144,1.20999,1.20127,1.20938,288
2021-04-24,1.20938,1.20938,1.20938,1.20938,288
2021-04-25,1.20938,1.20981,1.20888,1.20892,288
2021-04-26,1.20893,1.21167,1.20608,1.20793,288
2021-04-27,1.20794,1.20927,1.20567,1.20892,288
2021-04-28,1.2089,1.21353,1.2056,1.21348,288
2021-04-29,1.2135,1.21498,1.21021,1.21245,288
2021-04-30,1.21243,1.21265,1.20165,1.20169,288
2021-05-01,1.20169,1.20169,1.20169,1.20169,288
2021-05-02,1.20169,1.20328,1.20169,1.20271,288
2021-05-03,1.20272,1.2076,1.2013,1.20588,288
2021-05-04,1.2059,1.20598,1.19989,1.20144,288
2021-05-05,1.20145,1.20265,1.19859,1.20074,288
2021-05-06,1.20076,1.20716,1.19929,1.20651,288
2021-05-07,1.20651,1.21713,1.20527,1.21615,288
2021-05-08,1.21615,1.21615,1.21615,1.21615,288
2021-05-09,1.21615,1.21769,1.216,1.21704,288
2021-05-10,1.21704,1.21782,1.21271,1.21405,288
2021-05-11,1.21406,1.21815,1.2123,1.2144,288
2021-05-12,1.21441,1.2152,1.20655,1.20777,288
2021-05-13,1.20776,1.2106,1.20514,1.20767,288
2021-05-14,1.20768,1.21477,1.20708,1.2142,288
2021-05-15,1.2142,1.2142,1.2142,1.2142,288
2021-05-16,1.2142,1.21511,1.21368,1.21498,288
2021-05-17,1.21497,1.21687,1.21259,1.21563,288
2021-05-18,1.21561,1.22339,1.21534,1.22223,288
2021-05-19,1.22225,1.22451,1.21598,1.21704,288
2021-05-20,1.21704,1.223,1.21689,1.22249,288
2021-05-21,1.2225,1.22396,1.21607,1.21778,288
2021-05-22,1.21778,1.21778,1.21778,1.21778,288
2021-05-23,1.21778,1.21843,1.21722,1.21805,288
2021-05-24,1.21805,1.22298,1.21749,1.2214,288
2021-05-25,1.2214,1.22664,1.22113,1.22468,288
2021-05-26,1.22468,1.22629,1.2182,1.2192,288
2021-05-27,1.2192,1.22149,1.21751,1.21927,288
2021-05-28,1.21927,1.22048,1.21325,1.21905,288
2021-05-29,1.21905,1.21905,1.21905,1.21905,288
2021-05-30,1.21905,1.21998,1.2189,1.21892,288
2021-05-31,1.21893,1.22343,1.21832,1.22325,288
2021-06-01,1.22325,1.22542,1.2211,1.22174,288
2021-06-02,1.22172,1.22265,1.2164,1.22094,288
2021-06-03,1.22094,1.22141,1.21181,1.213,288
2021-06-04,1.21299,1.21856,1.21039,1.21644,288
2021-06-05,1.21644,1.21644,1.21644,1.21644,288
2021-06-06,1.21644,1.21676,1.21596,1.21666,288
2021-06-07,1.21665,1.22017,1.21448,1.21905,288
2021-06-08,1.21905,1.21941,1.21642,1.21724,288
2021-06-09,1.21725,1.22179,1.21714,1.21784,288
2021-06-10,1.21782,1.21945,1.21433,1.21725,288
2021-06-11,1.21726,1.21929,1.20925,1.21072,288
2021-06-12,1.21072,1.21072,1.21072,1.21072,288
2021-06-13,1.21072,1.21121,1.21027,1.21095,288
2021-06-14,1.21096,1.21305,1.20942,1.21218,288
2021-06-15,1.21218,1.21473,1.21013,1.21245,288
2021-06-16,1.21246,1.21347,1.19865,1.1995,288
2021-06-17,1.19949,1.20062,1.18916,1.1913,288
2021-06-18,1.19129,1.19249,1.18472,1.18592,288
2021-06-19,1.18592,1.18592,1.18592,1.18592,288
2021-06-20,1.18592,1.18754,1.18542,1.18705,288
2021-06-21,1.18703,1.19213,1.18476,1.19119,288
2021-06-22,1.19119,1.19526,1.18808,1.19364,288
2021-06-23,1.19364,1.197,1.19113,1.19296,288
2021-06-24,1.19297,1.19562,1.19176,1.19278,288
2021-06-25,1.19278,1.19751,1.19261,1.19347,288
2021-06-26,1.19347,1.19347,1.19347,1.19347,288
2021-06-27,1.19347,1.19419,1.19296,1.19414,288
2021-06-28,1.19415,1.19444,1.19022,1.19286,288
2021-06-29,1.19287,1.19295,1.18775,1.19002,288
2021-06-30,1.19003,1.1909,1.1845,1.18558,288
2021-07-01,1.18559,1.18842,1.18373,1.18457,288
2021-07-02,1.18455,1.18741,1.1807,1.18622,288
2021-07-03,1.18622,1.18622,1.18622,1.18622,288
2021-07-04,1.18622,1.18685,1.18555,1.18556,288
2021-07-05,1.18556,1.18804,1.18513,1.18624,288
2021-07-06,1.18623,1.18951,1.18068,1.18221,288
2021-07-07,1.18222,1.18364,1.17815,1.17929,288
2021-07-08,1.17928,1.18678,1.17834,1.18463,288
2021-07-09,1.18463,1.1881,1.18249,1.1871,288
2021-07-10,1.1871,1.1871,1.1871,1.1871,288
2021-07-11,1.1871,1.18768,1.1865,1.18722,288
2021-07-12,1.18722,1.18802,1.1836,1.18627,288
2021-07-13,1.18627,1.18751,1.17721,1.17748,288
2021-07-14,1.17747,1.18387,1.17717,1.18329,288
2021-07-15,1.18329,1.18506,1.17962,1.18112,288
2021-07-16,1.18114,1.18221,1.17921,1.18047,288
2021-07-17,1.18047,1.18047,1.18047,1.18047,288
2021-07-18,1.18047,1.18138,1.18033,1.18125,288
2021-07-19,1.18125,1.18244,1.17636,1.17917,288
2021-07-20,1.17917,1.18024,1.17555,1.17813,288
2021-07-21,1.17811,1.18046,1.17518,1.17922,288
2021-07-22,1.17925,1.18304,1.17572,1.17722,288
2021-07-23,1.17722,1.17865,1.17544,1.17683,288
2021-07-24,1.17683,1.17683,1.17683,1.17683,288
2021-07-25,1.17683,1.17743,1.17671,1.17728,288
2021-07-26,1.17729,1.18172,1.17632,1.18047,288
2021-07-27,1.18046,1.18409,1.17698,1.18203,288
2021-07-28,1.18205,1.18494,1.17721,1.18454,288
2021-07-29,1.18453,1.18942,1.18406,1.18903,288
2021-07-30,1.18902,1.19085,1.18515,1.18667,288
2021-07-31,1.18667,1.18667,1.18667,1.18667,288
2021-08-01,1.18667,1.18694,1.18621,1.18661,288
2021-08-02,1.18662,1.18968,1.18587,1.1874,288
2021-08-03,1.18738,1.18932,1.18535,1.18694,288
2021-08-04,1.18693,1.18996,1.18326,1.18371,288
2021-08-05,1.18373,1.18572,1.1828,1.18332,288
2021-08-06,1.18332,1.18333,1.17543,1.17596,288
2021-08-07,1.17596,1.17596,1.17596,1.17596,288
2021-08-08,1.17596,1.1761,1.17422,1.17474,288
2021-08-09,1.17477,1.17689,1.17344,1.1736,288
2021-08-10,1.17359,1.17427,1.17095,1.17195,288
2021-08-11,1.17195,1.17541,1.17059,1.17417,288
2021-08-12,1.17415,1.17481,1.17236,1.17356,288
2021-08-13,1.17357,1.18045,1.17302,1.17933,288
2021-08-14,1.17933,1.17933,1.17933,1.17933,288
2021-08-15,1.17933,1.18007,1.17915,1.1794,288
2021-08-16,1.17939,1.18006,1.17672,1.17776,288
2021-08-17,1.17776,1.17846,1.17017,1.17091,288
2021-08-18,1.17092,1.17427,1.16936,1.17026,288
2021-08-19,1.17027,1.17041,1.16656,1.16763,288
2021-08-20,1.16762,1.17044,1.16638,1.16951,288
2021-08-21,1.16951,1.16951,1.16951,1.16951,288
2021-08-22,1.16951,1.17008,1.16925,1.16968,288
2021-08-23,1.16969,1.17501,1.1695,1.17441,288
2021-08-24,1.17439,1.1765,1.17272,1.17526,288
2021-08-25,1.17527,1.17745,1.1726,1.17717,288
2021-08-26,1.17716,1.17789,1.17458,1.17533,288
2021-08-27,1.17534,1.18022,1.17348,1.1791,288
2021-08-28,1.1791,1.1791,1.1791,1.1791,288
2021-08-29,1.1791,1.18003,1.17898,1.17983,288
2021-08-30,1.17982,1.18097,1.17827,1.17965,288
2021-08-31,1.17961,1.1845,1.17952,1.18098,288
2021-09-01,1.18098,1.18571,1.17935,1.18407,288
2021-09-02,1.18407,1.1876,1.18342,1.18736,288
2021-09-03,1.18736,1.1909,1.18655,1.18773,288
2021-09-04,1.18773,1.18773,1.18773,1.18773,288
2021-09-05,1.18773,1.18862,1.1876,1.18854,288
2021-09-06,1.18854,1.18857,1.18557,1.18731,288
2021-09-07,1.1873,1.18851,1.18358,1.18429,288
2021-09-08,1.18428,1.18511,1.18019,1.18188,288
2021-09-09,1.18186,1.18412,1.18051,1.1823,288
2021-09-10,1.1823,1.1851,1.18092,1.18101,288
2021-09-11,1.18101,1.18101,1.18101,1.18101,288
2021-09-12,1.18101,1.18157,1.18087,1.18115,288
2021-09-13,1.18114,1.18169,1.177,1.18096,288
2021-09-14,1.18095,1.18458,1.18,1.18023,288
2021-09-15,1.18024,1.18318,1.17991,1.1819,288
2021-09-16,1.18189,1.18204,1.17504,1.17648,288
2021-09-17,1.17647,1.17888,1.17235,1.17239,288
2021-09-18,1.17239,1.17239,1.17239,1.17239,288
2021-09-19,1.17239,1.17305,1.17232,1.17292,288
2021-09-20,1.17293,1.17364,1.17001,1.17266,288
2021-09-21,1.17267,1.17486,1.17147,1.17228,288
2021-09-22,1.17228,1.17555,1.16843,1.1687,288
2021-09-23,1.16871,1.175,1.16834,1.17398,288
2021-09-24,1.17397,1.17476,1.17005,1.17181,288
2021-09-25,1.17181,1.17181,1.17181,1.17181,288
2021-09-26,1.17181,1.17261,1.1716,1.17224,288
2021-09-27,1.17224,1.1725,1.16846,1.16956,288
2021-09-28,1.16956,1.17031,1.16682,1.1686,288
2021-09-29,1.16858,1.169,1.15894,1.16014,288
2021-09-30,1.16015,1.16096,1.15624,1.15736,288
2021-10-01,1.15735,1.16072,1.15628,1.15923,288
2021-10-02,1.15923,1.15923,1.15923,1.15923,288
2021-10-03,1.15923,1.1611,1.15923,1.16065,288
2021-10-04,1.16065,1.164,1.15876,1.1616,288
2021-10-05,1.16161,1.16198,1.15804,1.15955,288
2021-10-06,1.15954,1.15977,1.15291,1.15549,288
2021-10-07,1.15548,1.1572,1.15474,1.15592,288
2021-10-08,1.15591,1.15861,1.15413,1.15721,288
2021-10-09,1.15721,1.15721,1.15721,1.15721,288
2021-10-10,1.15721,1.15759,1.15636,1.15653,288
2021-10-11,1.15655,1.15867,1.15478,1.15532,288
2021-10-12,1.15533,1.15703,1.15242,1.15304,288
2021-10-13,1.15305,1.15994,1.15299,1.15968,288
2021-10-14,1.15966,1.16242,1.15839,1.15903,288
2021-10-15,1.15903,1.16185,1.15881,1.15983,288
2021-10-16,1.15983,1.15983,1.15983,1.15983,288
2021-10-17,1.15983,1.16052,1.15903,1.15963,288
2021-10-18,1.15965,1.16223,1.15717,1.16131,288
2021-10-19,1.16133,1.16693,1.1613,1.16313,288
2021-10-20,1.16313,1.16586,1.16168,1.16523,288
2021-10-21,1.16522,1.16674,1.16194,1.16246,288
2021-10-22,1.16249,1.16556,1.1621,1.16395,288
2021-10-23,1.16395,1.16395,1.16395,1.16395,288
2021-10-24,1.16395,1.1645,1.16356,1.16391,288
2021-10-25,1.16393,1.16649,1.15907,1.16087,288
2021-10-26,1.16087,1.16257,1.15848,1.15962,288
2021-10-27,1.15962,1.16259,1.15849,1.15982,288
2021-10-28,1.15984,1.16921,1.15821,1.16821,288
2021-10-29,1.16821,1.16899,1.1535,1.15529,288
2021-10-30,1.15529,1.15529,1.15529,1.15529,288
2021-10-31,1.15529,1.15642,1.15529,1.15562,288
2021-11-01,1.15562,1.1609,1.1546,1.15995,288
2021-11-02,1.15996,1.16133,1.15751,1.1579,288
2021-11-03,1.1579,1.16164,1.15622,1.16152,288
2021-11-04,1.16152,1.1616,1.15282,1.15552,288
2021-11-05,1.15553,1.15731,1.15132,1.15631,288
2021-11-06,1.15631,1.15631,1.15631,1.15631,288
2021-11-07,1.15631,1.15698,1.15559,1.15682,288
2021-11-08,1.15681,1.15949,1.15503,1.15877,288
2021-11-09,1.15877,1.16087,1.15698,1.1594,288
2021-11-10,1.1594,1.15952,1.14759,1.14856,288
2021-11-11,1.14856,1.14875,1.14428,1.14474,288
2021-11-12,1.14477,1.1462,1.14328,1.14413,288
2021-11-13,1.14413,1.14413,1.14413,1.14413,288
2021-11-14,1.14413,1.14473,1.14411,1.14412,288
2021-11-15,1.1441,1.14638,1.13562,1.13668,288
2021-11-16,1.1367,1.13856,1.13089,1.13179,288
2021-11-17,1.1318,1.13321,1.12635,1.13178,288
2021-11-18,1.13178,1.1374,1.13137,1.13676,288
2021-11-19,1.13677,1.13692,1.12499,1.12794,288
2021-11-20,1.12794,1.12794,1.12794,1.12794,288
2021-11-21,1.12794,1.12907,1.12715,1.12752,288
2021-11-22,1.12752,1.12904,1.12306,1.12417,288
2021-11-23,1.12415,1.1275,1.12259,1.12445,288
2021-11-24,1.12444,1.12552,1.11859,1.12025,288
2021-11-25,1.12025,1.12296,1.12025,1.12091,288
2021-11-26,1.12091,1.13301,1.12067,1.13071,288
2021-11-27,1.13071,1.13071,1.13071,1.13071,288
2021-11-28,1.13071,1.13134,1.12803,1.12925,288
2021-11-29,1.12925,1.13003,1.12583,1.12925,288
2021-11-30,1.12925,1.13828,1.12349,1.13299,288
2021-12-01,1.13298,1.13596,1.13025,1.13187,288
2021-12-02,1.13189,1.13476,1.12953,1.13057,288
2021-12-03,1.13057,1.13333,1.12665,1.13117,288
2021-12-04,1.13117,1.13117,1.13117,1.13117,288
2021-12-05,1.13117,1.13129,1.13014,1.1304,288
2021-12-06,1.1304,1.13101,1.12663,1.12834,288
2021-12-07,1.12833,1.12984,1.12275,1.12723,288
2021-12-08,1.12725,1.13547,1.12667,1.13441,288
2021-12-09,1.13441,1.13442,1.12783,1.12936,288
2021-12-10,1.12935,1.13239,1.12651,1.13146,288
2021-12-11,1.13146,1.13146,1.13146,1.13146,288
2021-12-12,1.13146,1.13192,1.13038,1.13106,288
2021-12-13,1.13106,1.1314,1.126,1.12834,288
2021-12-14,1.12834,1.13238,1.12535,1.12575,288
2021-12-15,1.12575,1.12991,1.12215,1.12902,288
2021-12-16,1.12903,1.13603,1.12811,1.13336,288
2021-12-17,1.13335,1.13488,1.1235,1.1237,288
2021-12-18,1.1237,1.1237,1.1237,1.1237,288
2021-12-19,1.1237,1.12439,1.12344,1.12428,288
2021-12-20,1.12426,1.13037,1.12363,1.12771,288
2021-12-21,1.12771,1.13026,1.12607,1.12871,288
2021-12-22,1.12872,1.13423,1.12644,1.13265,288
2021-12-23,1.13263,1.13422,1.129,1.13228,288
2021-12-24,1.13227,1.13433,1.13031,1.13102,288
2021-12-25,1.13102,1.13102,1.13102,1.13102,288
2021-12-26,1.13102,1.1326,1.13076,1.13231,288
2021-12-27,1.13233,1.13344,1.13028,1.13294,288
2021-12-28,1.13293,1.13331,1.12895,1.1313,288
2021-12-29,1.13131,1.13688,1.12737,1.13595,288
2021-12-30,1.13595,1.13597,1.12984,1.13222,288
2021-12-31,1.13219,1.13863,1.13032,1.13667,288
2022-01-01,1.13667,1.13667,1.13667,1.13667,288
2022-01-02,1.13667,1.13782,1.13649,1.13727,288
2022-01-03,1.13726,1.13755,1.12797,1.13017,288
2022-01-04,1.13016,1.13224,1.12721,1.12827,288
2022-01-05,1.12826,1.13463,1.12769,1.13105,288
2022-01-06,1.13104,1.13318,1.12845,1.12949,288
2022-01-07,1.12947,1.13647,1.12899,1.13593,288
2022-01-08,1.13593,1.13593,1.13593,1.13593,288
2022-01-09,1.13593,1.13602,1.13497,1.13534,288
2022-01-10,1.13533,1.1358,1.12847,1.13299,288
2022-01-11,1.13297,1.13752,1.1313,1.13658,288
2022-01-12,1.13657,1.14526,1.13547,1.14394,288
2022-01-13,1.14393,1.14817,1.14357,1.14564,288
2022-01-14,1.14564,1.14827,1.13984,1.1409,288
2022-01-15,1.1409,1.1409,1.1409,1.1409,288
2022-01-16,1.1409,1.14156,1.14056,1.14112,288
2022-01-17,1.14111,1.14344,1.13917,1.141,288
2022-01-18,1.14099,1.14214,1.13146,1.13286,288
2022-01-19,1.13289,1.13571,1.13187,1.13429,288
2022-01-20,1.13427,1.13688,1.13031,1.13128,288
2022-01-21,1.13129,1.13596,1.13009,1.13418,288
2022-01-22,1.13418,1.13418,1.13418,1.13418,288
2022-01-23,1.13418,1.1345,1.13365,1.13409,288
2022-01-24,1.1341,1.1341,1.12904,1.13236,288
2022-01-25,1.13235,1.1324,1.12631,1.13028,288
2022-01-26,1.13028,1.13107,1.12354,1.12405,288
2022-01-27,1.12405,1.12432,1.11312,1.11445,288
2022-01-28,1.11446,1.11735,1.11213,1.1145,288
2022-01-29,1.1145,1.1145,1.1145,1.1145,288
2022-01-30,1.1145,1.11524,1.1138,1.11519,288
2022-01-31,1.11519,1.12478,1.1144,1.12292,288
2022-02-01,1.12293,1.12786,1.12209,1.1273,288
2022-02-02,1.12728,1.133,1.12665,1.12992,288
2022-02-03,1.12992,1.14514,1.12672,1.14355,288
2022-02-04,1.14352,1.14837,1.14115,1.14477,288
2022-02-05,1.14477,1.14477,1.14477,1.14477,288
2022-02-06,1.14477,1.14646,1.14477,1.14544,288
2022-02-07,1.14545,1.14587,1.14151,1.1441,288
2022-02-08,1.14411,1.14487,1.13961,1.14205,288
2022-02-09,1.14208,1.14477,1.14024,1.14211,288
2022-02-10,1.14211,1.14948,1.13748,1.14112,288
2022-02-11,1.1411,1.1418,1.13296,1.13463,288
2022-02-12,1.13463,1.13463,1.13463,1.13463,288
2022-02-13,1.13463,1.13672,1.13365,1.13643,288
2022-02-14,1.13642,1.1369,1.12799,1.13056,288
2022-02-15,1.13057,1.13681,1.13031,1.13551,288
2022-02-16,1.1355,1.13957,1.13449,1.13728,288
2022-02-17,1.13726,1.1386,1.1323,1.13637,288
2022-02-18,1.13636,1.13769,1.1314,1.13203,288
2022-02-19,1.13203,1.13203,1.13203,1.13203,288
2022-02-20,1.13203,1.13253,1.13131,1.13164,288
2022-02-21,1.1317,1.13905,1.12963,1.13092,288
2022-02-22,1.13092,1.13667,1.1288,1.13287,288
2022-02-23,1.13286,1.13588,1.13001,1.13053,288
2022-02-24,1.13055,1.1306,1.11062,1.11905,288
2022-02-25,1.11906,1.12739,1.11659,1.12719,288
2022-02-26,1.12719,1.12719,1.12719,1.12719,288
2022-02-27,1.12719,1.12719,1.11225,1.118,288
2022-02-28,1.11801,1.12464,1.11421,1.12141,288
2022-03-01,1.1214,1.12329,1.10896,1.11322,288
2022-03-02,1.11321,1.11437,1.10573,1.11123,288
2022-03-03,1.11119,1.11152,1.10334,1.10656,288
2022-03-04,1.10656,1.10665,1.08856,1.09311,288
2022-03-05,1.09311,1.09311,1.09311,1.09311,288
2022-03-06,1.09311,1.09311,1.08634,1.08736,288
2022-03-07,1.08734,1.09325,1.08059,1.0866,288
2022-03-08,1.0866,1.09582,1.08489,1.08978,288
2022-03-09,1.08984,1.10951,1.08965,1.10733,288
2022-03-10,1.10732,1.11212,1.0976,1.10133,288
2022-03-11,1.10132,1.10435,1.09018,1.09099,288
2022-03-12,1.09099,1.09099,1.09099,1.09099,288
2022-03-13,1.09099,1.09387,1.09099,1.09316,288
2022-03-14,1.09317,1.09938,1.09005,1.09426,288
2022-03-15,1.09426,1.10196,1.0926,1.09667,288
2022-03-16,1.09668,1.10466,1.095,1.10214,288
2022-03-17,1.10216,1.11375,1.10201,1.1099,288
2022-03-18,1.10991,1.11186,1.1003,1.10492,288
2022-03-19,1.10492,1.10492,1.10492,1.10492,288
2022-03-20,1.10492,1.10584,1.10408,1.10424,288
2022-03-21,1.10423,1.10701,1.10102,1.10167,288
2022-03-22,1.10166,1.10457,1.09608,1.10293,288
2022-03-23,1.10296,1.10397,1.09639,1.10058,288
2022-03-24,1.10058,1.10136,1.09659,1.10083,288
2022-03-25,1.10086,1.10376,1.09797,1.09805,288
2022-03-26,1.09805,1.09805,1.09805,1.09805,288
2022-03-27,1.09805,1.09869,1.09772,1.09812,288
2022-03-28,1.09814,1.09995,1.09446,1.09911,288
2022-03-29,1.09911,1.1137,1.0969,1.10909,288
2022-03-30,1.1091,1.1171,1.10878,1.11613,288
2022-03-31,1.11611,1.11848,1.10608,1.10726,288
2022-04-01,1.10727,1.10757,1.10279,1.10427,288
2022-04-02,1.10427,1.10427,1.10427,1.10427,288
2022-04-03,1.10427,1.10456,1.10301,1.10454,288
2022-04-04,1.10458,1.10544,1.09603,1.09749,288
2022-04-05,1.09748,1.09886,1.09,1.09058,288
2022-04-06,1.09058,1.09379,1.08745,1.08975,288
2022-04-07,1.08975,1.09383,1.08602,1.0864,288
2022-04-08,1.08638,1.08917,1.08364,1.08744,288
2022-04-09,1.08744,1.08744,1.08744,1.08744,288
2022-04-10,1.08744,1.09202,1.08744,1.08841,288
2022-04-11,1.08842,1.09332,1.08727,1.08769,288
2022-04-12,1.08769,1.09036,1.08211,1.0826,288
2022-04-13,1.08259,1.08973,1.08088,1.0895,288
2022-04-14,1.08951,1.09233,1.07575,1.08209,288
2022-04-15,1.08211,1.08236,1.07964,1.08057,288
2022-04-16,1.08057,1.08057,1.08057,1.08057,288
2022-04-17,1.08057,1.08216,1.08009,1.08139,288
2022-04-18,1.08138,1.08156,1.07698,1.07799,288
2022-04-19,1.07799,1.08145,1.0761,1.07941,288
2022-04-20,1.07942,1.0867,1.07838,1.08493,288
2022-04-21,1.08491,1.09362,1.08234,1.08349,288
2022-04-22,1.08349,1.08515,1.07707,1.07947,288
2022-04-23,1.07947,1.07947,1.07947,1.07947,288
2022-04-24,1.07947,1.08153,1.07947,1.08093,288
2022-04-25,1.08093,1.08119,1.06966,1.07124,288
2022-04-26,1.07124,1.07386,1.06348,1.06424,288
2022-04-27,1.06425,1.06546,1.05145,1.05541,288
2022-04-28,1.05541,1.05647,1.0471,1.05029,288
2022-04-29,1.05032,1.05928,1.05019,1.05409,288
2022-04-30,1.05409,1.05409,1.05409,1.05409,288
2022-05-01,1.05409,1.05597,1.05343,1.05349,288
2022-05-02,1.05347,1.05682,1.04901,1.05096,288
2022-05-03,1.05095,1.05776,1.04921,1.05251,288
2022-05-04,1.05252,1.06309,1.05059,1.06202,288
2022-05-05,1.06206,1.06417,1.04925,1.05394,288
2022-05-06,1.05394,1.05988,1.04826,1.05452,288
2022-05-07,1.05452,1.05452,1.05452,1.05452,288
2022-05-08,1.05452,1.05452,1.05307,1.0532,288
2022-05-09,1.05319,1.05924,1.04951,1.05631,288
2022-05-10,1.05633,1.05852,1.05253,1.05289,288
2022-05-11,1.05289,1.05771,1.05017,1.05117,288
2022-05-12,1.05116,1.05292,1.03539,1.03784,288
2022-05-13,1.03783,1.04195,1.03496,1.04116,288
2022-05-14,1.04116,1.04116,1.04116,1.04116,288
2022-05-15,1.04116,1.04138,1.03906,1.0398,288
2022-05-16,1.03984,1.0443,1.03889,1.0439,288
2022-05-17,1.0439,1.05556,1.04318,1.05487,288
2022-05-18,1.05485,1.05636,1.04597,1.04729,288
2022-05-19,1.04729,1.0607,1.0465,1.05795,288
2022-05-20,1.05795,1.0599,1.05328,1.0561,288
2022-05-21,1.0561,1.0561,1.0561,1.0561,288
2022-05-22,1.0561,1.05777,1.05552,1.05689,288
2022-05-23,1.05688,1.06973,1.05679,1.06837,288
2022-05-24,1.06836,1.07485,1.06608,1.07326,288
2022-05-25,1.07326,1.07365,1.06421,1.06869,288
2022-05-26,1.06866,1.07344,1.06624,1.07324,288
2022-05-27,1.07324,1.0765,1.06968,1.07317,288
2022-05-28,1.07317,1.07317,1.07317,1.07317,288
2022-05-29,1.07317,1.0736,1.07261,1.0729,288
2022-05-30,1.07291,1.07867,1.07267,1.07729,288
2022-05-31,1.07731,1.07744,1.06789,1.0734,288
2022-06-01,1.0734,1.07393,1.06271,1.06509,288
2022-06-02,1.06509,1.0751,1.06447,1.075,288
2022-06-03,1.075,1.07643,1.0704,1.07169,288
2022-06-04,1.07169,1.07169,1.07169,1.07169,288
2022-06-05,1.07169,1.07298,1.07117,1.07252,288
2022-06-06,1.07254,1.07518,1.06838,1.06896,288
2022-06-07,1.06896,1.07142,1.06519,1.06972,288
2022-06-08,1.06975,1.07484,1.06713,1.07168,288
2022-06-09,1.07168,1.07738,1.0611,1.0619,288
2022-06-10,1.0619,1.06422,1.05057,1.05137,288
2022-06-11,1.05137,1.05137,1.05137,1.05137,288
2022-06-12,1.05137,1.05201,1.04861,1.04907,288
2022-06-13,1.04907,1.04955,1.03997,1.04148,288
2022-06-14,1.04148,1.04846,1.0397,1.04367,288
2022-06-15,1.04368,1.05077,1.0359,1.04573,288
2022-06-16,1.04573,1.06014,1.03808,1.05464,288
2022-06-17,1.05465,1.0552,1.04444,1.04934,288
2022-06-18,1.04934,1.04934,1.04934,1.04934,288
2022-06-19,1.04934,1.04934,1.04729,1.04898,288
2022-06-20,1.04897,1.05458,1.04848,1.05172,288
2022-06-21,1.05173,1.05824,1.05131,1.05312,288
2022-06-22,1.05311,1.06057,1.04687,1.05646,288
2022-06-23,1.05646,1.0581,1.04826,1.05192,288
2022-06-24,1.05192,1.05712,1.0512,1.05519,288
2022-06-25,1.05519,1.05519,1.05519,1.05519,288
2022-06-26,1.05519,1.05746,1.05457,1.05665,288
2022-06-27,1.05665,1.0615,1.05502,1.05797,288
2022-06-28,1.05797,1.06061,1.05032,1.0522,288
2022-06-29,1.05219,1.05354,1.04352,1.04456,288
2022-06-30,1.04456,1.04887,1.03824,1.04783,288
2022-07-01,1.04783,1.04783,1.03658,1.04262,288
2022-07-02,1.04262,1.04262,1.04262,1.04262,288
2022-07-03,1.04262,1.0437,1.04142,1.04322,288
2022-07-04,1.04322,1.04627,1.0417,1.04326,288
2022-07-05,1.04325,1.04485,1.0235,1.02565,288
2022-07-06,1.02564,1.02765,1.01614,1.01843,288
2022-07-07,1.01841,1.02209,1.01439,1.01683,288
2022-07-08,1.01682,1.01912,1.0072,1.01822,288
2022-07-09,1.01822,1.01822,1.01822,1.01822,288
2022-07-10,1.01822,1.01834,1.01648,1.01672,288
2022-07-11,1.01674,1.01675,1.00336,1.00458,288
2022-07-12,1.00456,1.00738,0.99999,1.003,288
2022-07-13,1.003,1.01222,0.99979,1.00342,288
2022-07-14,1.00341,1.00503,0.99521,1.00263,288
2022-07-15,1.00263,1.00979,1.00068,1.00821,288
2022-07-16,1.00821,1.00821,1.00821,1.00821,288
2022-07-17,1.00821,1.00978,1.00785,1.00972,288
2022-07-18,1.00972,1.02011,1.00812,1.01463,288
2022-07-19,1.01464,1.0269,1.01195,1.02307,288
2022-07-20,1.02308,1.02729,1.01553,1.01807,288
2022-07-21,1.01808,1.02781,1.01531,1.022,288
2022-07-22,1.022,1.02553,1.01297,1.02119,288
2022-07-23,1.02119,1.02119,1.02119,1.02119,288
2022-07-24,1.02119,1.02185,1.01989,1.01991,288
2022-07-25,1.01992,1.02578,1.01784,1.02229,288
2022-07-26,1.02229,1.025,1.01074,1.01285,288
2022-07-27,1.01285,1.02206,1.00966,1.02052,288
2022-07-28,1.02052,1.02343,1.01138,1.01918,288
2022-07-29,1.0192,1.02542,1.0146,1.02248,288
2022-07-30,1.02248,1.02248,1.02248,1.02248,288
2022-07-31,1.02248,1.02248,1.02053,1.02102,288
2022-08-01,1.02102,1.02751,1.02075,1.02627,288
2022-08-02,1.02629,1.02939,1.01545,1.01563,288
2022-08-03,1.01562,1.02102,1.01226,1.01565,288
2022-08-04,1.01563,1.02537,1.01542,1.02472,288
2022-08-05,1.02472,1.02482,1.01415,1.01825,288
2022-08-06,1.01825,1.01825,1.01825,1.01825,288
2022-08-07,1.01825,1.01825,1.01691,1.01719,288
2022-08-08,1.01718,1.02217,1.0159,1.01978,288
2022-08-09,1.01976,1.02472,1.01885,1.02079,288
2022-08-10,1.02077,1.03685,1.0202,1.02986,288
2022-08-11,1.02986,1.03642,1.02752,1.03203,288
2022-08-12,1.03202,1.03251,1.0238,1.0259,288
2022-08-13,1.0259,1.0259,1.0259,1.0259,288
2022-08-14,1.0259,1.02629,1.02534,1.02534,288
2022-08-15,1.02533,1.02682,1.01533,1.01613,288
2022-08-16,1.01614,1.01948,1.01225,1.01694,288
2022-08-17,1.01696,1.02029,1.01453,1.01773,288
2022-08-18,1.01774,1.01929,1.00795,1.00893,288
2022-08-19,1.00893,1.00954,1.00318,1.00326,288
2022-08-20,1.00326,1.00326,1.00326,1.00326,288
2022-08-21,1.00326,1.00404,1.00302,1.0036,288
2022-08-22,1.00361,1.00466,0.9926,0.9938,288
2022-08-23,0.99381,1.00181,0.99002,0.99662,288
2022-08-24,0.99661,0.99993,0.99099,0.99677,288
2022-08-25,0.99677,1.00334,0.9949,0.99706,288
2022-08-26,0.99704,1.00898,0.99463,0.99623,288
2022-08-27,0.99623,0.99623,0.99623,0.99623,288
2022-08-28,0.99623,0.9967,0.99349,0.99359,288
2022-08-29,0.99362,1.00291,0.99141,1.00107,288
2022-08-30,1.00105,1.00547,0.99818,1.00234,288
2022-08-31,1.00233,1.0079,0.99712,1.0038,288
2022-09-01,1.0038,1.00485,0.99107,0.99514,288
2022-09-02,0.99515,1.00335,0.99449,0.99515,288
2022-09-03,0.99515,0.99515,0.99515,0.99515,288
2022-09-04,0.99515,0.99515,0.9903,0.99077,288
2022-09-05,0.99075,0.99518,0.98772,0.995,288
2022-09-06,0.99501,0.99862,0.98638,0.9897,288
2022-09-07,0.98971,1.00128,0.98756,0.99976,288
2022-09-08,0.99981,1.00294,0.99303,1.00097,288
2022-09-09,1.00096,1.01131,1.00083,1.00425,288
2022-09-10,1.00425,1.00425,1.00425,1.00425,288
2022-09-11,1.00425,1.01039,1.00425,1.00702,288
2022-09-12,1.00703,1.01977,1.00629,1.0129,288
2022-09-13,1.0129,1.0187,0.99554,0.99778,288
2022-09-14,0.99779,1.00234,0.99595,0.9982,288
2022-09-15,0.99819,1.00177,0.99556,0.99874,288
2022-09-16,0.99876,1.00363,0.99448,1.00146,288
2022-09-17,1.00146,1.00146,1.00146,1.00146,288
2022-09-18,1.00146,1.00285,1.00047,1.0022,288
2022-09-19,1.00219,1.00322,0.99657,1.00297,288
2022-09-20,1.00297,1.00504,0.9955,0.9971,288
2022-09-21,0.9971,0.9975,0.98128,0.98313,288
2022-09-22,0.98316,0.99074,0.9808,0.98383,288
2022-09-23,0.98384,0.98517,0.9668,0.96885,288
2022-09-24,0.96885,0.96885,0.96885,0.96885,288
2022-09-25,0.96885,0.97098,0.96666,0.96855,288
2022-09-26,0.96854,0.97013,0.95503,0.962,288
2022-09-27,0.96201,0.96707,0.95689,0.95953,288
2022-09-28,0.95953,0.97508,0.95357,0.97054,288
2022-09-29,0.97055,0.98437,0.96353,0.98291,288
2022-09-30,0.98292,0.98537,0.97346,0.98013,288
2022-10-01,0.98013,0.98013,0.98013,0.98013,288
2022-10-02,0.98013,0.98086,0.97891,0.97932,288
2022-10-03,0.97931,0.98445,0.97525,0.98334,288
2022-10-04,0.98335,0.99995,0.9806,0.99836,288
2022-10-05,0.99839,0.99947,0.98346,0.99116,288
2022-10-06,0.99115,0.99264,0.97862,0.97888,288
2022-10-07,0.97888,0.98167,0.97259,0.97388,288
2022-10-08,0.97388,0.97388,0.97388,0.97388,288
2022-10-09,0.97388,0.97395,0.97274,0.97342,288
2022-10-10,0.97343,0.97531,0.96815,0.9711,288
2022-10-11,0.97112,0.97745,0.96698,0.97004,288
2022-10-12,0.97004,0.97346,0.96678,0.97046,288
2022-10-13,0.97046,0.98057,0.96315,0.97671,288
2022-10-14,0.97669,0.98086,0.9707,0.97182,288
2022-10-15,0.97182,0.97182,0.97182,0.97182,288
2022-10-16,0.97182,0.9743,0.97182,0.97395,288
2022-10-17,0.97395,0.9852,0.97197,0.98435,288
2022-10-18,0.98434,0.98755,0.98124,0.98625,288
2022-10-19,0.98625,0.98667,0.97571,0.97652,288
2022-10-20,0.97653,0.98454,0.97544,0.97782,288
2022-10-21,0.97785,0.98689,0.97048,0.98613,288
2022-10-22,0.98613,0.98613,0.98613,0.98613,288
2022-10-23,0.98613,0.9899,0.98308,0.98595,288
2022-10-24,0.98594,0.98935,0.98067,0.98842,288
2022-10-25,0.98842,0.99768,0.98484,0.99616,288
2022-10-26,0.99617,1.00934,0.99434,1.00932,288
2022-10-27,1.00932,1.00934,0.99575,0.99668,288
2022-10-28,0.99668,0.9998,0.99265,0.99631,288
2022-10-29,0.99631,0.99631,0.99631,0.99631,288
2022-10-30,0.99631,0.99631,0.99454,0.99543,288
2022-10-31,0.99543,0.99656,0.98717,0.98856,288
2022-11-01,0.98856,0.99539,0.98527,0.98772,288
2022-11-02,0.98772,0.99757,0.98098,0.98138,288
2022-11-03,0.98141,0.98394,0.97299,0.97488,288
2022-11-04,0.97491,0.99664,0.97472,0.9956,288
2022-11-05,0.9956,0.9956,0.9956,0.9956,288
2022-11-06,0.9956,0.9956,0.99001,0.99281,288
2022-11-07,0.99282,1.0034,0.99175,1.00173,288
2022-11-08,1.00172,1.00963,0.99715,1.00804,288
2022-11-09,1.00804,1.0088,0.99927,1.0019,288
2022-11-10,1.0019,1.02218,0.99354,1.01914,288
2022-11-11,1.01915,1.0364,1.0163,1.03538,288
2022-11-12,1.03538,1.03538,1.03538,1.03538,288
2022-11-13,1.03538,1.03538,1.03141,1.03266,288
2022-11-14,1.03266,1.03584,1.02713,1.03196,288
2022-11-15,1.03196,1.04808,1.02799,1.03572,288
2022-11-16,1.03574,1.04384,1.03307,1.03932,288
2022-11-17,1.03933,1.04065,1.03051,1.03607,288
2022-11-18,1.03606,1.03959,1.03134,1.03235,288
2022-11-19,1.03235,1.03235,1.03235,1.03235,288
2022-11-20,1.03235,1.0333,1.03213,1.03304,288
2022-11-21,1.03304,1.03327,1.02227,1.0245,288
2022-11-22,1.02451,1.03106,1.02417,1.03104,288
2022-11-23,1.03105,1.04191,1.02963,1.04175,288
2022-11-24,1.04178,1.04484,1.03816,1.04074,288
2022-11-25,1.04074,1.04291,1.03546,1.03926,288
2022-11-26,1.03926,1.03926,1.03926,1.03926,288
2022-11-27,1.03926,1.03926,1.03653,1.03666,288
2022-11-28,1.03667,1.04967,1.033,1.03433,288
2022-11-29,1.03432,1.03942,1.03188,1.03235,288
2022-11-30,1.03234,1.04299,1.029,1.04229,288
2022-12-01,1.04228,1.05393,1.03929,1.05278,288
2022-12-02,1.05278,1.05448,1.0428,1.05325,288
2022-12-03,1.05325,1.05325,1.05325,1.05325,288
2022-12-04,1.05325,1.05436,1.05303,1.05433,288
2022-12-05,1.05437,1.05948,1.048,1.04963,288
2022-12-06,1.04966,1.05326,1.04591,1.04671,288
2022-12-07,1.04671,1.05496,1.04431,1.05117,288
2022-12-08,1.05118,1.05647,1.04895,1.05555,288
2022-12-09,1.05554,1.05881,1.05027,1.05316,288
2022-12-10,1.05316,1.05316,1.05316,1.05316,288
2022-12-11,1.05316,1.05372,1.05179,1.05209,288
2022-12-12,1.05209,1.058,1.05057,1.05413,288
2022-12-13,1.05412,1.06731,1.05278,1.06242,288
2022-12-14,1.06241,1.0695,1.06187,1.06757,288
2022-12-15,1.06758,1.07361,1.05921,1.06385,288
2022-12-16,1.06386,1.0663,1.05839,1.05839,288
2022-12-17,1.05839,1.05839,1.05839,1.05839,288
2022-12-18,1.05839,1.05959,1.05824,1.05842,288
2022-12-19,1.05842,1.06578,1.05757,1.06121,288
2022-12-20,1.0612,1.06584,1.05788,1.0625,288
2022-12-21,1.0625,1.06455,1.05901,1.06077,288
2022-12-22,1.06077,1.06593,1.0573,1.0601,288
2022-12-23,1.0601,1.06328,1.05867,1.06172,288
2022-12-24,1.06172,1.06172,1.06172,1.06172,288
2022-12-25,1.06172,1.06237,1.06064,1.06191,288
2022-12-26,1.06196,1.06459,1.05979,1.06397,288
2022-12-27,1.06398,1.06694,1.06113,1.06369,288
2022-12-28,1.06369,1.06742,1.06065,1.06288,288
2022-12-29,1.06287,1.06902,1.06109,1.06601,288
2022-12-30,1.06602,1.07131,1.06385,1.07026,288
2022-12-31,1.07026,1.07026,1.07026,1.07026,288
2023-01-01,1.07026,1.07066,1.06788,1.07005,288
2023-01-02,1.07007,1.07087,1.06499,1.06765,288
2023-01-03,1.06764,1.06801,1.05194,1.05455,288
2023-01-04,1.05453,1.06354,1.0545,1.06061,288
2023-01-05,1.06058,1.06314,1.05148,1.05208,288
2023-01-06,1.05209,1.0648,1.04823,1.06413,288
2023-01-07,1.06413,1.06413,1.06413,1.06413,288
2023-01-08,1.06413,1.06628,1.06381,1.06627,288
2023-01-09,1.06628,1.07605,1.06513,1.07326,288
2023-01-10,1.07324,1.07592,1.07119,1.07382,288
2023-01-11,1.07383,1.07762,1.07254,1.07652,288
2023-01-12,1.07652,1.08668,1.07297,1.08595,288
2023-01-13,1.08595,1.08679,1.07803,1.08302,288
2023-01-14,1.08302,1.08302,1.08302,1.08302,288
2023-01-15,1.08302,1.0835,1.08201,1.08225,288
2023-01-16,1.08224,1.08741,1.08013,1.08294,288
2023-01-17,1.08294,1.08693,1.07744,1.07893,288
2023-01-18,1.07891,1.08873,1.07661,1.07972,288
2023-01-19,1.07974,1.08398,1.07821,1.08333,288
2023-01-20,1.08332,1.08587,1.08022,1.08549,288
2023-01-21,1.08549,1.08549,1.08549,1.08549,288
2023-01-22,1.08549,1.08696,1.08549,1.08643,288
2023-01-23,1.08639,1.09267,1.08461,1.08711,288
2023-01-24,1.08711,1.08978,1.08349,1.08897,288
2023-01-25,1.08899,1.09236,1.08571,1.09206,288
2023-01-26,1.09206,1.09293,1.08505,1.0893,288
2023-01-27,1.0893,1.09001,1.08377,1.08649,288
2023-01-28,1.08649,1.08649,1.08649,1.08649,288
2023-01-29,1.08649,1.08724,1.08595,1.08717,288
2023-01-30,1.08718,1.09137,1.08389,1.08499,288
2023-01-31,1.085,1.08747,1.08019,1.08606,288
2023-02-01,1.08605,1.10327,1.0852,1.10124,288
2023-02-02,1.10123,1.10266,1.08851,1.09043,288
2023-02-03,1.09044,1.09399,1.07924,1.07929,288
2023-02-04,1.07929,1.07929,1.07929,1.07929,288
2023-02-05,1.07929,1.07981,1.07817,1.07891,288
2023-02-06,1.0789,1.07987,1.07092,1.07289,288
2023-02-07,1.07288,1.07664,1.0669,1.07301,288
2023-02-08,1.07303,1.07607,1.07092,1.07151,288
2023-02-09,1.07152,1.07907,1.07093,1.0739,288
2023-02-10,1.07391,1.07525,1.06661,1.06754,288
2023-02-11,1.06754,1.06754,1.06754,1.06754,288
2023-02-12,1.06754,1.06821,1.06708,1.06771,288
2023-02-13,1.06771,1.07322,1.06553,1.07308,288
2023-02-14,1.07308,1.08044,1.07066,1.0735,288
2023-02-15,1.07351,1.07443,1.06604,1.06912,288
2023-02-16,1.06913,1.07222,1.06544,1.06653,288
2023-02-17,1.06653,1.06982,1.06126,1.06929,288
2023-02-18,1.06929,1.06929,1.06929,1.06929,288
2023-02-19,1.06929,1.06933,1.06822,1.06838,288
2023-02-20,1.0684,1.07044,1.06701,1.06821,288
2023-02-21,1.06821,1.0698,1.06372,1.06512,288
2023-02-22,1.06513,1.06638,1.05989,1.06053,288
2023-02-23,1.06053,1.06275,1.05769,1.05972,288
2023-02-24,1.05973,1.06141,1.05359,1.0545,288
2023-02-25,1.0545,1.0545,1.0545,1.0545,288
2023-02-26,1.0545,1.0555,1.05439,1.05533,288
2023-02-27,1.05533,1.06198,1.05328,1.06094,288
2023-02-28,1.06094,1.06451,1.05726,1.05766,288
2023-03-01,1.05767,1.06913,1.05651,1.06684,288
2023-03-02,1.06684,1.06726,1.05764,1.05983,288
2023-03-03,1.05982,1.06384,1.05882,1.06337,288
2023-03-04,1.06337,1.06337,1.06337,1.06337,288
2023-03-05,1.06337,1.06337,1.06228,1.06254,288
2023-03-06,1.06255,1.06942,1.06219,1.06854,288
2023-03-07,1.06853,1.06943,1.0546,1.05481,288
2023-03-08,1.05482,1.05738,1.05241,1.05488,288
2023-03-09,1.05488,1.0591,1.05378,1.05856,288
2023-03-10,1.05855,1.07004,1.05738,1.06387,288
2023-03-11,1.06387,1.06387,1.06387,1.06387,288
2023-03-12,1.06387,1.0703,1.06387,1.0681,288
2023-03-13,1.06811,1.07484,1.065,1.07228,288
2023-03-14,1.07228,1.07494,1.06787,1.07267,288
2023-03-15,1.07267,1.07597,1.05158,1.05814,288
2023-03-16,1.05814,1.06353,1.0551,1.06135,288
2023-03-17,1.06136,1.06852,1.06116,1.06647,288
2023-03-18,1.06647,1.06647,1.06647,1.06647,288
2023-03-19,1.06647,1.06886,1.06647,1.06804,288
2023-03-20,1.06806,1.07309,1.06311,1.07185,288
2023-03-21,1.07185,1.07886,1.07038,1.07727,288
2023-03-22,1.07725,1.09124,1.0759,1.08688,288
2023-03-23,1.08689,1.09296,1.0824,1.08345,288
2023-03-24,1.08347,1.0837,1.07131,1.07566,288
2023-03-25,1.07566,1.07566,1.07566,1.07566,288
2023-03-26,1.07566,1.07798,1.07566,1.07776,288
2023-03-27,1.07775,1.08076,1.07449,1.08062,288
2023-03-28,1.08061,1.08485,1.08033,1.08388,288
2023-03-29,1.0839,1.08713,1.08177,1.08425,288
2023-03-30,1.08424,1.09262,1.08235,1.09041,288
2023-03-31,1.0904,1.09257,1.08368,1.08386,288
2023-04-01,1.08386,1.08386,1.08386,1.08386,288
2023-04-02,1.08386,1.0844,1.08011,1.08023,288
2023-04-03,1.08024,1.09165,1.07882,1.09066,288
2023-04-04,1.09067,1.09733,1.08828,1.09575,288
2023-04-05,1.09576,1.09695,1.0891,1.09029,288
2023-04-06,1.09029,1.09375,1.08845,1.09194,288
2023-04-07,1.09195,1.0924,1.08762,1.09029,288
2023-04-08,1.09029,1.09029,1.09029,1.09029,288
2023-04-09,1.09029,1.09134,1.0898,1.09129,288
2023-04-10,1.09132,1.09171,1.08313,1.08687,288
2023-04-11,1.08687,1.09279,1.0867,1.09163,288
2023-04-12,1.09163,1.10004,1.09147,1.09968,288
2023-04-13,1.09967,1.10676,1.09767,1.10516,288
2023-04-14,1.10517,1.10758,1.09722,1.09922,288
2023-04-15,1.09922,1.09922,1.09922,1.09922,288
2023-04-16,1.09922,1.09942,1.09832,1.09843,288
2023-04-17,1.09844,1.09997,1.09091,1.09244,288
2023-04-18,1.09245,1.09828,1.09222,1.09748,288
2023-04-19,1.09749,1.0984,1.09172,1.09516,288
2023-04-20,1.09517,1.09895,1.09334,1.09676,288
2023-04-21,1.09676,1.09936,1.0938,1.09874,288
2023-04-22,1.09874,1.09874,1.09874,1.09874,288
2023-04-23,1.09874,1.09962,1.09864,1.09916,288
2023-04-24,1.09916,1.1057,1.09658,1.1057,288
2023-04-25,1.10573,1.1067,1.09641,1.09779,288
2023-04-26,1.09778,1.10952,1.09683,1.1045,288
2023-04-27,1.1045,1.10634,1.0992,1.10315,288
2023-04-28,1.10315,1.10449,1.09624,1.10144,288
2023-04-29,1.10144,1.10144,1.10144,1.10144,288
2023-04-30,1.10144,1.1027,1.101,1.10105,288
2023-05-01,1.10106,1.10355,1.09643,1.09687,288
2023-05-02,1.09687,1.10137,1.09422,1.10107,288
2023-05-03,1.1011,1.10916,1.10048,1.10685,288
2023-05-04,1.10686,1.10917,1.0986,1.10229,288
2023-05-05,1.10229,1.10477,1.09667,1.10162,288
2023-05-06,1.10162,1.10162,1.10162,1.10162,288
2023-05-07,1.10162,1.10228,1.10141,1.10181,288
2023-05-08,1.10182,1.10535,1.09953,1.09965,288
2023-05-09,1.09962,1.10007,1.0941,1.09645,288
2023-05-10,1.09644,1.10068,1.09414,1.09824,288
2023-05-11,1.09826,1.09981,1.09,1.09122,288
2023-05-12,1.09122,1.09354,1.08476,1.08477,288
2023-05-13,1.08477,1.08477,1.08477,1.08477,288
2023-05-14,1.08477,1.08618,1.08453,1.08527,288
2023-05-15,1.08526,1.08908,1.0848,1.08735,288
2023-05-16,1.08736,1.09046,1.0855,1.08653,288
2023-05-17,1.08653,1.08736,1.08102,1.08378,288
2023-05-18,1.08377,1.08479,1.07624,1.07749,288
2023-05-19,1.07749,1.08287,1.076,1.08019,288
2023-05-20,1.08019,1.08019,1.08019,1.08019,288
2023-05-21,1.08019,1.08241,1.08019,1.08218,288
2023-05-22,1.08219,1.08313,1.07955,1.08104,288
2023-05-23,1.08105,1.08204,1.07601,1.07691,288
2023-05-24,1.0769,1.08012,1.07421,1.07555,288
2023-05-25,1.07556,1.07556,1.07073,1.07234,288
2023-05-26,1.07233,1.07585,1.07018,1.07227,288
2023-05-27,1.07227,1.07227,1.07227,1.07227,288
2023-05-28,1.07227,1.07292,1.07158,1.07214,288
2023-05-29,1.07214,1.07434,1.07054,1.07067,288
2023-05-30,1.07067,1.07465,1.06725,1.07316,288
2023-05-31,1.07316,1.07356,1.06352,1.06933,288
2023-06-01,1.06934,1.07684,1.06617,1.07604,288
2023-06-02,1.07603,1.07789,1.0705,1.07063,288
2023-06-03,1.07063,1.07063,1.07063,1.07063,288
2023-06-04,1.07063,1.07107,1.06937,1.06967,288
2023-06-05,1.0697,1.07224,1.06744,1.07113,288
2023-06-06,1.07112,1.07328,1.06669,1.06984,288
2023-06-07,1.06985,1.07396,1.06682,1.07069,288
2023-06-08,1.0707,1.07869,1.07009,1.07818,288
2023-06-09,1.07819,1.0785,1.07428,1.07456,288
2023-06-10,1.07456,1.07456,1.07456,1.07456,288
2023-06-11,1.07456,1.07515,1.07431,1.07499,288
2023-06-12,1.07499,1.079,1.0733,1.07622,288
2023-06-13,1.07621,1.08234,1.07591,1.07895,288
2023-06-14,1.07896,1.0864,1.07739,1.08427,288
2023-06-15,1.08427,1.09525,1.08036,1.09455,288
2023-06-16,1.09455,1.09704,1.09178,1.09376,288
2023-06-17,1.09376,1.09376,1.09376,1.09376,288
2023-06-18,1.09376,1.09429,1.09301,1.09397,288
2023-06-19,1.09398,1.09462,1.0907,1.09235,288
2023-06-20,1.09234,1.09461,1.08921,1.09198,288
2023-06-21,1.09197,1.09923,1.09058,1.09915,288
2023-06-22,1.09916,1.10122,1.09485,1.09554,288
2023-06-23,1.09555,1.09585,1.08443,1.08905,288
2023-06-24,1.08905,1.08905,1.08905,1.08905,288
2023-06-25,1.08905,1.0907,1.08905,1.09062,288
2023-06-26,1.09064,1.092,1.08873,1.09099,288
2023-06-27,1.09097,1.09766,1.09021,1.09575,288
2023-06-28,1.09574,1.09621,1.08968,1.09151,288
2023-06-29,1.09151,1.09414,1.08601,1.08673,288
2023-06-30,1.08673,1.09317,1.08352,1.09095,288
2023-07-01,1.09095,1.09095,1.09095,1.09095,288
2023-07-02,1.09095,1.0913,1.09064,1.09075,288
2023-07-03,1.09075,1.09339,1.08702,1.09128,288
2023-07-04,1.09127,1.09163,1.08768,1.08824,288
2023-07-05,1.08827,1.09078,1.08509,1.08551,288
2023-07-06,1.08554,1.09006,1.08337,1.08896,288
2023-07-07,1.08895,1.09731,1.08669,1.09646,288
2023-07-08,1.09646,1.09646,1.09646,1.09646,288
2023-07-09,1.09646,1.09697,1.09563,1.09669,288
2023-07-10,1.0967,1.10058,1.09434,1.10052,288
2023-07-11,1.10053,1.10269,1.09768,1.10136,288
2023-07-12,1.10137,1.11405,1.10119,1.11405,288
2023-07-13,1.11406,1.12296,1.11298,1.12234,288
2023-07-14,1.12235,1.12448,1.12041,1.12235,288
2023-07-15,1.12235,1.12235,1.12235,1.12235,288
2023-07-16,1.12235,1.1234,1.12232,1.12273,288
2023-07-17,1.12271,1.12487,1.12033,1.12373,288
2023-07-18,1.12374,1.12756,1.12089,1.12281,288
2023-07-19,1.12282,1.124,1.11742,1.12049,288
2023-07-20,1.12048,1.12291,1.11184,1.11344,288
2023-07-21,1.11345,1.11449,1.11079,1.11244,288
2023-07-22,1.11244,1.11244,1.11244,1.11244,288
2023-07-23,1.11244,1.11321,1.11197,1.11243,288
2023-07-24,1.11244,1.11469,1.10597,1.1063,288
2023-07-25,1.1063,1.10868,1.10207,1.10499,288
2023-07-26,1.105,1.11066,1.10377,1.10779,288
2023-07-27,1.10778,1.11496,1.09658,1.09781,288
2023-07-28,1.0978,1.10475,1.09435,1.10125,288
2023-07-29,1.10125,1.10125,1.10125,1.10125,288
2023-07-30,1.10125,1.10282,1.10095,1.10238,288
2023-07-31,1.10239,1.10458,1.09931,1.09966,288
2023-08-01,1.09967,1.10192,1.09523,1.10075,288
2023-08-02,1.10078,1.1008,1.09178,1.09435,288
2023-08-03,1.09433,1.09628,1.09122,1.0951,288
2023-08-04,1.09509,1.10419,1.09349,1.10029,288
2023-08-05,1.10029,1.10029,1.10029,1.10029,288
2023-08-06,1.10029,1.10151,1.1001,1.10024,288
2023-08-07,1.10024,1.10117,1.09654,1.10026,288
2023-08-08,1.10026,1.10111,1.0929,1.09592,288
2023-08-09,1.09592,1.09953,1.09552,1.09771,288
2023-08-10,1.09771,1.1065,1.09673,1.09815,288
2023-08-11,1.09815,1.10049,1.09429,1.09433,288
2023-08-12,1.09433,1.09433,1.09433,1.09433,288
2023-08-13,1.09433,1.09517,1.09401,1.09432,288
2023-08-14,1.09431,1.096,1.08747,1.09077,288
2023-08-15,1.09076,1.09524,1.08969,1.09038,288
2023-08-16,1.09038,1.09345,1.08714,1.08743,288
2023-08-17,1.08744,1.0918,1.08563,1.08743,288
2023-08-18,1.08742,1.08938,1.0845,1.08678,288
2023-08-19,1.08678,1.08678,1.08678,1.08678,288
2023-08-20,1.08678,1.08785,1.08664,1.08749,288
2023-08-21,1.08747,1.09136,1.08695,1.08975,288
2023-08-22,1.08974,1.09303,1.08329,1.08464,288
2023-08-23,1.08465,1.08713,1.08025,1.08654,288
2023-08-24,1.08655,1.08764,1.07928,1.0799,288
2023-08-25,1.07989,1.08417,1.07658,1.07906,288
2023-08-26,1.07906,1.07906,1.07906,1.07906,288
2023-08-27,1.07906,1.0801,1.07906,1.07968,288
2023-08-28,1.07969,1.08298,1.07961,1.08255,288
2023-08-29,1.08255,1.08919,1.07822,1.08691,288
2023-08-30,1.08691,1.09454,1.08551,1.09294,288
2023-08-31,1.09292,1.09394,1.08347,1.08424,288
2023-09-01,1.08422,1.08819,1.07716,1.07717,288
2023-09-02,1.07717,1.07717,1.07717,1.07717,288
2023-09-03,1.07717,1.07815,1.07716,1.07756,288
2023-09-04,1.07758,1.08087,1.07731,1.07913,288
2023-09-05,1.07912,1.07982,1.07062,1.07244,288
2023-09-06,1.07246,1.07488,1.07025,1.07238,288
2023-09-07,1.07238,1.07317,1.06861,1.06973,288
2023-09-08,1.06975,1.07438,1.06941,1.06974,288
2023-09-09,1.06974,1.06974,1.06974,1.06974,288
2023-09-10,1.06974,1.07204,1.06974,1.07162,288
2023-09-11,1.07165,1.07593,1.07099,1.07476,288
2023-09-12,1.07476,1.07692,1.07055,1.07531,288
2023-09-13,1.0753,1.07648,1.0711,1.07327,288
2023-09-14,1.07327,1.07521,1.06318,1.0635,288
2023-09-15,1.06349,1.06877,1.06332,1.06576,288
2023-09-16,1.06576,1.06576,1.06576,1.06576,288
2023-09-17,1.06576,1.0669,1.06576,1.06679,288
2023-09-18,1.0668,1.06986,1.06546,1.06919,288
2023-09-19,1.06918,1.0718,1.06746,1.06813,288
2023-09-20,1.06814,1.07368,1.06478,1.06498,288
2023-09-21,1.06498,1.06734,1.06167,1.06603,288
2023-09-22,1.06603,1.06716,1.0615,1.06419,288
2023-09-23,1.06419,1.06419,1.06419,1.06419,288
2023-09-24,1.06419,1.06518,1.06419,1.06482,288
2023-09-25,1.06482,1.06555,1.05753,1.05912,288
2023-09-26,1.05912,1.0609,1.0562,1.05691,288
2023-09-27,1.05691,1.0574,1.0488,1.05052,288
2023-09-28,1.05053,1.05788,1.0491,1.05621,288
2023-09-29,1.05622,1.06169,1.05579,1.05694,288
2023-09-30,1.05694,1.05694,1.05694,1.05694,288
2023-10-01,1.05694,1.05721,1.05578,1.0564,288
2023-10-02,1.05641,1.05919,1.04752,1.04798,288
2023-10-03,1.04798,1.04933,1.04483,1.04686,288
2023-10-04,1.04684,1.05321,1.04514,1.05069,288
2023-10-05,1.05068,1.05518,1.05,1.05462,288
2023-10-06,1.05463,1.05999,1.04824,1.05828,288
2023-10-07,1.05828,1.05828,1.05828,1.05828,288
2023-10-08,1.05828,1.05828,1.05494,1.05661,288
2023-10-09,1.05662,1.05796,1.05194,1.05786,288
2023-10-10,1.05788,1.06198,1.05542,1.06042,288
2023-10-11,1.06043,1.06346,1.05806,1.06234,288
2023-10-12,1.06234,1.06397,1.05257,1.05355,288
2023-10-13,1.05358,1.05584,1.04954,1.05073,288
2023-10-14,1.05073,1.05073,1.05073,1.05073,288
2023-10-15,1.05073,1.05253,1.05025,1.0522,288
2023-10-16,1.05221,1.05627,1.05156,1.05543,288
2023-10-17,1.05543,1.05948,1.05328,1.05727,288
2023-10-18,1.05726,1.05941,1.05231,1.05379,288
2023-10-19,1.05381,1.06163,1.05282,1.05863,288
2023-10-20,1.05862,1.06035,1.05649,1.05927,288
2023-10-21,1.05927,1.05927,1.05927,1.05927,288
2023-10-22,1.05927,1.05968,1.05883,1.05896,288
2023-10-23,1.05893,1.06779,1.05714,1.06698,288
2023-10-24,1.06699,1.06942,1.0583,1.05949,288
2023-10-25,1.05952,1.06067,1.05601,1.05661,288
2023-10-26,1.05661,1.05691,1.05221,1.05638,288
2023-10-27,1.05637,1.0597,1.05354,1.05605,288
2023-10-28,1.05605,1.05605,1.05605,1.05605,288
2023-10-29,1.05605,1.05749,1.05588,1.05618,288
2023-10-30,1.05618,1.0625,1.05471,1.06138,288
2023-10-31,1.06139,1.06748,1.05574,1.0578,288
2023-11-01,1.05778,1.05867,1.05167,1.05866,288
2023-11-02,1.05866,1.06675,1.05837,1.06155,288
2023-11-03,1.06158,1.07467,1.06146,1.07295,288
2023-11-04,1.07295,1.07295,1.07295,1.07295,288
2023-11-05,1.07295,1.07334,1.07207,1.07313,288
2023-11-06,1.07316,1.07562,1.07149,1.07182,288
2023-11-07,1.07184,1.07193,1.0664,1.06956,288
2023-11-08,1.06956,1.0716,1.06593,1.07112,288
2023-11-09,1.07113,1.07254,1.06601,1.06669,288
2023-11-10,1.06671,1.06927,1.0656,1.06848,288
2023-11-11,1.06848,1.06848,1.06848,1.06848,288
2023-11-12,1.06848,1.06906,1.06799,1.06905,288
2023-11-13,1.06902,1.07061,1.0665,1.07012,288
2023-11-14,1.07013,1.08875,1.06928,1.08777,288
2023-11-15,1.08776,1.08858,1.08315,1.08541,288
2023-11-16,1.08542,1.08955,1.083,1.08529,288
2023-11-17,1.0853,1.09148,1.08247,1.09138,288
2023-11-18,1.09138,1.09138,1.09138,1.09138,288
2023-11-19,1.09138,1.09138,1.09054,1.09055,288
2023-11-20,1.09054,1.09517,1.08974,1.09446,288
2023-11-21,1.09447,1.09651,1.09001,1.09169,288
2023-11-22,1.0917,1.09229,1.08522,1.08878,288
2023-11-23,1.0888,1.09303,1.0887,1.09038,288
2023-11-24,1.09037,1.09486,1.08949,1.09341,288
2023-11-25,1.09341,1.09341,1.09341,1.09341,288
2023-11-26,1.09341,1.09474,1.09341,1.09396,288
2023-11-27,1.09397,1.09592,1.09251,1.09589,288
2023-11-28,1.09589,1.10088,1.09344,1.10039,288
2023-11-29,1.10041,1.10171,1.09601,1.09732,288
2023-11-30,1.09731,1.09838,1.08794,1.08916,288
2023-12-01,1.08917,1.09127,1.08287,1.08788,288
2023-12-02,1.08788,1.08788,1.08788,1.08788,288
2023-12-03,1.08788,1.08948,1.08766,1.08857,288
2023-12-04,1.08858,1.08865,1.0804,1.08373,288
2023-12-05,1.08373,1.08474,1.07781,1.07932,288
2023-12-06,1.07933,1.08047,1.07586,1.07661,288
2023-12-07,1.07664,1.08175,1.07552,1.07895,288
2023-12-08,1.07896,1.08005,1.07236,1.07592,288
2023-12-09,1.07592,1.07592,1.07592,1.07592,288
2023-12-10,1.07592,1.07676,1.07556,1.07651,288
2023-12-11,1.07653,1.07789,1.07415,1.07653,288
2023-12-12,1.07653,1.08279,1.07612,1.07982,288
2023-12-13,1.07983,1.08965,1.07731,1.08825,288
2023-12-14,1.08826,1.10092,1.08791,1.09932,288
2023-12-15,1.09934,1.10036,1.08885,1.08922,288
2023-12-16,1.08922,1.08922,1.08922,1.08922,288
2023-12-17,1.08922,1.0898,1.0892,1.08948,288
2023-12-18,1.08948,1.09311,1.08939,1.09231,288
2023-12-19,1.09231,1.09873,1.09148,1.09792,288
2023-12-20,1.09793,1.09793,1.09298,1.09432,288
2023-12-21,1.09433,1.10125,1.09352,1.10056,288
2023-12-22,1.10057,1.10401,1.09938,1.10135,288
2023-12-23,1.10135,1.10135,1.10135,1.10135,288
2023-12-24,1.10135,1.10159,1.10108,1.10149,288
2023-12-25,1.10149,1.1023,1.09933,1.10186,288
2023-12-26,1.10187,1.1045,1.10085,1.10422,288
2023-12-27,1.10422,1.11226,1.10286,1.11082,288
2023-12-28,1.11081,1.11394,1.10552,1.10677,288
2023-12-29,1.10678,1.10842,1.10339,1.10374,288
2023-12-30,1.10374,1.10374,1.10374,1.10374,288
2023-12-31,1.10374,1.10374,1.10374,1.10374,288
2024-01-01,1.10374,1.10447,1.10356,1.10365,288
2024-01-02,1.10366,1.10432,1.09375,1.09416,288
2024-01-03,1.09416,1.09654,1.08929,1.09258,288
2024-01-04,1.09259,1.09721,1.0916,1.09462,288
2024-01-05,1.09461,1.09984,1.08767,1.09392,288
2024-01-06,1.09392,1.09392,1.09392,1.09392,288
2024-01-07,1.09392,1.09456,1.09349,1.09415,288
2024-01-08,1.09413,1.09788,1.09226,1.09497,288
2024-01-09,1.09497,1.09663,1.09103,1.09317,288
2024-01-10,1.09316,1.09747,1.09228,1.0974,288
2024-01-11,1.09742,1.1,1.09302,1.09824,288
2024-01-12,1.09823,1.09868,1.09359,1.09483,288
2024-01-13,1.09483,1.09483,1.09483,1.09483,288
2024-01-14,1.09483,1.09502,1.0944,1.09451,288
2024-01-15,1.09451,1.09675,1.09335,1.09449,288
2024-01-16,1.09447,1.09461,1.0862,1.08784,288
2024-01-17,1.08786,1.0886,1.08445,1.0886,288
2024-01-18,1.08861,1.09067,1.08466,1.08799,288
2024-01-19,1.088,1.08983,1.08656,1.0896,288
2024-01-20,1.0896,1.0896,1.0896,1.0896,288
2024-01-21,1.0896,1.08976,1.08878,1.0892,288
2024-01-22,1.0892,1.09094,1.08768,1.08772,288
2024-01-23,1.08776,1.09162,1.08215,1.08572,288
2024-01-24,1.08573,1.09323,1.08514,1.0881,288
2024-01-25,1.08811,1.09018,1.08216,1.08454,288
2024-01-26,1.08455,1.08854,1.08128,1.08504,288
2024-01-27,1.08504,1.08504,1.08504,1.08504,288
2024-01-28,1.08504,1.08504,1.08414,1.08422,288
2024-01-29,1.08423,1.085,1.07958,1.08336,288
2024-01-30,1.08336,1.08573,1.08119,1.08428,288
2024-01-31,1.08429,1.08874,1.07949,1.08039,288
2024-02-01,1.08039,1.08761,1.07799,1.08742,288
2024-02-02,1.08741,1.08974,1.07804,1.07849,288
2024-02-03,1.07849,1.07849,1.07849,1.07849,288
2024-02-04,1.07849,1.07858,1.07698,1.07796,288
2024-02-05,1.07796,1.07861,1.07231,1.0741,288
2024-02-06,1.07409,1.07623,1.07225,1.07566,288
2024-02-07,1.07569,1.07838,1.07556,1.07754,288
2024-02-08,1.07754,1.07889,1.07416,1.07776,288
2024-02-09,1.07775,1.07951,1.07621,1.07821,288
2024-02-10,1.07821,1.07821,1.07821,1.07821,288
2024-02-11,1.07821,1.07983,1.07766,1.07979,288
2024-02-12,1.0798,1.08055,1.07559,1.07717,288
2024-02-13,1.07718,1.07985,1.07005,1.07083,288
2024-02-14,1.07083,1.07344,1.06949,1.07319,288
2024-02-15,1.07321,1.07847,1.07246,1.07726,288
2024-02-16,1.07726,1.07874,1.07319,1.07749,288
2024-02-17,1.07749,1.07749,1.07749,1.07749,288
2024-02-18,1.07749,1.0785,1.07718,1.0784,288
2024-02-19,1.07838,1.07894,1.07621,1.07754,288
2024-02-20,1.07753,1.08387,1.07615,1.08098,288
2024-02-21,1.081,1.08243,1.07899,1.08202,288
2024-02-22,1.08201,1.08882,1.08026,1.08253,288
2024-02-23,1.08253,1.08395,1.08117,1.08174,288
2024-02-24,1.08174,1.08174,1.08174,1.08174,288
2024-02-25,1.08174,1.08322,1.08174,1.0819,288
2024-02-26,1.08188,1.08597,1.08126,1.08503,288
2024-02-27,1.08504,1.08659,1.0833,1.0841,288
2024-02-28,1.08411,1.08458,1.07966,1.08383,288
2024-02-29,1.08384,1.08558,1.07958,1.08055,288
2024-03-01,1.08055,1.08432,1.07981,1.08368,288
2024-03-02,1.08368,1.08368,1.08368,1.08368,288
2024-03-03,1.08368,1.0844,1.0835,1.08416,288
2024-03-04,1.08417,1.08667,1.08377,1.08541,288
2024-03-05,1.0854,1.0876,1.08403,1.08555,288
2024-03-06,1.08554,1.09153,1.08421,1.08995,288
2024-03-07,1.08994,1.09513,1.08678,1.09509,288
2024-03-08,1.0951,1.09812,1.09183,1.09348,288
2024-03-09,1.09348,1.09348,1.09348,1.09348,288
2024-03-10,1.09348,1.09436,1.09348,1.09426,288
2024-03-11,1.09427,1.0948,1.09145,1.09304,288
2024-03-12,1.09306,1.09438,1.09023,1.09267,288
2024-03-13,1.09268,1.09638,1.09201,1.0953,288
2024-03-14,1.09529,1.09547,1.08806,1.08827,288
2024-03-15,1.08828,1.08996,1.0873,1.08869,288
2024-03-16,1.08869,1.08869,1.08869,1.08869,288
2024-03-17,1.08869,1.08911,1.08817,1.08835,288
2024-03-18,1.08836,1.09061,1.08661,1.08732,288
2024-03-19,1.08732,1.08765,1.08347,1.08616,288
2024-03-20,1.08617,1.09374,1.08364,1.09373,288
2024-03-21,1.09373,1.09426,1.08554,1.08618,288
2024-03-22,1.08622,1.08679,1.08017,1.08065,288
2024-03-23,1.08065,1.08065,1.08065,1.08065,288
2024-03-24,1.08065,1.08104,1.08046,1.08071,288
2024-03-25,1.08071,1.08424,1.08021,1.0837,288
2024-03-26,1.0837,1.08643,1.08242,1.08325,288
2024-03-27,1.08326,1.0839,1.08101,1.08123,288
2024-03-28,1.08123,1.08265,1.07751,1.07911,288
2024-03-29,1.07912,1.08051,1.07678,1.07898,288
2024-03-30,1.07898,1.07898,1.07898,1.07898,288
2024-03-31,1.07898,1.07965,1.07848,1.0793,288
2024-04-01,1.07932,1.07987,1.07309,1.07372,288
2024-04-02,1.0737,1.0779,1.07246,1.07679,288
2024-04-03,1.07678,1.08407,1.0764,1.0838,288
2024-04-04,1.0838,1.08765,1.08317,1.08364,288
2024-04-05,1.08363,1.08479,1.07913,1.08352,288
2024-04-06,1.08352,1.08352,1.08352,1.08352,288
2024-04-07,1.08352,1.08379,1.08272,1.08297,288
2024-04-08,1.08297,1.08634,1.08208,1.0862,288
2024-04-09,1.0862,1.0885,1.08477,1.08588,288
2024-04-10,1.08587,1.08665,1.07288,1.0741,288
2024-04-11,1.07411,1.07564,1.06992,1.0726,288
2024-04-12,1.0726,1.07281,1.06226,1.06385,288
2024-04-13,1.06385,1.06385,1.06385,1.06385,288
2024-04-14,1.06385,1.06514,1.06309,1.0646,288
2024-04-15,1.06461,1.06651,1.06202,1.06247,288
2024-04-16,1.06246,1.06535,1.0601,1.0621,288
2024-04-17,1.0621,1.06796,1.0606,1.06689,288
2024-04-18,1.0669,1.069,1.06402,1.06425,288
2024-04-19,1.06424,1.06775,1.06104,1.06526,288
2024-04-20,1.06526,1.06526,1.06526,1.06526,288
2024-04-21,1.06526,1.06614,1.06456,1.06575,288
2024-04-22,1.06577,1.06706,1.06239,1.06537,288
2024-04-23,1.06537,1.07112,1.06385,1.07024,288
2024-04-24,1.07025,1.07142,1.06779,1.06999,288
2024-04-25,1.07001,1.07402,1.06783,1.07267,288
2024-04-26,1.07267,1.07527,1.06738,1.06911,288
2024-04-27,1.06911,1.06911,1.06911,1.06911,288
2024-04-28,1.06911,1.0707,1.06898,1.07069,288
2024-04-29,1.0707,1.07337,1.06902,1.07147,288
2024-04-30,1.07146,1.07353,1.06635,1.06659,288
2024-05-01,1.0666,1.07326,1.06494,1.0717,288
2024-05-02,1.0717,1.07308,1.06742,1.07298,288
2024-05-03,1.073,1.08124,1.07243,1.07594,288
2024-05-04,1.07594,1.07594,1.07594,1.07594,288
2024-05-05,1.07594,1.07646,1.07575,1.07583,288
2024-05-06,1.07582,1.07907,1.07553,1.07672,288
2024-05-07,1.07671,1.07873,1.07473,1.07498,288
2024-05-08,1.07498,1.07574,1.0735,1.07468,288
2024-05-09,1.07468,1.07858,1.07239,1.07817,288
2024-05-10,1.07817,1.079,1.07603,1.07694,288
2024-05-11,1.07694,1.07694,1.07694,1.07694,288
2024-05-12,1.07694,1.07752,1.07663,1.07702,288
2024-05-13,1.07701,1.08068,1.07658,1.0792,288
2024-05-14,1.07922,1.08256,1.07669,1.08138,288
2024-05-15,1.08137,1.08901,1.0813,1.08883,288
2024-05-16,1.08883,1.08949,1.08544,1.08677,288
2024-05-17,1.08679,1.08784,1.08356,1.08674,288
2024-05-18,1.08674,1.08674,1.08674,1.08674,288
2024-05-19,1.08674,1.08741,1.0864,1.08724,288
2024-05-20,1.08725,1.08844,1.0854,1.08602,288
2024-05-21,1.08603,1.08747,1.08425,1.0854,288
2024-05-22,1.08539,1.08633,1.08174,1.0825,288
2024-05-23,1.08251,1.0861,1.08048,1.08116,288
2024-05-24,1.08115,1.08578,1.08054,1.0846,288
2024-05-25,1.0846,1.0846,1.0846,1.0846,288
2024-05-26,1.0846,1.08513,1.0843,1.08466,288
2024-05-27,1.08467,1.08674,1.08405,1.08614,288
2024-05-28,1.08615,1.0889,1.08511,1.08512,288
2024-05-29,1.08512,1.08588,1.07996,1.08011,288
2024-05-30,1.08011,1.08451,1.07883,1.08312,288
2024-05-31,1.08312,1.08822,1.08112,1.0845,288
2024-06-01,1.0845,1.0845,1.0845,1.0845,288
2024-06-02,1.0845,1.08544,1.0845,1.08526,288
2024-06-03,1.08526,1.09098,1.08278,1.09071,288
2024-06-04,1.09072,1.0916,1.0859,1.08817,288
2024-06-05,1.08816,1.08915,1.08544,1.08739,288
2024-06-06,1.08738,1.0902,1.08619,1.08916,288
2024-06-07,1.08915,1.09018,1.07993,1.08017,288
2024-06-08,1.08017,1.08017,1.08017,1.08017,288
2024-06-09,1.08017,1.08017,1.07644,1.07788,288
2024-06-10,1.07788,1.07814,1.07327,1.07633,288
2024-06-11,1.07635,1.07734,1.07194,1.07399,288
2024-06-12,1.07398,1.08521,1.07346,1.08127,288
2024-06-13,1.08126,1.08163,1.07328,1.07374,288
2024-06-14,1.07374,1.07449,1.06676,1.07025,288
2024-06-15,1.07025,1.07025,1.07025,1.07025,288
2024-06-16,1.07025,1.07089,1.06995,1.07025,288
2024-06-17,1.07026,1.0741,1.06863,1.07398,288
2024-06-18,1.074,1.07615,1.07099,1.07386,288
2024-06-19,1.07385,1.07533,1.07248,1.0747,288
2024-06-20,1.07469,1.07483,1.07012,1.07059,288
2024-06-21,1.07059,1.07205,1.0671,1.06918,288
2024-06-22,1.06918,1.06918,1.06918,1.06918,288
2024-06-23,1.06918,1.06955,1.06849,1.06877,288
2024-06-24,1.06878,1.07463,1.06837,1.07322,288
2024-06-25,1.07322,1.07441,1.06906,1.07091,288
2024-06-26,1.0709,1.07179,1.0666,1.06797,288
2024-06-27,1.06798,1.07264,1.0677,1.07076,288
2024-06-28,1.07078,1.07246,1.06852,1.07119,288
2024-06-29,1.07119,1.07119,1.07119,1.07119,288
2024-06-30,1.07119,1.07455,1.07119,1.07349,288
2024-07-01,1.0735,1.07763,1.07197,1.07365,288
2024-07-02,1.07364,1.07491,1.071,1.0748,288
2024-07-03,1.0748,1.08168,1.07363,1.0791,288
2024-07-04,1.0791,1.0814,1.07836,1.08103,288
2024-07-05,1.08105,1.08426,1.07993,1.0837,288
2024-07-06,1.0837,1.0837,1.0837,1.0837,288
2024-07-07,1.0837,1.0837,1.07998,1.08256,288
2024-07-08,1.08255,1.0845,1.08146,1.08305,288
2024-07-09,1.08307,1.08333,1.08054,1.08142,288
2024-07-10,1.08142,1.08365,1.08108,1.08333,288
2024-07-11,1.08332,1.08999,1.08322,1.0874,288
2024-07-12,1.0874,1.09113,1.08617,1.09054,288
2024-07-13,1.09054,1.09054,1.09054,1.09054,288
2024-07-14,1.09054,1.09054,1.08818,1.08856,288
2024-07-15,1.08857,1.09222,1.08833,1.08981,288
2024-07-16,1.0898,1.09054,1.08715,1.0902,288
2024-07-17,1.09019,1.0948,1.0895,1.09402,288
2024-07-18,1.09402,1.09407,1.08935,1.09003,288
2024-07-19,1.09002,1.09003,1.08756,1.08779,288
2024-07-20,1.08779,1.08779,1.08779,1.08779,288
2024-07-21,1.08779,1.09027,1.08779,1.08988,288
2024-07-22,1.08988,1.08998,1.0873,1.08889,288
2024-07-23,1.08888,1.08967,1.08438,1.08496,288
2024-07-24,1.08495,1.08664,1.08256,1.08378,288
2024-07-25,1.08379,1.08699,1.08282,1.08513,288
2024-07-26,1.08514,1.08681,1.0842,1.08547,288
2024-07-27,1.08547,1.08547,1.08547,1.08547,288
2024-07-28,1.08547,1.08599,1.08527,1.08527,288
2024-07-29,1.08524,1.087,1.08028,1.0819,288
2024-07-30,1.08191,1.08356,1.07982,1.08157,288
2024-07-31,1.08156,1.08493,1.08019,1.08238,288
2024-08-01,1.08235,1.08354,1.07774,1.07864,288
2024-08-02,1.07864,1.09265,1.07818,1.09098,288
2024-08-03,1.09098,1.09098,1.09098,1.09098,288
2024-08-04,1.09098,1.09234,1.09028,1.09103,288
2024-08-05,1.09104,1.10088,1.08923,1.09505,288
2024-08-06,1.09506,1.09631,1.09037,1.09259,288
2024-08-07,1.09259,1.09366,1.09053,1.09273,288
2024-08-08,1.09275,1.09451,1.08814,1.09149,288
2024-08-09,1.09147,1.09313,1.0909,1.09167,288
2024-08-10,1.09167,1.09167,1.09167,1.09167,288
2024-08-11,1.09167,1.09196,1.091,1.09127,288
2024-08-12,1.09125,1.09393,1.09116,1.09361,288
2024-08-13,1.0936,1.09996,1.09137,1.09959,288
2024-08-14,1.09958,1.10473,1.09863,1.10116,288
2024-08-15,1.10117,1.10154,1.09495,1.09723,288
2024-08-16,1.09723,1.10296,1.09718,1.10211,288
2024-08-17,1.10211,1.10211,1.10211,1.10211,288
2024-08-18,1.10211,1.1034,1.10211,1.10246,288
2024-08-19,1.10246,1.10875,1.10231,1.10854,288
2024-08-20,1.10855,1.11317,1.10719,1.11275,288
2024-08-21,1.11274,1.1174,1.10992,1.11548,288
2024-08-22,1.11549,1.11646,1.1098,1.1116,288
2024-08-23,1.11159,1.12008,1.11055,1.1191,288
2024-08-24,1.1191,1.1191,1.1191,1.1191,288
2024-08-25,1.1191,1.11948,1.11854,1.11892,288
2024-08-26,1.11892,1.12015,1.115,1.11644,288
2024-08-27,1.11646,1.11905,1.11501,1.11769,288
2024-08-28,1.11769,1.118,1.1105,1.11244,288
2024-08-29,1.11245,1.11399,1.10556,1.108,288
2024-08-30,1.10802,1.1095,1.10438,1.10456,288
2024-08-31,1.10456,1.10456,1.10456,1.10456,288
2024-09-01,1.10456,1.10496,1.1044,1.10446,288
2024-09-02,1.10445,1.10773,1.10419,1.1067,288
2024-09-03,1.10671,1.10702,1.10263,1.10485,288
2024-09-04,1.10485,1.10951,1.104,1.10801,288
2024-09-05,1.108,1.11197,1.10746,1.1111,288
2024-09-06,1.11111,1.11556,1.10656,1.10825,288
2024-09-07,1.10825,1.10825,1.10825,1.10825,288
2024-09-08,1.10825,1.10908,1.10781,1.10867,288
2024-09-09,1.10864,1.1091,1.10331,1.10352,288
2024-09-10,1.10352,1.10496,1.10151,1.102,288
2024-09-11,1.102,1.10549,1.10019,1.10102,288
2024-09-12,1.10101,1.10791,1.10055,1.10789,288
2024-09-13,1.10786,1.11017,1.10721,1.10732,288
2024-09-14,1.10732,1.10732,1.10732,1.10732,288
2024-09-15,1.10732,1.10894,1.10732,1.10873,288
2024-09-16,1.10872,1.11374,1.10867,1.11291,288
2024-09-17,1.11291,1.11461,1.11109,1.1122,288
2024-09-18,1.11221,1.11891,1.10966,1.11139,288
2024-09-19,1.1114,1.11787,1.10683,1.11593,288
2024-09-20,1.11593,1.11818,1.1136,1.11626,288
2024-09-21,1.11626,1.11626,1.11626,1.11626,288
2024-09-22,1.11626,1.11647,1.1158,1.11591,288
2024-09-23,1.11589,1.11672,1.10831,1.11109,288
2024-09-24,1.1111,1.1191,1.11033,1.11909,288
2024-09-25,1.11907,1.1214,1.11215,1.11296,288
2024-09-26,1.11297,1.11893,1.11257,1.11769,288
2024-09-27,1.1177,1.1203,1.11248,1.11619,288
2024-09-28,1.11619,1.11619,1.11619,1.11619,288
2024-09-29,1.11619,1.11723,1.11526,1.11689,288
2024-09-30,1.11688,1.12089,1.11136,1.11365,288
2024-10-01,1.11365,1.11439,1.10458,1.10644,288
2024-10-02,1.10645,1.10828,1.10325,1.10458,288
2024-10-03,1.10459,1.10468,1.10082,1.10351,288
2024-10-04,1.1035,1.10395,1.09512,1.09739,288
2024-10-05,1.09739,1.09739,1.09739,1.09739,288
2024-10-06,1.09739,1.09739,1.0962,1.09705,288
2024-10-07,1.09705,1.09868,1.09542,1.09742,288
2024-10-08,1.09742,1.09971,1.09608,1.09753,288
2024-10-09,1.09754,1.09787,1.09362,1.0941,288
2024-10-10,1.0941,1.09548,1.09,1.09334,288
2024-10-11,1.09335,1.09537,1.0926,1.09353,288
2024-10-12,1.09353,1.09353,1.09353,1.09353,288
2024-10-13,1.09353,1.09353,1.09221,1.0923,288
2024-10-14,1.09231,1.09366,1.08881,1.0909,288
2024-10-15,1.0909,1.09167,1.08819,1.08832,288
2024-10-16,1.08832,1.09014,1.08532,1.08587,288
2024-10-17,1.08588,1.08737,1.0811,1.08291,288
2024-10-18,1.08291,1.08694,1.08274,1.08655,288
2024-10-19,1.08655,1.08655,1.08655,1.08655,288
2024-10-20,1.08655,1.08717,1.08605,1.08681,288
2024-10-21,1.08682,1.08688,1.08111,1.08153,288
2024-10-22,1.08151,1.0838,1.07926,1.07962,288
2024-10-23,1.07962,1.08066,1.07612,1.07803,288
2024-10-24,1.07804,1.08298,1.07706,1.08237,288
2024-10-25,1.08239,1.08392,1.0793,1.07945,288
2024-10-26,1.07945,1.07945,1.07945,1.07945,288
2024-10-27,1.07945,1.08015,1.07866,1.0796,288
2024-10-28,1.0796,1.08276,1.07819,1.08176,288
2024-10-29,1.08175,1.08263,1.07688,1.08197,288
2024-10-30,1.08196,1.08713,1.08079,1.08582,288
2024-10-31,1.08581,1.08881,1.08441,1.08839,288
2024-11-01,1.08838,1.09057,1.08317,1.08327,288
2024-11-02,1.08327,1.08327,1.08327,1.08327,288
2024-11-03,1.08327,1.08811,1.08327,1.08727,288
2024-11-04,1.08728,1.09147,1.08699,1.08735,288
2024-11-05,1.08736,1.09369,1.08724,1.09339,288
2024-11-06,1.09338,1.09339,1.06824,1.07315,288
2024-11-07,1.07316,1.08247,1.07129,1.07954,288
2024-11-08,1.07954,1.07974,1.06868,1.07182,288
2024-11-09,1.07182,1.07182,1.07182,1.07182,288
2024-11-10,1.07182,1.07182,1.07075,1.07132,288
2024-11-11,1.07131,1.07277,1.06286,1.06631,288
2024-11-12,1.0663,1.06631,1.05951,1.06166,288
2024-11-13,1.06166,1.0654,1.05556,1.05657,288
2024-11-14,1.05656,1.05825,1.0496,1.05295,288
2024-11-15,1.05295,1.0593,1.05163,1.05394,288
2024-11-16,1.05394,1.05394,1.05394,1.05394,288
2024-11-17,1.05394,1.05394,1.0528,1.05362,288
2024-11-18,1.05362,1.06071,1.05302,1.05945,288
2024-11-19,1.05945,1.0608,1.05233,1.0607,288
2024-11-20,1.0607,1.06097,1.05068,1.05456,288
2024-11-21,1.05457,1.05548,1.04622,1.0469,288
2024-11-22,1.04689,1.04981,1.03325,1.04193,288
2024-11-23,1.04193,1.04193,1.04193,1.04193,288
2024-11-24,1.04193,1.05013,1.04193,1.04793,288
2024-11-25,1.04792,1.05303,1.04428,1.04437,288
2024-11-26,1.04437,1.05447,1.0425,1.04918,288
2024-11-27,1.04918,1.05876,1.04744,1.05619,288
2024-11-28,1.05619,1.05627,1.05275,1.056,288
2024-11-29,1.05601,1.05971,1.05414,1.05748,288
2024-11-30,1.05748,1.05748,1.05748,1.05748,288
2024-12-01,1.05748,1.05748,1.05336,1.05439,288
2024-12-02,1.05439,1.05463,1.04607,1.05008,288
2024-12-03,1.05008,1.0535,1.04807,1.05099,288
2024-12-04,1.05098,1.05439,1.04723,1.05123,288
2024-12-05,1.05124,1.05896,1.05081,1.05865,288
2024-12-06,1.05864,1.06298,1.05423,1.05673,288
2024-12-07,1.05673,1.05673,1.05673,1.05673,288
2024-12-08,1.05673,1.05692,1.05544,1.05656,288
2024-12-09,1.05657,1.05944,1.0532,1.05541,288
2024-12-10,1.05542,1.0568,1.04984,1.05311,288
2024-12-11,1.05312,1.05393,1.04802,1.05061,288
2024-12-12,1.05061,1.05308,1.04637,1.04736,288
2024-12-13,1.04736,1.05241,1.04531,1.05017,288
2024-12-14,1.05017,1.05017,1.05017,1.05017,288
2024-12-15,1.05017,1.05107,1.04847,1.05096,288
2024-12-16,1.05095,1.05247,1.04745,1.0517,288
2024-12-17,1.0517,1.05343,1.0479,1.04944,288
2024-12-18,1.04943,1.05127,1.03439,1.03506,288
2024-12-19,1.03506,1.04222,1.03504,1.03643,288
2024-12-20,1.03644,1.04474,1.03429,1.04254,288
2024-12-21,1.04254,1.04254,1.04254,1.04254,288
2024-12-22,1.04254,1.04451,1.04254,1.04336,288
2024-12-23,1.04335,1.04452,1.03842,1.0404,288
2024-12-24,1.04041,1.04098,1.03835,1.03952,288
2024-12-25,1.03952,1.04106,1.03951,1.03991,288
2024-12-26,1.0399,1.04301,1.03905,1.04216,288
2024-12-27,1.04216,1.0444,1.04049,1.04225,288
2024-12-28,1.04225,1.04225,1.04225,1.04225,288
2024-12-29,1.04225,1.04346,1.04225,1.04292,288
2024-12-30,1.04297,1.04583,1.03717,1.04056,288
2024-12-31,1.04057,1.04243,1.0344,1.03526,288
2025-01-01,1.03526,1.03577,1.03462,1.03507,288
2025-01-02,1.03508,1.03756,1.02237,1.02678,288
2025-01-03,1.02679,1.03099,1.02646,1.03066,288
2025-01-04,1.03066,1.03066,1.03066,1.03066,288
2025-01-05,1.03066,1.0308,1.02932,1.03051,288
2025-01-06,1.03051,1.04367,1.02955,1.03831,288
2025-01-07,1.03831,1.04343,1.03388,1.03415,288
2025-01-08,1.03416,1.03575,1.02731,1.03132,288
2025-01-09,1.03133,1.03214,1.02836,1.02964,288
2025-01-10,1.02965,1.03118,1.02127,1.024,288
2025-01-11,1.024,1.024,1.024,1.024,288
2025-01-12,1.024,1.02468,1.02357,1.02429,288
2025-01-13,1.0243,1.02774,1.01772,1.02639,288
2025-01-14,1.02637,1.03086,1.02384,1.03062,288
2025-01-15,1.03061,1.03544,1.0259,1.0295,288
2025-01-16,1.0295,1.03149,1.02604,1.03014,288
2025-01-17,1.03012,1.03306,1.02652,1.0271,288
2025-01-18,1.0271,1.0271,1.0271,1.0271,288
2025-01-19,1.0271,1.02812,1.02663,1.02804,288
2025-01-20,1.02805,1.04342,1.02782,1.04208,288
2025-01-21,1.04209,1.04353,1.0342,1.04057,288
2025-01-22,1.04057,1.04573,1.03998,1.04077,288
2025-01-23,1.04076,1.04378,1.03719,1.04156,288
2025-01-24,1.04155,1.05213,1.04115,1.04919,288
2025-01-25,1.04919,1.04919,1.04919,1.04919,288
2025-01-26,1.04919,1.04919,1.04651,1.04673,288
2025-01-27,1.04673,1.0533,1.04283,1.04369,288
2025-01-28,1.04369,1.04564,1.04137,1.04271,288
2025-01-29,1.04272,1.04434,1.03822,1.04245,288
2025-01-30,1.04244,1.04677,1.0385,1.03966,288
2025-01-31,1.03968,1.0434,1.03496,1.03602,288
2025-02-01,1.03602,1.03602,1.03602,1.03602,288
2025-02-02,1.03602,1.03602,1.02324,1.02467,288
2025-02-03,1.02467,1.03503,1.02103,1.03279,288
2025-02-04,1.03279,1.03874,1.02721,1.03712,288
2025-02-05,1.03712,1.04424,1.03696,1.03985,288
2025-02-06,1.03985,1.04053,1.03523,1.0385,288
2025-02-07,1.03849,1.04124,1.03049,1.0326,288
2025-02-08,1.0326,1.0326,1.0326,1.0326,288
2025-02-09,1.0326,1.0326,1.02839,1.03095,288
2025-02-10,1.03096,1.03363,1.02982,1.03005,288
2025-02-11,1.03006,1.03813,1.02919,1.0363,288
2025-02-12,1.03638,1.04298,1.03168,1.0392,288
2025-02-13,1.0392,1.04685,1.03727,1.04614,288
2025-02-14,1.04614,1.0514,1.0447,1.04913,288
2025-02-15,1.04913,1.04913,1.04913,1.04913,288
2025-02-16,1.04913,1.04938,1.04847,1.04883,288
2025-02-17,1.04886,1.05062,1.04667,1.04848,288
2025-02-18,1.04847,1.04862,1.0435,1.04479,288
2025-02-19,1.0448,1.04613,1.04009,1.04206,288
2025-02-20,1.04205,1.05054,1.04185,1.05001,288
2025-02-21,1.04999,1.05047,1.04492,1.0457,288
2025-02-22,1.0457,1.0457,1.0457,1.0457,288
2025-02-23,1.0457,1.04846,1.0457,1.04736,288
2025-02-24,1.04738,1.05282,1.04527,1.04611,288
2025-02-25,1.04611,1.05227,1.0456,1.05204,288
2025-02-26,1.05205,1.05287,1.04747,1.04876,288
2025-02-27,1.04877,1.04893,1.03882,1.03936,288
2025-02-28,1.03936,1.04198,1.03597,1.03747,288
2025-03-01,1.03747,1.03747,1.03747,1.03747,288
2025-03-02,1.03747,1.04208,1.03747,1.04119,288
2025-03-03,1.04119,1.05036,1.03883,1.04851,288
2025-03-04,1.04851,1.06369,1.04708,1.0623,288
2025-03-05,1.0623,1.07965,1.06018,1.07941,288
2025-03-06,1.07942,1.08534,1.07655,1.07871,288
2025-03-07,1.07872,1.08884,1.0781,1.08292,288
2025-03-08,1.08292,1.08292,1.08292,1.08292,288
2025-03-09,1.08292,1.08653,1.08269,1.086,288
2025-03-10,1.08602,1.08744,1.08051,1.0839,288
2025-03-11,1.0839,1.09471,1.08354,1.09136,288
2025-03-12,1.09137,1.09314,1.08755,1.08852,288
2025-03-13,1.08852,1.0897,1.08222,1.08548,288
2025-03-14,1.08543,1.09125,1.08304,1.08765,288
2025-03-15,1.08765,1.08765,1.08765,1.08765,288
2025-03-16,1.08765,1.0885,1.08744,1.08792,288
2025-03-17,1.08794,1.09297,1.08685,1.0918,288
2025-03-18,1.0918,1.09545,1.08924,1.09385,288
2025-03-19,1.09386,1.09449,1.08603,1.09115,288
2025-03-20,1.09116,1.09171,1.08145,1.08532,288
2025-03-21,1.08535,1.08611,1.0797,1.08121,288
2025-03-22,1.08121,1.08121,1.08121,1.08121,288
2025-03-23,1.08121,1.08367,1.08115,1.08358,288
2025-03-24,1.08358,1.08579,1.07813,1.08022,288
2025-03-25,1.08022,1.083,1.07767,1.07888,288
2025-03-26,1.07889,1.08025,1.07328,1.07409,288
2025-03-27,1.07411,1.0821,1.07407,1.08006,288
2025-03-28,1.08005,1.08447,1.07644,1.08237,288
2025-03-29,1.08237,1.08237,1.08237,1.08237,288
2025-03-30,1.08237,1.0829,1.08049,1.08234,288
2025-03-31,1.08235,1.08492,1.07838,1.08173,288
2025-04-01,1.08174,1.08299,1.07782,1.0794,288
2025-04-02,1.07947,1.09242,1.078,1.09041,288
2025-04-03,1.09038,1.11462,1.08795,1.1045,288
2025-04-04,1.10448,1.11076,1.09242,1.09573,288
2025-04-05,1.09573,1.09573,1.09573,1.09573,288
2025-04-06,1.09573,1.10006,1.08792,1.09832,288
2025-04-07,1.09833,1.10498,1.09007,1.09146,288
2025-04-08,1.09147,1.09916,1.08886,1.09773,288
2025-04-09,1.09771,1.10948,1.09132,1.09507,288
2025-04-10,1.09504,1.12623,1.09499,1.12576,288
2025-04-11,1.12574,1.14736,1.12466,1.13554,288
2025-04-12,1.13554,1.13554,1.13554,1.13554,288
2025-04-13,1.13554,1.13554,1.13108,1.1342,288
2025-04-14,1.13419,1.14244,1.12956,1.1336,288
2025-04-15,1.1336,1.13789,1.12639,1.12932,288
2025-04-16,1.1293,1.14127,1.12925,1.13953,288
2025-04-17,1.13955,1.13967,1.13349,1.13715,288
2025-04-18,1.13717,1.13972,1.13578,1.13901,288
2025-04-19,1.13901,1.13901,1.13901,1.13901,288
2025-04-20,1.13901,1.14582,1.13901,1.14488,288
2025-04-21,1.14491,1.15729,1.14488,1.15137,288
2025-04-22,1.15139,1.1547,1.13077,1.13504,288
2025-04-23,1.13502,1.14399,1.13102,1.13292,288
2025-04-24,1.13293,1.13975,1.13212,1.13725,288
2025-04-25,1.13725,1.13885,1.13155,1.13628,288
2025-04-26,1.13628,1.13628,1.13628,1.13628,288
2025-04-27,1.13628,1.13644,1.13398,1.13448,288
2025-04-28,1.13449,1.14248,1.13292,1.14075,288
2025-04-29,1.14076,1.14199,1.137,1.13902,288
2025-04-30,1.13904,1.13994,1.1317,1.13219,288
2025-05-01,1.13221,1.13409,1.12657,1.12955,288
2025-05-02,1.12955,1.13808,1.1274,1.12946,288
2025-05-03,1.12946,1.12946,1.12946,1.12946,288
2025-05-04,1.12946,1.13278,1.12905,1.1321,288
2025-05-05,1.13212,1.13646,1.12969,1.1312,288
2025-05-06,1.13121,1.13808,1.12797,1.13397,288
2025-05-07,1.13396,1.1378,1.12917,1.13027,288
2025-05-08,1.13032,1.13361,1.12118,1.12267,288
2025-05-09,1.12268,1.12928,1.11964,1.1246,288
2025-05-10,1.1246,1.1246,1.1246,1.1246,288
2025-05-11,1.1246,1.1246,1.119,1.12276,288
2025-05-12,1.12281,1.12426,1.10651,1.10953,288
2025-05-13,1.10954,1.11971,1.10948,1.11856,288
2025-05-14,1.11858,1.12655,1.11645,1.11812,288
2025-05-15,1.11811,1.12279,1.117,1.11918,288
2025-05-16,1.11915,1.12195,1.11308,1.11612,288
2025-05-17,1.11612,1.11612,1.11612,1.11612,288
2025-05-18,1.11612,1.11939,1.11612,1.11884,288
2025-05-19,1.11885,1.12879,1.11721,1.12321,288
2025-05-20,1.1232,1.129,1.12178,1.12881,288
2025-05-21,1.12881,1.13628,1.12866,1.13318,288
2025-05-22,1.13318,1.13448,1.12558,1.12819,288
2025-05-23,1.12818,1.13754,1.12787,1.13592,288
2025-05-24,1.13592,1.13592,1.13592,1.13592,288
2025-05-25,1.13592,1.13816,1.13585,1.13744,288
2025-05-26,1.13747,1.14185,1.13688,1.13883,288
2025-05-27,1.13885,1.14071,1.1323,1.13366,288
2025-05-28,1.13367,1.13454,1.12103,1.12296,288
2025-05-29,1.12294,1.13843,1.1223,1.13765,288
2025-05-30,1.13768,1.13897,1.13123,1.13453,288
2025-05-31,1.13453,1.13453,1.13453,1.13453,288
2025-06-01,1.13453,1.13602,1.13435,1.13526,288
2025-06-02,1.13527,1.14538,1.13524,1.14531,288
2025-06-03,1.1453,1.14544,1.13639,1.1384,288
2025-06-04,1.13838,1.14344,1.13568,1.14205,288
2025-06-05,1.14209,1.14948,1.14045,1.14533,288
2025-06-06,1.14532,1.14572,1.13715,1.13935,288
2025-06-07,1.13935,1.13935,1.13935,1.13935,288
2025-06-08,1.13935,1.14111,1.13903,1.14061,288
2025-06-09,1.14063,1.14391,1.13864,1.14261,288
2025-06-10,1.1426,1.14475,1.13729,1.14372,288
2025-06-11,1.14375,1.15129,1.14052,1.15099,288
2025-06-12,1.15102,1.16311,1.15017,1.16084,288
2025-06-13,1.16083,1.16143,1.1489,1.15457,288
2025-06-14,1.15457,1.15457,1.15457,1.15457,288
2025-06-15,1.15457,1.15469,1.15256,1.15376,288
2025-06-16,1.15376,1.16147,1.15238,1.15534,288
2025-06-17,1.15536,1.15796,1.14743,1.14816,288
2025-06-18,1.14817,1.153,1.14608,1.14758,288
2025-06-19,1.14758,1.15125,1.14461,1.15113,288
2025-06-20,1.15112,1.15439,1.1495,1.15189,288
2025-06-21,1.15189,1.15189,1.15189,1.15189,288
2025-06-22,1.15189,1.15189,1.14544,1.14995,288
2025-06-23,1.14995,1.16082,1.14533,1.15979,288
2025-06-24,1.15977,1.16417,1.15798,1.16121,288
2025-06-25,1.1612,1.16845,1.15898,1.16831,288
2025-06-26,1.16832,1.17449,1.16673,1.1693,288
2025-06-27,1.16931,1.17539,1.16837,1.17162,288
2025-06-28,1.17162,1.17162,1.17162,1.17162,288
2025-06-29,1.17162,1.17385,1.17162,1.17263,288
2025-06-30,1.17264,1.17907,1.17075,1.17863,288
2025-07-01,1.17862,1.18298,1.17611,1.1805,288
2025-07-02,1.18048,1.18098,1.17467,1.17985,288
2025-07-03,1.17985,1.181,1.17169,1.17688,288
2025-07-04,1.1769,1.17873,1.17561,1.17719,288
2025-07-05,1.17719,1.17719,1.17719,1.17719,288
2025-07-06,1.17719,1.17825,1.17719,1.178,288
2025-07-07,1.17805,1.17901,1.16868,1.17363,288
2025-07-08,1.17365,1.1765,1.16825,1.17233,288
2025-07-09,1.17233,1.17396,1.16895,1.17378,288
2025-07-10,1.17375,1.17494,1.16623,1.17018,288
2025-07-11,1.17016,1.17138,1.16645,1.16852,288
2025-07-12,1.16852,1.16852,1.16852,1.16852,288
2025-07-13,1.16852,1.16852,1.16611,1.16822,288
2025-07-14,1.16822,1.16978,1.16541,1.1665,288
2025-07-15,1.1665,1.16925,1.15927,1.1607,288
2025-07-16,1.16073,1.17212,1.15623,1.16353,288
2025-07-17,1.16353,1.16361,1.15566,1.1615,288
2025-07-18,1.16151,1.16716,1.16119,1.16207,288
2025-07-19,1.16207,1.16207,1.16207,1.16207,288
2025-07-20,1.16207,1.1634,1.16207,1.16294,288
2025-07-21,1.16296,1.17166,1.16145,1.16945,288
2025-07-22,1.1695,1.17607,1.16788,1.17378,288
2025-07-23,1.17377,1.17789,1.17109,1.17733,288
2025-07-24,1.17732,1.17887,1.17303,1.17545,288
2025-07-25,1.17548,1.17609,1.17028,1.17396,288
2025-07-26,1.17396,1.17396,1.17396,1.17396,288
2025-07-27,1.17396,1.17686,1.17396,1.17554,288
2025-07-28,1.17554,1.177,1.1585,1.15963,288
2025-07-29,1.1596,1.15989,1.15188,1.15506,288
2025-07-30,1.15506,1.15725,1.14008,1.14278,288
2025-07-31,1.14278,1.14606,1.14058,1.14217,288
2025-08-01,1.14217,1.15969,1.13915,1.1583,288
2025-08-02,1.1583,1.1583,1.1583,1.1583,288
2025-08-03,1.1583,1.15963,1.15779,1.15876,288
2025-08-04,1.15876,1.15887,1.15497,1.15838,288
2025-08-05,1.1584,1.15876,1.15277,1.15784,288
2025-08-06,1.15781,1.16683,1.15642,1.1663,288
2025-08-07,1.16628,1.16986,1.16108,1.16768,288
